Year,ID,Method,Scope,Category ,Level 2,Level 3,Level 4,Report Label,UOM,GHG/Unit,GHG Conversion Factor 2025,Valid From,Valid To,Source
2025,1_100_1000_15_1,Activity,Scope 1,Fuels,Gaseous fuels,Butane,,Fuels Gaseous fuels Butane ,tonnes,kg CO2e,3033.38067,01/01/2025,31/12/2025,UK DESNZ activity-based conversion factors 2025
2025,1_100_1000_8_1,Activity,Scope 1,Fuels,Gaseous fuels,Butane,,Fuels Gaseous fuels Butane ,litres,kg CO2e,1.74533,01/01/2025,31/12/2025,UK DESNZ activity-based conversion factors 2025
2025,1_100_1000_7_1,Activity,Scope 1,Fuels,Gaseous fuels,Butane,,Fuels Gaseous fuels Butane ,kWh (Net CV),kg CO2e,0.24107,01/01/2025,31/12/2025,UK DESNZ activity-based conversion factors 2025
2025,1_100_1001_15_1,Activity,Scope 1,Fuels,Gaseous fuels,CNG,,Fuels Gaseous fuels CNG ,tonnes,kg CO2e,2575.46441,01/01/2025,31/12/2025,UK DESNZ activity-based conversion factors 2025
2025,1_100_1001_8_1,Activity,Scope 1,Fuels,Gaseous fuels,CNG,,Fuels Gaseous fuels CNG ,litres,kg CO2e,0.4507,01/01/2025,31/12/2025,UK DESNZ activity-based conversion factors 2025
2025,1_100_1001_7_1,Activity,Scope 1,Fuels,Gaseous fuels,CNG,,Fuels Gaseous fuels CNG ,kWh (Net CV),kg CO2e,0.2027,01/01/2025,31/12/2025,UK DESNZ activity-based conversion factors 2025
2025,1_100_1002_15_1,Activity,Scope 1,Fuels,Gaseous fuels,LNG,,Fuels Gaseous fuels LNG ,tonnes,kg CO2e,2603.30441,01/01/2025,31/12/2025,UK DESNZ activity-based conversion factors 2025
2025,1_100_1002_8_1,Activity,Scope 1,Fuels,Gaseous fuels,LNG,,Fuels Gaseous fuels LNG ,litres,kg CO2e,1.17797,01/01/2025,31/12/2025,UK DESNZ activity-based conversion factors 2025
2025,1_100_1002_7_1,Activity,Scope 1,Fuels,Gaseous fuels,LNG,,Fuels Gaseous fuels LNG ,kWh (Net CV),kg CO2e,0.20489,01/01/2025,31/12/2025,UK DESNZ activity-based conversion factors 2025
2025,1_100_1003_15_1,Activity,Scope 1,Fuels,Gaseous fuels,LPG,,Fuels Gaseous fuels LPG ,tonnes,kg CO2e,2939.36095,01/01/2025,31/12/2025,UK DESNZ activity-based conversion factors 2025
2025,1_100_1003_8_1,Activity,Scope 1,Fuels,Gaseous fuels,LPG,,Fuels Gaseous fuels LPG ,litres,kg CO2e,1.55713,01/01/2025,31/12/2025,UK DESNZ activity-based conversion factors 2025
2025,1_100_1003_7_1,Activity,Scope 1,Fuels,Gaseous fuels,LPG,,Fuels Gaseous fuels LPG ,kWh (Net CV),kg CO2e,0.23032,01/01/2025,31/12/2025,UK DESNZ activity-based conversion factors 2025
2025,1_100_1004_15_1,Activity,Scope 1,Fuels,Gaseous fuels,Natural gas,,Fuels Gaseous fuels Natural gas ,tonnes,kg CO2e,2575.46441,01/01/2025,31/12/2025,UK DESNZ activity-based conversion factors 2025
2025,1_100_1004_1_1,Activity,Scope 1,Fuels,Gaseous fuels,Natural gas,,Fuels Gaseous fuels Natural gas ,cubic metres,kg CO2e,2.06672,01/01/2025,31/12/2025,UK DESNZ activity-based conversion factors 2025
2025,1_100_1004_6_1,Activity,Scope 1,Fuels,Gaseous fuels,Natural gas,,Fuels Gaseous fuels Natural gas ,kWh (Gross CV),kg CO2e,0.18296,01/01/2025,31/12/2025,UK DESNZ activity-based conversion factors 2025
2025,1_100_1004_7_1,Activity,Scope 1,Fuels,Gaseous fuels,Natural gas,,Fuels Gaseous fuels Natural gas ,kWh (Net CV),kg CO2e,0.2027,01/01/2025,31/12/2025,UK DESNZ activity-based conversion factors 2025
2025,1_100_1005_15_1,Activity,Scope 1,Fuels,Gaseous fuels,Natural gas (100% mineral blend),,Fuels Gaseous fuels Natural gas (100% mineral blend) ,tonnes,kg CO2e,2603.30441,01/01/2025,31/12/2025,UK DESNZ activity-based conversion factors 2025
2025,1_100_1005_1_1,Activity,Scope 1,Fuels,Gaseous fuels,Natural gas (100% mineral blend),,Fuels Gaseous fuels Natural gas (100% mineral blend) ,cubic metres,kg CO2e,2.08906,01/01/2025,31/12/2025,UK DESNZ activity-based conversion factors 2025
2025,1_100_1005_7_1,Activity,Scope 1,Fuels,Gaseous fuels,Natural gas (100% mineral blend),,Fuels Gaseous fuels Natural gas (100% mineral blend) ,kWh (Net CV),kg CO2e,0.20489,01/01/2025,31/12/2025,UK DESNZ activity-based conversion factors 2025
2025,1_100_1006_15_1,Activity,Scope 1,Fuels,Gaseous fuels,Other petroleum gas,,Fuels Gaseous fuels Other petroleum gas ,tonnes,kg CO2e,2578.24647,01/01/2025,31/12/2025,UK DESNZ activity-based conversion factors 2025
2025,1_100_1006_8_1,Activity,Scope 1,Fuels,Gaseous fuels,Other petroleum gas,,Fuels Gaseous fuels Other petroleum gas ,litres,kg CO2e,0.94442,01/01/2025,31/12/2025,UK DESNZ activity-based conversion factors 2025
2025,1_100_1006_7_1,Activity,Scope 1,Fuels,Gaseous fuels,Other petroleum gas,,Fuels Gaseous fuels Other petroleum gas ,kWh (Net CV),kg CO2e,0.19917,01/01/2025,31/12/2025,UK DESNZ activity-based conversion factors 2025
2025,1_100_1007_15_1,Activity,Scope 1,Fuels,Gaseous fuels,Propane,,Fuels Gaseous fuels Propane ,tonnes,kg CO2e,2997.63233,01/01/2025,31/12/2025,UK DESNZ activity-based conversion factors 2025
2025,1_100_1007_8_1,Activity,Scope 1,Fuels,Gaseous fuels,Propane,,Fuels Gaseous fuels Propane ,litres,kg CO2e,1.54358,01/01/2025,31/12/2025,UK DESNZ activity-based conversion factors 2025
2025,1_100_1007_7_1,Activity,Scope 1,Fuels,Gaseous fuels,Propane,,Fuels Gaseous fuels Propane ,kWh (Net CV),kg CO2e,0.23258,01/01/2025,31/12/2025,UK DESNZ activity-based conversion factors 2025
2025,1_101_1008_15_1,Activity,Scope 1,Fuels,Liquid fuels,Aviation spirit,,Fuels Liquid fuels Aviation spirit ,tonnes,kg CO2e,3193.6948,01/01/2025,31/12/2025,UK DESNZ activity-based conversion factors 2025
2025,1_101_1008_8_1,Activity,Scope 1,Fuels,Liquid fuels,Aviation spirit,,Fuels Liquid fuels Aviation spirit ,litres,kg CO2e,2.33116,01/01/2025,31/12/2025,UK DESNZ activity-based conversion factors 2025
2025,1_101_1008_7_1,Activity,Scope 1,Fuels,Liquid fuels,Aviation spirit,,Fuels Liquid fuels Aviation spirit ,kWh (Net CV),kg CO2e,0.25666,01/01/2025,31/12/2025,UK DESNZ activity-based conversion factors 2025
2025,1_101_1009_15_1,Activity,Scope 1,Fuels,Liquid fuels,Aviation turbine fuel,,Fuels Liquid fuels Aviation turbine fuel ,tonnes,kg CO2e,3178.3652,01/01/2025,31/12/2025,UK DESNZ activity-based conversion factors 2025
2025,1_101_1009_8_1,Activity,Scope 1,Fuels,Liquid fuels,Aviation turbine fuel,,Fuels Liquid fuels Aviation turbine fuel ,litres,kg CO2e,2.54269,01/01/2025,31/12/2025,UK DESNZ activity-based conversion factors 2025
2025,1_101_1009_7_1,Activity,Scope 1,Fuels,Liquid fuels,Aviation turbine fuel,,Fuels Liquid fuels Aviation turbine fuel ,kWh (Net CV),kg CO2e,0.26061,01/01/2025,31/12/2025,UK DESNZ activity-based conversion factors 2025
2025,1_101_1010_15_1,Activity,Scope 1,Fuels,Liquid fuels,Burning oil,,Fuels Liquid fuels Burning oil ,tonnes,kg CO2e,3165.04181,01/01/2025,31/12/2025,UK DESNZ activity-based conversion factors 2025
2025,1_101_1010_8_1,Activity,Scope 1,Fuels,Liquid fuels,Burning oil,,Fuels Liquid fuels Burning oil ,litres,kg CO2e,2.54016,01/01/2025,31/12/2025,UK DESNZ activity-based conversion factors 2025
2025,1_101_1010_7_1,Activity,Scope 1,Fuels,Liquid fuels,Burning oil,,Fuels Liquid fuels Burning oil ,kWh (Net CV),kg CO2e,0.25975,01/01/2025,31/12/2025,UK DESNZ activity-based conversion factors 2025
2025,1_101_1011_15_1,Activity,Scope 1,Fuels,Liquid fuels,Diesel (average biofuel blend),,Fuels Liquid fuels Diesel (average biofuel blend) ,tonnes,kg CO2e,3087.94462,01/01/2025,31/12/2025,UK DESNZ activity-based conversion factors 2025
2025,1_101_1011_8_1,Activity,Scope 1,Fuels,Liquid fuels,Diesel (average biofuel blend),,Fuels Liquid fuels Diesel (average biofuel blend) ,litres,kg CO2e,2.57082,01/01/2025,31/12/2025,UK DESNZ activity-based conversion factors 2025
2025,1_101_1011_7_1,Activity,Scope 1,Fuels,Liquid fuels,Diesel (average biofuel blend),,Fuels Liquid fuels Diesel (average biofuel blend) ,kWh (Net CV),kg CO2e,0.25953,01/01/2025,31/12/2025,UK DESNZ activity-based conversion factors 2025
2025,1_101_1012_15_1,Activity,Scope 1,Fuels,Liquid fuels,Diesel (100% mineral diesel),,Fuels Liquid fuels Diesel (100% mineral diesel) ,tonnes,kg CO2e,3203.91143,01/01/2025,31/12/2025,UK DESNZ activity-based conversion factors 2025
2025,1_101_1012_8_1,Activity,Scope 1,Fuels,Liquid fuels,Diesel (100% mineral diesel),,Fuels Liquid fuels Diesel (100% mineral diesel) ,litres,kg CO2e,2.66155,01/01/2025,31/12/2025,UK DESNZ activity-based conversion factors 2025
2025,1_101_1012_7_1,Activity,Scope 1,Fuels,Liquid fuels,Diesel (100% mineral diesel),,Fuels Liquid fuels Diesel (100% mineral diesel) ,kWh (Net CV),kg CO2e,0.26808,01/01/2025,31/12/2025,UK DESNZ activity-based conversion factors 2025
2025,1_101_1013_15_1,Activity,Scope 1,Fuels,Liquid fuels,Fuel oil,,Fuels Liquid fuels Fuel oil ,tonnes,kg CO2e,3228.89019,01/01/2025,31/12/2025,UK DESNZ activity-based conversion factors 2025
2025,1_101_1013_8_1,Activity,Scope 1,Fuels,Liquid fuels,Fuel oil,,Fuels Liquid fuels Fuel oil ,litres,kg CO2e,3.17492,01/01/2025,31/12/2025,UK DESNZ activity-based conversion factors 2025
2025,1_101_1013_7_1,Activity,Scope 1,Fuels,Liquid fuels,Fuel oil,,Fuels Liquid fuels Fuel oil ,kWh (Net CV),kg CO2e,0.28523,01/01/2025,31/12/2025,UK DESNZ activity-based conversion factors 2025
2025,1_101_1014_15_1,Activity,Scope 1,Fuels,Liquid fuels,Gas oil,,Fuels Liquid fuels Gas oil ,tonnes,kg CO2e,3226.57859,01/01/2025,31/12/2025,UK DESNZ activity-based conversion factors 2025
2025,1_101_1014_8_1,Activity,Scope 1,Fuels,Liquid fuels,Gas oil,,Fuels Liquid fuels Gas oil ,litres,kg CO2e,2.75541,01/01/2025,31/12/2025,UK DESNZ activity-based conversion factors 2025
2025,1_101_1014_7_1,Activity,Scope 1,Fuels,Liquid fuels,Gas oil,,Fuels Liquid fuels Gas oil ,kWh (Net CV),kg CO2e,0.27288,01/01/2025,31/12/2025,UK DESNZ activity-based conversion factors 2025
2025,1_101_1015_15_1,Activity,Scope 1,Fuels,Liquid fuels,Lubricants,,Fuels Liquid fuels Lubricants ,tonnes,kg CO2e,3180.99992,01/01/2025,31/12/2025,UK DESNZ activity-based conversion factors 2025
2025,1_101_1015_8_1,Activity,Scope 1,Fuels,Liquid fuels,Lubricants,,Fuels Liquid fuels Lubricants ,litres,kg CO2e,2.74934,01/01/2025,31/12/2025,UK DESNZ activity-based conversion factors 2025
2025,1_101_1015_7_1,Activity,Scope 1,Fuels,Liquid fuels,Lubricants,,Fuels Liquid fuels Lubricants ,kWh (Net CV),kg CO2e,0.281,01/01/2025,31/12/2025,UK DESNZ activity-based conversion factors 2025
2025,1_101_1016_15_1,Activity,Scope 1,Fuels,Liquid fuels,Naphtha,,Fuels Liquid fuels Naphtha ,tonnes,kg CO2e,3142.3789,01/01/2025,31/12/2025,UK DESNZ activity-based conversion factors 2025
2025,1_101_1016_8_1,Activity,Scope 1,Fuels,Liquid fuels,Naphtha,,Fuels Liquid fuels Naphtha ,litres,kg CO2e,2.11894,01/01/2025,31/12/2025,UK DESNZ activity-based conversion factors 2025
2025,1_101_1016_7_1,Activity,Scope 1,Fuels,Liquid fuels,Naphtha,,Fuels Liquid fuels Naphtha ,kWh (Net CV),kg CO2e,0.24891,01/01/2025,31/12/2025,UK DESNZ activity-based conversion factors 2025
2025,1_101_1017_15_1,Activity,Scope 1,Fuels,Liquid fuels,Petrol (average biofuel blend),,Fuels Liquid fuels Petrol (average biofuel blend) ,tonnes,kg CO2e,2772.97935,01/01/2025,31/12/2025,UK DESNZ activity-based conversion factors 2025
2025,1_101_1017_8_1,Activity,Scope 1,Fuels,Liquid fuels,Petrol (average biofuel blend),,Fuels Liquid fuels Petrol (average biofuel blend) ,litres,kg CO2e,2.06916,01/01/2025,31/12/2025,UK DESNZ activity-based conversion factors 2025
2025,1_101_1017_7_1,Activity,Scope 1,Fuels,Liquid fuels,Petrol (average biofuel blend),,Fuels Liquid fuels Petrol (average biofuel blend) ,kWh (Net CV),kg CO2e,0.23181,01/01/2025,31/12/2025,UK DESNZ activity-based conversion factors 2025
2025,1_101_1018_15_1,Activity,Scope 1,Fuels,Liquid fuels,Petrol (100% mineral petrol),,Fuels Liquid fuels Petrol (100% mineral petrol) ,tonnes,kg CO2e,3154.08213,01/01/2025,31/12/2025,UK DESNZ activity-based conversion factors 2025
2025,1_101_1018_8_1,Activity,Scope 1,Fuels,Liquid fuels,Petrol (100% mineral petrol),,Fuels Liquid fuels Petrol (100% mineral petrol) ,litres,kg CO2e,2.33984,01/01/2025,31/12/2025,UK DESNZ activity-based conversion factors 2025
2025,1_101_1018_7_1,Activity,Scope 1,Fuels,Liquid fuels,Petrol (100% mineral petrol),,Fuels Liquid fuels Petrol (100% mineral petrol) ,kWh (Net CV),kg CO2e,0.25431,01/01/2025,31/12/2025,UK DESNZ activity-based conversion factors 2025
2025,1_101_1019_15_1,Activity,Scope 1,Fuels,Liquid fuels,Processed fuel oils - residual oil,,Fuels Liquid fuels Processed fuel oils - residual oil ,tonnes,kg CO2e,3228.89019,01/01/2025,31/12/2025,UK DESNZ activity-based conversion factors 2025
2025,1_101_1019_8_1,Activity,Scope 1,Fuels,Liquid fuels,Processed fuel oils - residual oil,,Fuels Liquid fuels Processed fuel oils - residual oil ,litres,kg CO2e,3.17492,01/01/2025,31/12/2025,UK DESNZ activity-based conversion factors 2025
2025,1_101_1019_7_1,Activity,Scope 1,Fuels,Liquid fuels,Processed fuel oils - residual oil,,Fuels Liquid fuels Processed fuel oils - residual oil ,kWh (Net CV),kg CO2e,0.28523,01/01/2025,31/12/2025,UK DESNZ activity-based conversion factors 2025
2025,1_101_1020_15_1,Activity,Scope 1,Fuels,Liquid fuels,Processed fuel oils - distillate oil,,Fuels Liquid fuels Processed fuel oils - distillate oil ,tonnes,kg CO2e,3226.57859,01/01/2025,31/12/2025,UK DESNZ activity-based conversion factors 2025
2025,1_101_1020_8_1,Activity,Scope 1,Fuels,Liquid fuels,Processed fuel oils - distillate oil,,Fuels Liquid fuels Processed fuel oils - distillate oil ,litres,kg CO2e,2.75541,01/01/2025,31/12/2025,UK DESNZ activity-based conversion factors 2025
2025,1_101_1020_7_1,Activity,Scope 1,Fuels,Liquid fuels,Processed fuel oils - distillate oil,,Fuels Liquid fuels Processed fuel oils - distillate oil ,kWh (Net CV),kg CO2e,0.27288,01/01/2025,31/12/2025,UK DESNZ activity-based conversion factors 2025
2025,1_101_1021_15_1,Activity,Scope 1,Fuels,Liquid fuels,Refinery miscellaneous,,Fuels Liquid fuels Refinery miscellaneous ,tonnes,kg CO2e,2944.32093,01/01/2025,31/12/2025,UK DESNZ activity-based conversion factors 2025
2025,1_101_1021_7_1,Activity,Scope 1,Fuels,Liquid fuels,Refinery miscellaneous,,Fuels Liquid fuels Refinery miscellaneous ,kWh (Net CV),kg CO2e,0.25961,01/01/2025,31/12/2025,UK DESNZ activity-based conversion factors 2025
2025,1_101_1022_15_1,Activity,Scope 1,Fuels,Liquid fuels,Waste oils,,Fuels Liquid fuels Waste oils ,tonnes,kg CO2e,3219.37916,01/01/2025,31/12/2025,UK DESNZ activity-based conversion factors 2025
2025,1_101_1022_8_1,Activity,Scope 1,Fuels,Liquid fuels,Waste oils,,Fuels Liquid fuels Waste oils ,litres,kg CO2e,2.74924,01/01/2025,31/12/2025,UK DESNZ activity-based conversion factors 2025
2025,1_101_1022_7_1,Activity,Scope 1,Fuels,Liquid fuels,Waste oils,,Fuels Liquid fuels Waste oils ,kWh (Net CV),kg CO2e,0.27459,01/01/2025,31/12/2025,UK DESNZ activity-based conversion factors 2025
2025,1_101_1023_15_1,Activity,Scope 1,Fuels,Liquid fuels,Marine gas oil,,Fuels Liquid fuels Marine gas oil ,tonnes,kg CO2e,3245.30441,01/01/2025,31/12/2025,UK DESNZ activity-based conversion factors 2025
2025,1_101_1023_8_1,Activity,Scope 1,Fuels,Liquid fuels,Marine gas oil,,Fuels Liquid fuels Marine gas oil ,litres,kg CO2e,2.77139,01/01/2025,31/12/2025,UK DESNZ activity-based conversion factors 2025
2025,1_101_1023_7_1,Activity,Scope 1,Fuels,Liquid fuels,Marine gas oil,,Fuels Liquid fuels Marine gas oil ,kWh (Net CV),kg CO2e,0.27445,01/01/2025,31/12/2025,UK DESNZ activity-based conversion factors 2025
2025,1_101_1024_15_1,Activity,Scope 1,Fuels,Liquid fuels,Marine fuel oil,,Fuels Liquid fuels Marine fuel oil ,tonnes,kg CO2e,3154.75334,01/01/2025,31/12/2025,UK DESNZ activity-based conversion factors 2025
2025,1_101_1024_8_1,Activity,Scope 1,Fuels,Liquid fuels,Marine fuel oil,,Fuels Liquid fuels Marine fuel oil ,litres,kg CO2e,3.10202,01/01/2025,31/12/2025,UK DESNZ activity-based conversion factors 2025
2025,1_101_1024_7_1,Activity,Scope 1,Fuels,Liquid fuels,Marine fuel oil,,Fuels Liquid fuels Marine fuel oil ,kWh (Net CV),kg CO2e,0.27869,01/01/2025,31/12/2025,UK DESNZ activity-based conversion factors 2025
2025,1_102_1025_15_1,Activity,Scope 1,Fuels,Solid fuels,Coal (industrial),,Fuels Solid fuels Coal (industrial) ,tonnes,kg CO2e,2395.28994,01/01/2025,31/12/2025,UK DESNZ activity-based conversion factors 2025
2025,1_102_1025_7_1,Activity,Scope 1,Fuels,Solid fuels,Coal (industrial),,Fuels Solid fuels Coal (industrial) ,kWh (Net CV),kg CO2e,0.33944,01/01/2025,31/12/2025,UK DESNZ activity-based conversion factors 2025
2025,1_102_1026_15_1,Activity,Scope 1,Fuels,Solid fuels,Coal (electricity generation),,Fuels Solid fuels Coal (electricity generation) ,tonnes,kg CO2e,2225.22448,01/01/2025,31/12/2025,UK DESNZ activity-based conversion factors 2025
2025,1_102_1026_7_1,Activity,Scope 1,Fuels,Solid fuels,Coal (electricity generation),,Fuels Solid fuels Coal (electricity generation) ,kWh (Net CV),kg CO2e,0.33621,01/01/2025,31/12/2025,UK DESNZ activity-based conversion factors 2025
2025,1_102_1027_15_1,Activity,Scope 1,Fuels,Solid fuels,Coal (domestic),,Fuels Solid fuels Coal (domestic) ,tonnes,kg CO2e,2904.95234,01/01/2025,31/12/2025,UK DESNZ activity-based conversion factors 2025
2025,1_102_1027_7_1,Activity,Scope 1,Fuels,Solid fuels,Coal (domestic),,Fuels Solid fuels Coal (domestic) ,kWh (Net CV),kg CO2e,0.36549,01/01/2025,31/12/2025,UK DESNZ activity-based conversion factors 2025
2025,1_102_1028_15_1,Activity,Scope 1,Fuels,Solid fuels,Coking coal,,Fuels Solid fuels Coking coal ,tonnes,kg CO2e,3164.65002,01/01/2025,31/12/2025,UK DESNZ activity-based conversion factors 2025
2025,1_102_1028_7_1,Activity,Scope 1,Fuels,Solid fuels,Coking coal,,Fuels Solid fuels Coking coal ,kWh (Net CV),kg CO2e,0.37675,01/01/2025,31/12/2025,UK DESNZ activity-based conversion factors 2025
2025,1_102_1029_15_1,Activity,Scope 1,Fuels,Solid fuels,Petroleum coke,,Fuels Solid fuels Petroleum coke ,tonnes,kg CO2e,3386.57168,01/01/2025,31/12/2025,UK DESNZ activity-based conversion factors 2025
2025,1_102_1029_7_1,Activity,Scope 1,Fuels,Solid fuels,Petroleum coke,,Fuels Solid fuels Petroleum coke ,kWh (Net CV),kg CO2e,0.35887,01/01/2025,31/12/2025,UK DESNZ activity-based conversion factors 2025
2025,1_102_1030_15_1,Activity,Scope 1,Fuels,Solid fuels,Coal (electricity generation - home produced coal only),,Fuels Solid fuels Coal (electricity generation - home produced coal only) ,tonnes,kg CO2e,2221.7467,01/01/2025,31/12/2025,UK DESNZ activity-based conversion factors 2025
2025,1_102_1030_7_1,Activity,Scope 1,Fuels,Solid fuels,Coal (electricity generation - home produced coal only),,Fuels Solid fuels Coal (electricity generation - home produced coal only) ,kWh (Net CV),kg CO2e,0.33621,01/01/2025,31/12/2025,UK DESNZ activity-based conversion factors 2025
2025,2_103_1031_8_1,Activity,Scope 1,Bioenergy,Biofuel,Bioethanol,,Bioenergy Biofuel Bioethanol ,litres,kg CO2e,0.00901,01/01/2025,31/12/2025,UK DESNZ activity-based conversion factors 2025
2025,2_103_1031_3_1,Activity,Scope 1,Bioenergy,Biofuel,Bioethanol,,Bioenergy Biofuel Bioethanol ,kg,kg CO2e,0.01135,01/01/2025,31/12/2025,UK DESNZ activity-based conversion factors 2025
2025,2_103_1032_8_1,Activity,Scope 1,Bioenergy,Biofuel,Biodiesel ME,,Bioenergy Biofuel Biodiesel ME ,litres,kg CO2e,0.16751,01/01/2025,31/12/2025,UK DESNZ activity-based conversion factors 2025
2025,2_103_1032_3_1,Activity,Scope 1,Bioenergy,Biofuel,Biodiesel ME,,Bioenergy Biofuel Biodiesel ME ,kg,kg CO2e,0.18822,01/01/2025,31/12/2025,UK DESNZ activity-based conversion factors 2025
2025,2_103_1033_3_1,Activity,Scope 1,Bioenergy,Biofuel,Biomethane (compressed),,Bioenergy Biofuel Biomethane (compressed) ,kg,kg CO2e,0.00521,01/01/2025,31/12/2025,UK DESNZ activity-based conversion factors 2025
2025,2_103_1034_8_1,Activity,Scope 1,Bioenergy,Biofuel,Biodiesel ME (from used cooking oil),,Bioenergy Biofuel Biodiesel ME (from used cooking oil) ,litres,kg CO2e,0.16751,01/01/2025,31/12/2025,UK DESNZ activity-based conversion factors 2025
2025,2_103_1034_3_1,Activity,Scope 1,Bioenergy,Biofuel,Biodiesel ME (from used cooking oil),,Bioenergy Biofuel Biodiesel ME (from used cooking oil) ,kg,kg CO2e,0.18822,01/01/2025,31/12/2025,UK DESNZ activity-based conversion factors 2025
2025,2_103_1035_8_1,Activity,Scope 1,Bioenergy,Biofuel,Biodiesel ME (from tallow),,Bioenergy Biofuel Biodiesel ME (from tallow) ,litres,kg CO2e,0.16751,01/01/2025,31/12/2025,UK DESNZ activity-based conversion factors 2025
2025,2_103_1035_3_1,Activity,Scope 1,Bioenergy,Biofuel,Biodiesel ME (from tallow),,Bioenergy Biofuel Biodiesel ME (from tallow) ,kg,kg CO2e,0.18822,01/01/2025,31/12/2025,UK DESNZ activity-based conversion factors 2025
2025,2_103_1036_8_1,Activity,Scope 1,Bioenergy,Biofuel,Biodiesel HVO,,Bioenergy Biofuel Biodiesel HVO ,litres,kg CO2e,0.03558,01/01/2025,31/12/2025,UK DESNZ activity-based conversion factors 2025
2025,2_103_1036_3_1,Activity,Scope 1,Bioenergy,Biofuel,Biodiesel HVO,,Bioenergy Biofuel Biodiesel HVO ,kg,kg CO2e,0.04562,01/01/2025,31/12/2025,UK DESNZ activity-based conversion factors 2025
2025,2_103_1037_8_1,Activity,Scope 1,Bioenergy,Biofuel,Biopropane,,Bioenergy Biofuel Biopropane ,litres,kg CO2e,0.00213,01/01/2025,31/12/2025,UK DESNZ activity-based conversion factors 2025
2025,2_103_1037_3_1,Activity,Scope 1,Bioenergy,Biofuel,Biopropane,,Bioenergy Biofuel Biopropane ,kg,kg CO2e,0.00415,01/01/2025,31/12/2025,UK DESNZ activity-based conversion factors 2025
2025,2_103_1038_8_1,Activity,Scope 1,Bioenergy,Biofuel,Development diesel,,Bioenergy Biofuel Development diesel ,litres,kg CO2e,0.03705,01/01/2025,31/12/2025,UK DESNZ activity-based conversion factors 2025
2025,2_103_1038_3_1,Activity,Scope 1,Bioenergy,Biofuel,Development diesel,,Bioenergy Biofuel Development diesel ,kg,kg CO2e,0.04461,01/01/2025,31/12/2025,UK DESNZ activity-based conversion factors 2025
2025,2_103_1039_8_1,Activity,Scope 1,Bioenergy,Biofuel,Development petrol,,Bioenergy Biofuel Development petrol ,litres,kg CO2e,0.01402,01/01/2025,31/12/2025,UK DESNZ activity-based conversion factors 2025
2025,2_103_1039_3_1,Activity,Scope 1,Bioenergy,Biofuel,Development petrol,,Bioenergy Biofuel Development petrol ,kg,kg CO2e,0.0189,01/01/2025,31/12/2025,UK DESNZ activity-based conversion factors 2025
2025,2_103_1040_8_1,Activity,Scope 1,Bioenergy,Biofuel,Off road biodiesel,,Bioenergy Biofuel Off road biodiesel ,litres,kg CO2e,0.16751,01/01/2025,31/12/2025,UK DESNZ activity-based conversion factors 2025
2025,2_103_1040_3_1,Activity,Scope 1,Bioenergy,Biofuel,Off road biodiesel,,Bioenergy Biofuel Off road biodiesel ,kg,kg CO2e,0.18822,01/01/2025,31/12/2025,UK DESNZ activity-based conversion factors 2025
2025,2_103_1041_3_1,Activity,Scope 1,Bioenergy,Biofuel,Biomethane (liquified),,Bioenergy Biofuel Biomethane (liquified) ,kg,kg CO2e,0.00521,01/01/2025,31/12/2025,UK DESNZ activity-based conversion factors 2025
2025,2_103_1042_8_1,Activity,Scope 1,Bioenergy,Biofuel,Methanol (bio),,Bioenergy Biofuel Methanol (bio) ,litres,kg CO2e,0.00669,01/01/2025,31/12/2025,UK DESNZ activity-based conversion factors 2025
2025,2_103_1042_3_1,Activity,Scope 1,Bioenergy,Biofuel,Methanol (bio),,Bioenergy Biofuel Methanol (bio) ,kg,kg CO2e,0.00844,01/01/2025,31/12/2025,UK DESNZ activity-based conversion factors 2025
2025,2_103_1049_8_1,Activity,Scope 1,Bioenergy,Biofuel,Avtur (renewable),,Bioenergy Biofuel Avtur (renewable) ,litres,kg CO2e,0.02531,01/01/2025,31/12/2025,UK DESNZ activity-based conversion factors 2025
2025,2_103_1049_3_1,Activity,Scope 1,Bioenergy,Biofuel,Avtur (renewable),,Bioenergy Biofuel Avtur (renewable) ,kg,kg CO2e,0.03179,01/01/2025,31/12/2025,UK DESNZ activity-based conversion factors 2025
2025,2_104_1043_15_1,Activity,Scope 1,Bioenergy,Biomass,Wood logs,,Bioenergy Biomass Wood logs ,tonnes,kg CO2e,46.98508,01/01/2025,31/12/2025,UK DESNZ activity-based conversion factors 2025
2025,2_104_1043_5_1,Activity,Scope 1,Bioenergy,Biomass,Wood logs,,Bioenergy Biomass Wood logs ,kWh,kg CO2e,0.0115,01/01/2025,31/12/2025,UK DESNZ activity-based conversion factors 2025
2025,2_104_1044_15_1,Activity,Scope 1,Bioenergy,Biomass,Wood chips,,Bioenergy Biomass Wood chips ,tonnes,kg CO2e,43.43964,01/01/2025,31/12/2025,UK DESNZ activity-based conversion factors 2025
2025,2_104_1044_5_1,Activity,Scope 1,Bioenergy,Biomass,Wood chips,,Bioenergy Biomass Wood chips ,kWh,kg CO2e,0.0115,01/01/2025,31/12/2025,UK DESNZ activity-based conversion factors 2025
2025,2_104_1045_15_1,Activity,Scope 1,Bioenergy,Biomass,Wood pellets,,Bioenergy Biomass Wood pellets ,tonnes,kg CO2e,55.19389,01/01/2025,31/12/2025,UK DESNZ activity-based conversion factors 2025
2025,2_104_1045_5_1,Activity,Scope 1,Bioenergy,Biomass,Wood pellets,,Bioenergy Biomass Wood pellets ,kWh,kg CO2e,0.0115,01/01/2025,31/12/2025,UK DESNZ activity-based conversion factors 2025
2025,2_104_1046_15_1,Activity,Scope 1,Bioenergy,Biomass,Grass/straw,,Bioenergy Biomass Grass/straw ,tonnes,kg CO2e,47.35709,01/01/2025,31/12/2025,UK DESNZ activity-based conversion factors 2025
2025,2_104_1046_5_1,Activity,Scope 1,Bioenergy,Biomass,Grass/straw,,Bioenergy Biomass Grass/straw ,kWh,kg CO2e,0.01273,01/01/2025,31/12/2025,UK DESNZ activity-based conversion factors 2025
2025,2_105_1047_15_1,Activity,Scope 1,Bioenergy,Biogas,Biogas,,Bioenergy Biogas Biogas ,tonnes,kg CO2e,1.24314,01/01/2025,31/12/2025,UK DESNZ activity-based conversion factors 2025
2025,2_105_1047_5_1,Activity,Scope 1,Bioenergy,Biogas,Biogas,,Bioenergy Biogas Biogas ,kWh,kg CO2e,0.00022,01/01/2025,31/12/2025,UK DESNZ activity-based conversion factors 2025
2025,2_105_1048_15_1,Activity,Scope 1,Bioenergy,Biogas,Landfill gas,,Bioenergy Biogas Landfill gas ,tonnes,kg CO2e,0.69696,01/01/2025,31/12/2025,UK DESNZ activity-based conversion factors 2025
2025,2_105_1048_5_1,Activity,Scope 1,Bioenergy,Biogas,Landfill gas,,Bioenergy Biogas Landfill gas ,kWh,kg CO2e,0.0002,01/01/2025,31/12/2025,UK DESNZ activity-based conversion factors 2025
2025,3_200_2000_3_1,Activity,Scope 1,Refrigerant & other,Kyoto protocol products,Carbon dioxide,,Refrigerant & other Kyoto protocol products Carbon dioxide ,kg,kg CO2e,1,01/01/2025,31/12/2025,UK DESNZ activity-based conversion factors 2025
2025,3_200_2002_3_1,Activity,Scope 1,Refrigerant & other,Kyoto protocol products,Carbon dioxide,,Refrigerant & other Kyoto protocol products Carbon dioxide ,kg,kg CO2e,1,01/01/2025,31/12/2025,UK DESNZ activity-based conversion factors 2025
2025,3_200_2003_3_1,Activity,Scope 1,Refrigerant & other,Kyoto protocol products,Methane,,Refrigerant & other Kyoto protocol products Methane ,kg,kg CO2e,28,01/01/2025,31/12/2025,UK DESNZ activity-based conversion factors 2025
2025,3_200_2005_3_1,Activity,Scope 1,Refrigerant & other,Kyoto protocol products,Methane,,Refrigerant & other Kyoto protocol products Methane ,kg,kg CO2e,28,01/01/2025,31/12/2025,UK DESNZ activity-based conversion factors 2025
2025,3_200_2006_3_1,Activity,Scope 1,Refrigerant & other,Kyoto protocol products,Nitrous oxide,,Refrigerant & other Kyoto protocol products Nitrous oxide ,kg,kg CO2e,265,01/01/2025,31/12/2025,UK DESNZ activity-based conversion factors 2025
2025,3_200_2008_3_1,Activity,Scope 1,Refrigerant & other,Kyoto protocol products,Nitrous oxide,,Refrigerant & other Kyoto protocol products Nitrous oxide ,kg,kg CO2e,265,01/01/2025,31/12/2025,UK DESNZ activity-based conversion factors 2025
2025,3_200_2009_3_1,Activity,Scope 1,Refrigerant & other,Kyoto protocol products,HFC-23,,Refrigerant & other Kyoto protocol products HFC-23 ,kg,kg CO2e,12400,01/01/2025,31/12/2025,UK DESNZ activity-based conversion factors 2025
2025,3_200_2011_3_1,Activity,Scope 1,Refrigerant & other,Kyoto protocol products,HFC-23,,Refrigerant & other Kyoto protocol products HFC-23 ,kg,kg CO2e,12400,01/01/2025,31/12/2025,UK DESNZ activity-based conversion factors 2025
2025,3_200_2012_3_1,Activity,Scope 1,Refrigerant & other,Kyoto protocol products,HFC-32,,Refrigerant & other Kyoto protocol products HFC-32 ,kg,kg CO2e,677,01/01/2025,31/12/2025,UK DESNZ activity-based conversion factors 2025
2025,3_200_2014_3_1,Activity,Scope 1,Refrigerant & other,Kyoto protocol products,HFC-32,,Refrigerant & other Kyoto protocol products HFC-32 ,kg,kg CO2e,677,01/01/2025,31/12/2025,UK DESNZ activity-based conversion factors 2025
2025,3_200_2015_3_1,Activity,Scope 1,Refrigerant & other,Kyoto protocol products,HFC-41,,Refrigerant & other Kyoto protocol products HFC-41 ,kg,kg CO2e,116,01/01/2025,31/12/2025,UK DESNZ activity-based conversion factors 2025
2025,3_200_2017_3_1,Activity,Scope 1,Refrigerant & other,Kyoto protocol products,HFC-41,,Refrigerant & other Kyoto protocol products HFC-41 ,kg,kg CO2e,116,01/01/2025,31/12/2025,UK DESNZ activity-based conversion factors 2025
2025,3_200_2018_3_1,Activity,Scope 1,Refrigerant & other,Kyoto protocol products,HFC-125,,Refrigerant & other Kyoto protocol products HFC-125 ,kg,kg CO2e,3170,01/01/2025,31/12/2025,UK DESNZ activity-based conversion factors 2025
2025,3_200_2020_3_1,Activity,Scope 1,Refrigerant & other,Kyoto protocol products,HFC-125,,Refrigerant & other Kyoto protocol products HFC-125 ,kg,kg CO2e,3170,01/01/2025,31/12/2025,UK DESNZ activity-based conversion factors 2025
2025,3_200_2021_3_1,Activity,Scope 1,Refrigerant & other,Kyoto protocol products,HFC-134,,Refrigerant & other Kyoto protocol products HFC-134 ,kg,kg CO2e,1120,01/01/2025,31/12/2025,UK DESNZ activity-based conversion factors 2025
2025,3_200_2023_3_1,Activity,Scope 1,Refrigerant & other,Kyoto protocol products,HFC-134,,Refrigerant & other Kyoto protocol products HFC-134 ,kg,kg CO2e,1120,01/01/2025,31/12/2025,UK DESNZ activity-based conversion factors 2025
2025,3_200_2024_3_1,Activity,Scope 1,Refrigerant & other,Kyoto protocol products,HFC-134a,,Refrigerant & other Kyoto protocol products HFC-134a ,kg,kg CO2e,1300,01/01/2025,31/12/2025,UK DESNZ activity-based conversion factors 2025
2025,3_200_2026_3_1,Activity,Scope 1,Refrigerant & other,Kyoto protocol products,HFC-134a,,Refrigerant & other Kyoto protocol products HFC-134a ,kg,kg CO2e,1300,01/01/2025,31/12/2025,UK DESNZ activity-based conversion factors 2025
2025,3_200_2027_3_1,Activity,Scope 1,Refrigerant & other,Kyoto protocol products,HFC-143,,Refrigerant & other Kyoto protocol products HFC-143 ,kg,kg CO2e,328,01/01/2025,31/12/2025,UK DESNZ activity-based conversion factors 2025
2025,3_200_2029_3_1,Activity,Scope 1,Refrigerant & other,Kyoto protocol products,HFC-143,,Refrigerant & other Kyoto protocol products HFC-143 ,kg,kg CO2e,328,01/01/2025,31/12/2025,UK DESNZ activity-based conversion factors 2025
2025,3_200_2030_3_1,Activity,Scope 1,Refrigerant & other,Kyoto protocol products,HFC-143a,,Refrigerant & other Kyoto protocol products HFC-143a ,kg,kg CO2e,4800,01/01/2025,31/12/2025,UK DESNZ activity-based conversion factors 2025
2025,3_200_2032_3_1,Activity,Scope 1,Refrigerant & other,Kyoto protocol products,HFC-143a,,Refrigerant & other Kyoto protocol products HFC-143a ,kg,kg CO2e,4800,01/01/2025,31/12/2025,UK DESNZ activity-based conversion factors 2025
2025,3_200_2033_3_1,Activity,Scope 1,Refrigerant & other,Kyoto protocol products,HFC-152a,,Refrigerant & other Kyoto protocol products HFC-152a ,kg,kg CO2e,138,01/01/2025,31/12/2025,UK DESNZ activity-based conversion factors 2025
2025,3_200_2035_3_1,Activity,Scope 1,Refrigerant & other,Kyoto protocol products,HFC-152a,,Refrigerant & other Kyoto protocol products HFC-152a ,kg,kg CO2e,138,01/01/2025,31/12/2025,UK DESNZ activity-based conversion factors 2025
2025,3_200_2036_3_1,Activity,Scope 1,Refrigerant & other,Kyoto protocol products,HFC-227ea,,Refrigerant & other Kyoto protocol products HFC-227ea ,kg,kg CO2e,3350,01/01/2025,31/12/2025,UK DESNZ activity-based conversion factors 2025
2025,3_200_2038_3_1,Activity,Scope 1,Refrigerant & other,Kyoto protocol products,HFC-227ea,,Refrigerant & other Kyoto protocol products HFC-227ea ,kg,kg CO2e,3350,01/01/2025,31/12/2025,UK DESNZ activity-based conversion factors 2025
2025,3_200_2039_3_1,Activity,Scope 1,Refrigerant & other,Kyoto protocol products,HFC-236fa,,Refrigerant & other Kyoto protocol products HFC-236fa ,kg,kg CO2e,8060,01/01/2025,31/12/2025,UK DESNZ activity-based conversion factors 2025
2025,3_200_2041_3_1,Activity,Scope 1,Refrigerant & other,Kyoto protocol products,HFC-236fa,,Refrigerant & other Kyoto protocol products HFC-236fa ,kg,kg CO2e,8060,01/01/2025,31/12/2025,UK DESNZ activity-based conversion factors 2025
2025,3_200_2042_3_1,Activity,Scope 1,Refrigerant & other,Kyoto protocol products,HFC-245fa,,Refrigerant & other Kyoto protocol products HFC-245fa ,kg,kg CO2e,858,01/01/2025,31/12/2025,UK DESNZ activity-based conversion factors 2025
2025,3_200_2044_3_1,Activity,Scope 1,Refrigerant & other,Kyoto protocol products,HFC-245fa,,Refrigerant & other Kyoto protocol products HFC-245fa ,kg,kg CO2e,858,01/01/2025,31/12/2025,UK DESNZ activity-based conversion factors 2025
2025,3_200_2045_3_1,Activity,Scope 1,Refrigerant & other,Kyoto protocol products,HFC-43-I0mee,,Refrigerant & other Kyoto protocol products HFC-43-I0mee ,kg,kg CO2e,1650,01/01/2025,31/12/2025,UK DESNZ activity-based conversion factors 2025
2025,3_200_2047_3_1,Activity,Scope 1,Refrigerant & other,Kyoto protocol products,HFC-43-I0mee,,Refrigerant & other Kyoto protocol products HFC-43-I0mee ,kg,kg CO2e,1650,01/01/2025,31/12/2025,UK DESNZ activity-based conversion factors 2025
2025,3_200_2048_3_1,Activity,Scope 1,Refrigerant & other,Kyoto protocol products,Perfluoromethane (PFC-14),,Refrigerant & other Kyoto protocol products Perfluoromethane (PFC-14) ,kg,kg CO2e,6630,01/01/2025,31/12/2025,UK DESNZ activity-based conversion factors 2025
2025,3_200_2050_3_1,Activity,Scope 1,Refrigerant & other,Kyoto protocol products,Perfluoromethane (PFC-14),,Refrigerant & other Kyoto protocol products Perfluoromethane (PFC-14) ,kg,kg CO2e,6630,01/01/2025,31/12/2025,UK DESNZ activity-based conversion factors 2025
2025,3_200_2051_3_1,Activity,Scope 1,Refrigerant & other,Kyoto protocol products,Perfluoroethane (PFC-116),,Refrigerant & other Kyoto protocol products Perfluoroethane (PFC-116) ,kg,kg CO2e,11100,01/01/2025,31/12/2025,UK DESNZ activity-based conversion factors 2025
2025,3_200_2053_3_1,Activity,Scope 1,Refrigerant & other,Kyoto protocol products,Perfluoroethane (PFC-116),,Refrigerant & other Kyoto protocol products Perfluoroethane (PFC-116) ,kg,kg CO2e,11100,01/01/2025,31/12/2025,UK DESNZ activity-based conversion factors 2025
2025,3_200_2054_3_1,Activity,Scope 1,Refrigerant & other,Kyoto protocol products,Perfluoropropane (PFC-218),,Refrigerant & other Kyoto protocol products Perfluoropropane (PFC-218) ,kg,kg CO2e,8900,01/01/2025,31/12/2025,UK DESNZ activity-based conversion factors 2025
2025,3_200_2056_3_1,Activity,Scope 1,Refrigerant & other,Kyoto protocol products,Perfluoropropane (PFC-218),,Refrigerant & other Kyoto protocol products Perfluoropropane (PFC-218) ,kg,kg CO2e,8900,01/01/2025,31/12/2025,UK DESNZ activity-based conversion factors 2025
2025,3_200_2057_3_1,Activity,Scope 1,Refrigerant & other,Kyoto protocol products,Perfluorocyclobutane (PFC-318),,Refrigerant & other Kyoto protocol products Perfluorocyclobutane (PFC-318) ,kg,kg CO2e,9540,01/01/2025,31/12/2025,UK DESNZ activity-based conversion factors 2025
2025,3_200_2059_3_1,Activity,Scope 1,Refrigerant & other,Kyoto protocol products,Perfluorocyclobutane (PFC-318),,Refrigerant & other Kyoto protocol products Perfluorocyclobutane (PFC-318) ,kg,kg CO2e,9540,01/01/2025,31/12/2025,UK DESNZ activity-based conversion factors 2025
2025,3_200_2060_3_1,Activity,Scope 1,Refrigerant & other,Kyoto protocol products,Perfluorobutane (PFC-3-1-10),,Refrigerant & other Kyoto protocol products Perfluorobutane (PFC-3-1-10) ,kg,kg CO2e,9200,01/01/2025,31/12/2025,UK DESNZ activity-based conversion factors 2025
2025,3_200_2062_3_1,Activity,Scope 1,Refrigerant & other,Kyoto protocol products,Perfluorobutane (PFC-3-1-10),,Refrigerant & other Kyoto protocol products Perfluorobutane (PFC-3-1-10) ,kg,kg CO2e,9200,01/01/2025,31/12/2025,UK DESNZ activity-based conversion factors 2025
2025,3_200_2063_3_1,Activity,Scope 1,Refrigerant & other,Kyoto protocol products,Perfluoropentane (PFC-4-1-12),,Refrigerant & other Kyoto protocol products Perfluoropentane (PFC-4-1-12) ,kg,kg CO2e,8550,01/01/2025,31/12/2025,UK DESNZ activity-based conversion factors 2025
2025,3_200_2065_3_1,Activity,Scope 1,Refrigerant & other,Kyoto protocol products,Perfluoropentane (PFC-4-1-12),,Refrigerant & other Kyoto protocol products Perfluoropentane (PFC-4-1-12) ,kg,kg CO2e,8550,01/01/2025,31/12/2025,UK DESNZ activity-based conversion factors 2025
2025,3_200_2066_3_1,Activity,Scope 1,Refrigerant & other,Kyoto protocol products,Perfluorohexane (PFC-5-1-14),,Refrigerant & other Kyoto protocol products Perfluorohexane (PFC-5-1-14) ,kg,kg CO2e,7910,01/01/2025,31/12/2025,UK DESNZ activity-based conversion factors 2025
2025,3_200_2068_3_1,Activity,Scope 1,Refrigerant & other,Kyoto protocol products,Perfluorohexane (PFC-5-1-14),,Refrigerant & other Kyoto protocol products Perfluorohexane (PFC-5-1-14) ,kg,kg CO2e,7910,01/01/2025,31/12/2025,UK DESNZ activity-based conversion factors 2025
2025,3_200_2069_3_1,Activity,Scope 1,Refrigerant & other,Kyoto protocol products,PFC-9-1-18,,Refrigerant & other Kyoto protocol products PFC-9-1-18 ,kg,kg CO2e,7190,01/01/2025,31/12/2025,UK DESNZ activity-based conversion factors 2025
2025,3_200_2071_3_1,Activity,Scope 1,Refrigerant & other,Kyoto protocol products,PFC-9-1-18,,Refrigerant & other Kyoto protocol products PFC-9-1-18 ,kg,kg CO2e,7190,01/01/2025,31/12/2025,UK DESNZ activity-based conversion factors 2025
2025,3_200_2072_3_1,Activity,Scope 1,Refrigerant & other,Kyoto protocol products,Perfluorocyclopropane,,Refrigerant & other Kyoto protocol products Perfluorocyclopropane ,kg,kg CO2e,9200,01/01/2025,31/12/2025,UK DESNZ activity-based conversion factors 2025
2025,3_200_2074_3_1,Activity,Scope 1,Refrigerant & other,Kyoto protocol products,Perfluorocyclopropane,,Refrigerant & other Kyoto protocol products Perfluorocyclopropane ,kg,kg CO2e,9200,01/01/2025,31/12/2025,UK DESNZ activity-based conversion factors 2025
2025,3_200_2075_3_1,Activity,Scope 1,Refrigerant & other,Kyoto protocol products,Sulphur hexafluoride (SF6),,Refrigerant & other Kyoto protocol products Sulphur hexafluoride (SF6) ,kg,kg CO2e,23500,01/01/2025,31/12/2025,UK DESNZ activity-based conversion factors 2025
2025,3_200_2077_3_1,Activity,Scope 1,Refrigerant & other,Kyoto protocol products,Sulphur hexafluoride (SF6),,Refrigerant & other Kyoto protocol products Sulphur hexafluoride (SF6) ,kg,kg CO2e,23500,01/01/2025,31/12/2025,UK DESNZ activity-based conversion factors 2025
2025,3_200_2078_3_1,Activity,Scope 1,Refrigerant & other,Kyoto protocol products,HFC-152,,Refrigerant & other Kyoto protocol products HFC-152 ,kg,kg CO2e,16,01/01/2025,31/12/2025,UK DESNZ activity-based conversion factors 2025
2025,3_200_2080_3_1,Activity,Scope 1,Refrigerant & other,Kyoto protocol products,HFC-152,,Refrigerant & other Kyoto protocol products HFC-152 ,kg,kg CO2e,16,01/01/2025,31/12/2025,UK DESNZ activity-based conversion factors 2025
2025,3_200_2081_3_1,Activity,Scope 1,Refrigerant & other,Kyoto protocol products,HFC-161,,Refrigerant & other Kyoto protocol products HFC-161 ,kg,kg CO2e,4,01/01/2025,31/12/2025,UK DESNZ activity-based conversion factors 2025
2025,3_200_2083_3_1,Activity,Scope 1,Refrigerant & other,Kyoto protocol products,HFC-161,,Refrigerant & other Kyoto protocol products HFC-161 ,kg,kg CO2e,4,01/01/2025,31/12/2025,UK DESNZ activity-based conversion factors 2025
2025,3_200_2084_3_1,Activity,Scope 1,Refrigerant & other,Kyoto protocol products,HFC-236cb,,Refrigerant & other Kyoto protocol products HFC-236cb ,kg,kg CO2e,1210,01/01/2025,31/12/2025,UK DESNZ activity-based conversion factors 2025
2025,3_200_2086_3_1,Activity,Scope 1,Refrigerant & other,Kyoto protocol products,HFC-236cb,,Refrigerant & other Kyoto protocol products HFC-236cb ,kg,kg CO2e,1210,01/01/2025,31/12/2025,UK DESNZ activity-based conversion factors 2025
2025,3_200_2087_3_1,Activity,Scope 1,Refrigerant & other,Kyoto protocol products,HFC-236ea,,Refrigerant & other Kyoto protocol products HFC-236ea ,kg,kg CO2e,1330,01/01/2025,31/12/2025,UK DESNZ activity-based conversion factors 2025
2025,3_200_2089_3_1,Activity,Scope 1,Refrigerant & other,Kyoto protocol products,HFC-236ea,,Refrigerant & other Kyoto protocol products HFC-236ea ,kg,kg CO2e,1330,01/01/2025,31/12/2025,UK DESNZ activity-based conversion factors 2025
2025,3_200_2090_3_1,Activity,Scope 1,Refrigerant & other,Kyoto protocol products,HFC-245ca,,Refrigerant & other Kyoto protocol products HFC-245ca ,kg,kg CO2e,716,01/01/2025,31/12/2025,UK DESNZ activity-based conversion factors 2025
2025,3_200_2092_3_1,Activity,Scope 1,Refrigerant & other,Kyoto protocol products,HFC-245ca,,Refrigerant & other Kyoto protocol products HFC-245ca ,kg,kg CO2e,716,01/01/2025,31/12/2025,UK DESNZ activity-based conversion factors 2025
2025,3_200_2093_3_1,Activity,Scope 1,Refrigerant & other,Kyoto protocol products,HFC-365mfc,,Refrigerant & other Kyoto protocol products HFC-365mfc ,kg,kg CO2e,804,01/01/2025,31/12/2025,UK DESNZ activity-based conversion factors 2025
2025,3_200_2095_3_1,Activity,Scope 1,Refrigerant & other,Kyoto protocol products,HFC-365mfc,,Refrigerant & other Kyoto protocol products HFC-365mfc ,kg,kg CO2e,804,01/01/2025,31/12/2025,UK DESNZ activity-based conversion factors 2025
2025,3_200_2096_3_1,Activity,Scope 1,Refrigerant & other,Kyoto protocol products,Nitrogen trifluoride,,Refrigerant & other Kyoto protocol products Nitrogen trifluoride ,kg,kg CO2e,16100,01/01/2025,31/12/2025,UK DESNZ activity-based conversion factors 2025
2025,3_200_2098_3_1,Activity,Scope 1,Refrigerant & other,Kyoto protocol products,Nitrogen trifluoride,,Refrigerant & other Kyoto protocol products Nitrogen trifluoride ,kg,kg CO2e,16100,01/01/2025,31/12/2025,UK DESNZ activity-based conversion factors 2025
2025,3_201_2099_3_1,Activity,Scope 1,Refrigerant & other,Blends,R401A,,Refrigerant & other Blends R401A ,kg,kg CO2e,18,01/01/2025,31/12/2025,UK DESNZ activity-based conversion factors 2025
2025,3_201_2100_3_1,Activity,Scope 1,Refrigerant & other,Blends,R401A,,Refrigerant & other Blends R401A ,kg,kg CO2e,1112,01/01/2025,31/12/2025,UK DESNZ activity-based conversion factors 2025
2025,3_201_2101_3_1,Activity,Scope 1,Refrigerant & other,Blends,R401A,,Refrigerant & other Blends R401A ,kg,kg CO2e,1130,01/01/2025,31/12/2025,UK DESNZ activity-based conversion factors 2025
2025,3_201_2102_3_1,Activity,Scope 1,Refrigerant & other,Blends,R401B,,Refrigerant & other Blends R401B ,kg,kg CO2e,15,01/01/2025,31/12/2025,UK DESNZ activity-based conversion factors 2025
2025,3_201_2103_3_1,Activity,Scope 1,Refrigerant & other,Blends,R401B,,Refrigerant & other Blends R401B ,kg,kg CO2e,1221,01/01/2025,31/12/2025,UK DESNZ activity-based conversion factors 2025
2025,3_201_2104_3_1,Activity,Scope 1,Refrigerant & other,Blends,R401B,,Refrigerant & other Blends R401B ,kg,kg CO2e,1236,01/01/2025,31/12/2025,UK DESNZ activity-based conversion factors 2025
2025,3_201_2105_3_1,Activity,Scope 1,Refrigerant & other,Blends,R401C,,Refrigerant & other Blends R401C ,kg,kg CO2e,21,01/01/2025,31/12/2025,UK DESNZ activity-based conversion factors 2025
2025,3_201_2106_3_1,Activity,Scope 1,Refrigerant & other,Blends,R401C,,Refrigerant & other Blends R401C ,kg,kg CO2e,855,01/01/2025,31/12/2025,UK DESNZ activity-based conversion factors 2025
2025,3_201_2107_3_1,Activity,Scope 1,Refrigerant & other,Blends,R401C,,Refrigerant & other Blends R401C ,kg,kg CO2e,876,01/01/2025,31/12/2025,UK DESNZ activity-based conversion factors 2025
2025,3_201_2108_3_1,Activity,Scope 1,Refrigerant & other,Blends,R402A,,Refrigerant & other Blends R402A ,kg,kg CO2e,1902,01/01/2025,31/12/2025,UK DESNZ activity-based conversion factors 2025
2025,3_201_2109_3_1,Activity,Scope 1,Refrigerant & other,Blends,R402A,,Refrigerant & other Blends R402A ,kg,kg CO2e,669,01/01/2025,31/12/2025,UK DESNZ activity-based conversion factors 2025
2025,3_201_2110_3_1,Activity,Scope 1,Refrigerant & other,Blends,R402A,,Refrigerant & other Blends R402A ,kg,kg CO2e,2571,01/01/2025,31/12/2025,UK DESNZ activity-based conversion factors 2025
2025,3_201_2111_3_1,Activity,Scope 1,Refrigerant & other,Blends,R402B,,Refrigerant & other Blends R402B ,kg,kg CO2e,1205,01/01/2025,31/12/2025,UK DESNZ activity-based conversion factors 2025
2025,3_201_2112_3_1,Activity,Scope 1,Refrigerant & other,Blends,R402B,,Refrigerant & other Blends R402B ,kg,kg CO2e,1056,01/01/2025,31/12/2025,UK DESNZ activity-based conversion factors 2025
2025,3_201_2113_3_1,Activity,Scope 1,Refrigerant & other,Blends,R402B,,Refrigerant & other Blends R402B ,kg,kg CO2e,2261,01/01/2025,31/12/2025,UK DESNZ activity-based conversion factors 2025
2025,3_201_2114_3_1,Activity,Scope 1,Refrigerant & other,Blends,R403A,,Refrigerant & other Blends R403A ,kg,kg CO2e,1780,01/01/2025,31/12/2025,UK DESNZ activity-based conversion factors 2025
2025,3_201_2115_3_1,Activity,Scope 1,Refrigerant & other,Blends,R403A,,Refrigerant & other Blends R403A ,kg,kg CO2e,1320,01/01/2025,31/12/2025,UK DESNZ activity-based conversion factors 2025
2025,3_201_2116_3_1,Activity,Scope 1,Refrigerant & other,Blends,R403A,,Refrigerant & other Blends R403A ,kg,kg CO2e,3100,01/01/2025,31/12/2025,UK DESNZ activity-based conversion factors 2025
2025,3_201_2117_3_1,Activity,Scope 1,Refrigerant & other,Blends,R403B,,Refrigerant & other Blends R403B ,kg,kg CO2e,3471,01/01/2025,31/12/2025,UK DESNZ activity-based conversion factors 2025
2025,3_201_2118_3_1,Activity,Scope 1,Refrigerant & other,Blends,R403B,,Refrigerant & other Blends R403B ,kg,kg CO2e,986,01/01/2025,31/12/2025,UK DESNZ activity-based conversion factors 2025
2025,3_201_2119_3_1,Activity,Scope 1,Refrigerant & other,Blends,R403B,,Refrigerant & other Blends R403B ,kg,kg CO2e,4457,01/01/2025,31/12/2025,UK DESNZ activity-based conversion factors 2025
2025,3_201_2120_3_1,Activity,Scope 1,Refrigerant & other,Blends,R404A,,Refrigerant & other Blends R404A ,kg,kg CO2e,3943,01/01/2025,31/12/2025,UK DESNZ activity-based conversion factors 2025
2025,3_201_2122_3_1,Activity,Scope 1,Refrigerant & other,Blends,R404A,,Refrigerant & other Blends R404A ,kg,kg CO2e,3943,01/01/2025,31/12/2025,UK DESNZ activity-based conversion factors 2025
2025,3_201_2123_3_1,Activity,Scope 1,Refrigerant & other,Blends,R405A,,Refrigerant & other Blends R405A ,kg,kg CO2e,3920,01/01/2025,31/12/2025,UK DESNZ activity-based conversion factors 2025
2025,3_201_2124_3_1,Activity,Scope 1,Refrigerant & other,Blends,R405A,,Refrigerant & other Blends R405A ,kg,kg CO2e,901,01/01/2025,31/12/2025,UK DESNZ activity-based conversion factors 2025
2025,3_201_2125_3_1,Activity,Scope 1,Refrigerant & other,Blends,R405A,,Refrigerant & other Blends R405A ,kg,kg CO2e,4821,01/01/2025,31/12/2025,UK DESNZ activity-based conversion factors 2025
2025,3_201_2127_3_1,Activity,Scope 1,Refrigerant & other,Blends,R406A,,Refrigerant & other Blends R406A ,kg,kg CO2e,1780,01/01/2025,31/12/2025,UK DESNZ activity-based conversion factors 2025
2025,3_201_2128_3_1,Activity,Scope 1,Refrigerant & other,Blends,R406A,,Refrigerant & other Blends R406A ,kg,kg CO2e,1780,01/01/2025,31/12/2025,UK DESNZ activity-based conversion factors 2025
2025,3_201_2129_3_1,Activity,Scope 1,Refrigerant & other,Blends,R407A,,Refrigerant & other Blends R407A ,kg,kg CO2e,1923,01/01/2025,31/12/2025,UK DESNZ activity-based conversion factors 2025
2025,3_201_2131_3_1,Activity,Scope 1,Refrigerant & other,Blends,R407A,,Refrigerant & other Blends R407A ,kg,kg CO2e,1923,01/01/2025,31/12/2025,UK DESNZ activity-based conversion factors 2025
2025,3_201_2132_3_1,Activity,Scope 1,Refrigerant & other,Blends,R407B,,Refrigerant & other Blends R407B ,kg,kg CO2e,2547,01/01/2025,31/12/2025,UK DESNZ activity-based conversion factors 2025
2025,3_201_2134_3_1,Activity,Scope 1,Refrigerant & other,Blends,R407B,,Refrigerant & other Blends R407B ,kg,kg CO2e,2547,01/01/2025,31/12/2025,UK DESNZ activity-based conversion factors 2025
2025,3_201_2135_3_1,Activity,Scope 1,Refrigerant & other,Blends,R407C,,Refrigerant & other Blends R407C ,kg,kg CO2e,1624,01/01/2025,31/12/2025,UK DESNZ activity-based conversion factors 2025
2025,3_201_2137_3_1,Activity,Scope 1,Refrigerant & other,Blends,R407C,,Refrigerant & other Blends R407C ,kg,kg CO2e,1624,01/01/2025,31/12/2025,UK DESNZ activity-based conversion factors 2025
2025,3_201_2138_3_1,Activity,Scope 1,Refrigerant & other,Blends,R407D,,Refrigerant & other Blends R407D ,kg,kg CO2e,1487,01/01/2025,31/12/2025,UK DESNZ activity-based conversion factors 2025
2025,3_201_2140_3_1,Activity,Scope 1,Refrigerant & other,Blends,R407D,,Refrigerant & other Blends R407D ,kg,kg CO2e,1487,01/01/2025,31/12/2025,UK DESNZ activity-based conversion factors 2025
2025,3_201_2141_3_1,Activity,Scope 1,Refrigerant & other,Blends,R407E,,Refrigerant & other Blends R407E ,kg,kg CO2e,1425,01/01/2025,31/12/2025,UK DESNZ activity-based conversion factors 2025
2025,3_201_2143_3_1,Activity,Scope 1,Refrigerant & other,Blends,R407E,,Refrigerant & other Blends R407E ,kg,kg CO2e,1425,01/01/2025,31/12/2025,UK DESNZ activity-based conversion factors 2025
2025,3_201_2144_3_1,Activity,Scope 1,Refrigerant & other,Blends,R407F,,Refrigerant & other Blends R407F ,kg,kg CO2e,1674,01/01/2025,31/12/2025,UK DESNZ activity-based conversion factors 2025
2025,3_201_2146_3_1,Activity,Scope 1,Refrigerant & other,Blends,R407F,,Refrigerant & other Blends R407F ,kg,kg CO2e,1674,01/01/2025,31/12/2025,UK DESNZ activity-based conversion factors 2025
2025,3_201_2147_3_1,Activity,Scope 1,Refrigerant & other,Blends,R408A,,Refrigerant & other Blends R408A ,kg,kg CO2e,2430,01/01/2025,31/12/2025,UK DESNZ activity-based conversion factors 2025
2025,3_201_2148_3_1,Activity,Scope 1,Refrigerant & other,Blends,R408A,,Refrigerant & other Blends R408A ,kg,kg CO2e,827,01/01/2025,31/12/2025,UK DESNZ activity-based conversion factors 2025
2025,3_201_2149_3_1,Activity,Scope 1,Refrigerant & other,Blends,R408A,,Refrigerant & other Blends R408A ,kg,kg CO2e,3257,01/01/2025,31/12/2025,UK DESNZ activity-based conversion factors 2025
2025,3_201_2151_3_1,Activity,Scope 1,Refrigerant & other,Blends,R409A,,Refrigerant & other Blends R409A ,kg,kg CO2e,1485,01/01/2025,31/12/2025,UK DESNZ activity-based conversion factors 2025
2025,3_201_2152_3_1,Activity,Scope 1,Refrigerant & other,Blends,R409A,,Refrigerant & other Blends R409A ,kg,kg CO2e,1485,01/01/2025,31/12/2025,UK DESNZ activity-based conversion factors 2025
2025,3_201_2154_3_1,Activity,Scope 1,Refrigerant & other,Blends,R409B,,Refrigerant & other Blends R409B ,kg,kg CO2e,1474,01/01/2025,31/12/2025,UK DESNZ activity-based conversion factors 2025
2025,3_201_2155_3_1,Activity,Scope 1,Refrigerant & other,Blends,R409B,,Refrigerant & other Blends R409B ,kg,kg CO2e,1474,01/01/2025,31/12/2025,UK DESNZ activity-based conversion factors 2025
2025,3_201_2156_3_1,Activity,Scope 1,Refrigerant & other,Blends,R410A,,Refrigerant & other Blends R410A ,kg,kg CO2e,1924,01/01/2025,31/12/2025,UK DESNZ activity-based conversion factors 2025
2025,3_201_2158_3_1,Activity,Scope 1,Refrigerant & other,Blends,R410A,,Refrigerant & other Blends R410A ,kg,kg CO2e,1924,01/01/2025,31/12/2025,UK DESNZ activity-based conversion factors 2025
2025,3_201_2159_3_1,Activity,Scope 1,Refrigerant & other,Blends,R410B,,Refrigerant & other Blends R410B ,kg,kg CO2e,2048,01/01/2025,31/12/2025,UK DESNZ activity-based conversion factors 2025
2025,3_201_2161_3_1,Activity,Scope 1,Refrigerant & other,Blends,R410B,,Refrigerant & other Blends R410B ,kg,kg CO2e,2048,01/01/2025,31/12/2025,UK DESNZ activity-based conversion factors 2025
2025,3_201_2162_3_1,Activity,Scope 1,Refrigerant & other,Blends,R411A,,Refrigerant & other Blends R411A ,kg,kg CO2e,15,01/01/2025,31/12/2025,UK DESNZ activity-based conversion factors 2025
2025,3_201_2163_3_1,Activity,Scope 1,Refrigerant & other,Blends,R411A,,Refrigerant & other Blends R411A ,kg,kg CO2e,1540,01/01/2025,31/12/2025,UK DESNZ activity-based conversion factors 2025
2025,3_201_2164_3_1,Activity,Scope 1,Refrigerant & other,Blends,R411A,,Refrigerant & other Blends R411A ,kg,kg CO2e,1555,01/01/2025,31/12/2025,UK DESNZ activity-based conversion factors 2025
2025,3_201_2165_3_1,Activity,Scope 1,Refrigerant & other,Blends,R411B,,Refrigerant & other Blends R411B ,kg,kg CO2e,4,01/01/2025,31/12/2025,UK DESNZ activity-based conversion factors 2025
2025,3_201_2166_3_1,Activity,Scope 1,Refrigerant & other,Blends,R411B,,Refrigerant & other Blends R411B ,kg,kg CO2e,1654,01/01/2025,31/12/2025,UK DESNZ activity-based conversion factors 2025
2025,3_201_2167_3_1,Activity,Scope 1,Refrigerant & other,Blends,R411B,,Refrigerant & other Blends R411B ,kg,kg CO2e,1659,01/01/2025,31/12/2025,UK DESNZ activity-based conversion factors 2025
2025,3_201_2168_3_1,Activity,Scope 1,Refrigerant & other,Blends,R412A,,Refrigerant & other Blends R412A ,kg,kg CO2e,445,01/01/2025,31/12/2025,UK DESNZ activity-based conversion factors 2025
2025,3_201_2169_3_1,Activity,Scope 1,Refrigerant & other,Blends,R412A,,Refrigerant & other Blends R412A ,kg,kg CO2e,1727,01/01/2025,31/12/2025,UK DESNZ activity-based conversion factors 2025
2025,3_201_2170_3_1,Activity,Scope 1,Refrigerant & other,Blends,R412A,,Refrigerant & other Blends R412A ,kg,kg CO2e,2172,01/01/2025,31/12/2025,UK DESNZ activity-based conversion factors 2025
2025,3_201_2171_3_1,Activity,Scope 1,Refrigerant & other,Blends,R413A,,Refrigerant & other Blends R413A ,kg,kg CO2e,1945,01/01/2025,31/12/2025,UK DESNZ activity-based conversion factors 2025
2025,3_201_2173_3_1,Activity,Scope 1,Refrigerant & other,Blends,R413A,,Refrigerant & other Blends R413A ,kg,kg CO2e,1945,01/01/2025,31/12/2025,UK DESNZ activity-based conversion factors 2025
2025,3_201_2175_3_1,Activity,Scope 1,Refrigerant & other,Blends,R414A,,Refrigerant & other Blends R414A ,kg,kg CO2e,1375,01/01/2025,31/12/2025,UK DESNZ activity-based conversion factors 2025
2025,3_201_2176_3_1,Activity,Scope 1,Refrigerant & other,Blends,R414A,,Refrigerant & other Blends R414A ,kg,kg CO2e,1375,01/01/2025,31/12/2025,UK DESNZ activity-based conversion factors 2025
2025,3_201_2178_3_1,Activity,Scope 1,Refrigerant & other,Blends,R414B,,Refrigerant & other Blends R414B ,kg,kg CO2e,1274,01/01/2025,31/12/2025,UK DESNZ activity-based conversion factors 2025
2025,3_201_2179_3_1,Activity,Scope 1,Refrigerant & other,Blends,R414B,,Refrigerant & other Blends R414B ,kg,kg CO2e,1274,01/01/2025,31/12/2025,UK DESNZ activity-based conversion factors 2025
2025,3_201_2180_3_1,Activity,Scope 1,Refrigerant & other,Blends,R415A,,Refrigerant & other Blends R415A ,kg,kg CO2e,25,01/01/2025,31/12/2025,UK DESNZ activity-based conversion factors 2025
2025,3_201_2181_3_1,Activity,Scope 1,Refrigerant & other,Blends,R415A,,Refrigerant & other Blends R415A ,kg,kg CO2e,1443,01/01/2025,31/12/2025,UK DESNZ activity-based conversion factors 2025
2025,3_201_2182_3_1,Activity,Scope 1,Refrigerant & other,Blends,R415A,,Refrigerant & other Blends R415A ,kg,kg CO2e,1468,01/01/2025,31/12/2025,UK DESNZ activity-based conversion factors 2025
2025,3_201_2183_3_1,Activity,Scope 1,Refrigerant & other,Blends,R415B,,Refrigerant & other Blends R415B ,kg,kg CO2e,104,01/01/2025,31/12/2025,UK DESNZ activity-based conversion factors 2025
2025,3_201_2184_3_1,Activity,Scope 1,Refrigerant & other,Blends,R415B,,Refrigerant & other Blends R415B ,kg,kg CO2e,440,01/01/2025,31/12/2025,UK DESNZ activity-based conversion factors 2025
2025,3_201_2185_3_1,Activity,Scope 1,Refrigerant & other,Blends,R415B,,Refrigerant & other Blends R415B ,kg,kg CO2e,544,01/01/2025,31/12/2025,UK DESNZ activity-based conversion factors 2025
2025,3_201_2186_3_1,Activity,Scope 1,Refrigerant & other,Blends,R416A,,Refrigerant & other Blends R416A ,kg,kg CO2e,767,01/01/2025,31/12/2025,UK DESNZ activity-based conversion factors 2025
2025,3_201_2187_3_1,Activity,Scope 1,Refrigerant & other,Blends,R416A,,Refrigerant & other Blends R416A ,kg,kg CO2e,208,01/01/2025,31/12/2025,UK DESNZ activity-based conversion factors 2025
2025,3_201_2188_3_1,Activity,Scope 1,Refrigerant & other,Blends,R416A,,Refrigerant & other Blends R416A ,kg,kg CO2e,975,01/01/2025,31/12/2025,UK DESNZ activity-based conversion factors 2025
2025,3_201_2189_3_1,Activity,Scope 1,Refrigerant & other,Blends,R417A,,Refrigerant & other Blends R417A ,kg,kg CO2e,2127,01/01/2025,31/12/2025,UK DESNZ activity-based conversion factors 2025
2025,3_201_2191_3_1,Activity,Scope 1,Refrigerant & other,Blends,R417A,,Refrigerant & other Blends R417A ,kg,kg CO2e,2127,01/01/2025,31/12/2025,UK DESNZ activity-based conversion factors 2025
2025,3_201_2192_3_1,Activity,Scope 1,Refrigerant & other,Blends,R417B,,Refrigerant & other Blends R417B ,kg,kg CO2e,2742,01/01/2025,31/12/2025,UK DESNZ activity-based conversion factors 2025
2025,3_201_2194_3_1,Activity,Scope 1,Refrigerant & other,Blends,R417B,,Refrigerant & other Blends R417B ,kg,kg CO2e,2742,01/01/2025,31/12/2025,UK DESNZ activity-based conversion factors 2025
2025,3_201_2195_3_1,Activity,Scope 1,Refrigerant & other,Blends,R417C,,Refrigerant & other Blends R417C ,kg,kg CO2e,1643,01/01/2025,31/12/2025,UK DESNZ activity-based conversion factors 2025
2025,3_201_2197_3_1,Activity,Scope 1,Refrigerant & other,Blends,R417C,,Refrigerant & other Blends R417C ,kg,kg CO2e,1643,01/01/2025,31/12/2025,UK DESNZ activity-based conversion factors 2025
2025,3_201_2198_3_1,Activity,Scope 1,Refrigerant & other,Blends,R418A,,Refrigerant & other Blends R418A ,kg,kg CO2e,3,01/01/2025,31/12/2025,UK DESNZ activity-based conversion factors 2025
2025,3_201_2199_3_1,Activity,Scope 1,Refrigerant & other,Blends,R418A,,Refrigerant & other Blends R418A ,kg,kg CO2e,1690,01/01/2025,31/12/2025,UK DESNZ activity-based conversion factors 2025
2025,3_201_2200_3_1,Activity,Scope 1,Refrigerant & other,Blends,R418A,,Refrigerant & other Blends R418A ,kg,kg CO2e,1693,01/01/2025,31/12/2025,UK DESNZ activity-based conversion factors 2025
2025,3_201_2201_3_1,Activity,Scope 1,Refrigerant & other,Blends,R419A,,Refrigerant & other Blends R419A ,kg,kg CO2e,2688,01/01/2025,31/12/2025,UK DESNZ activity-based conversion factors 2025
2025,3_201_2203_3_1,Activity,Scope 1,Refrigerant & other,Blends,R419A,,Refrigerant & other Blends R419A ,kg,kg CO2e,2688,01/01/2025,31/12/2025,UK DESNZ activity-based conversion factors 2025
2025,3_201_2204_3_1,Activity,Scope 1,Refrigerant & other,Blends,R419B,,Refrigerant & other Blends R419B ,kg,kg CO2e,2161,01/01/2025,31/12/2025,UK DESNZ activity-based conversion factors 2025
2025,3_201_2206_3_1,Activity,Scope 1,Refrigerant & other,Blends,R419B,,Refrigerant & other Blends R419B ,kg,kg CO2e,2161,01/01/2025,31/12/2025,UK DESNZ activity-based conversion factors 2025
2025,3_201_2207_3_1,Activity,Scope 1,Refrigerant & other,Blends,R420A,,Refrigerant & other Blends R420A ,kg,kg CO2e,1144,01/01/2025,31/12/2025,UK DESNZ activity-based conversion factors 2025
2025,3_201_2208_3_1,Activity,Scope 1,Refrigerant & other,Blends,R420A,,Refrigerant & other Blends R420A ,kg,kg CO2e,238,01/01/2025,31/12/2025,UK DESNZ activity-based conversion factors 2025
2025,3_201_2209_3_1,Activity,Scope 1,Refrigerant & other,Blends,R420A,,Refrigerant & other Blends R420A ,kg,kg CO2e,1382,01/01/2025,31/12/2025,UK DESNZ activity-based conversion factors 2025
2025,3_201_2210_3_1,Activity,Scope 1,Refrigerant & other,Blends,R421A,,Refrigerant & other Blends R421A ,kg,kg CO2e,2385,01/01/2025,31/12/2025,UK DESNZ activity-based conversion factors 2025
2025,3_201_2212_3_1,Activity,Scope 1,Refrigerant & other,Blends,R421A,,Refrigerant & other Blends R421A ,kg,kg CO2e,2385,01/01/2025,31/12/2025,UK DESNZ activity-based conversion factors 2025
2025,3_201_2213_3_1,Activity,Scope 1,Refrigerant & other,Blends,R421B,,Refrigerant & other Blends R421B ,kg,kg CO2e,2890,01/01/2025,31/12/2025,UK DESNZ activity-based conversion factors 2025
2025,3_201_2215_3_1,Activity,Scope 1,Refrigerant & other,Blends,R421B,,Refrigerant & other Blends R421B ,kg,kg CO2e,2890,01/01/2025,31/12/2025,UK DESNZ activity-based conversion factors 2025
2025,3_201_2216_3_1,Activity,Scope 1,Refrigerant & other,Blends,R422A,,Refrigerant & other Blends R422A ,kg,kg CO2e,2847,01/01/2025,31/12/2025,UK DESNZ activity-based conversion factors 2025
2025,3_201_2218_3_1,Activity,Scope 1,Refrigerant & other,Blends,R422A,,Refrigerant & other Blends R422A ,kg,kg CO2e,2847,01/01/2025,31/12/2025,UK DESNZ activity-based conversion factors 2025
2025,3_201_2219_3_1,Activity,Scope 1,Refrigerant & other,Blends,R422B,,Refrigerant & other Blends R422B ,kg,kg CO2e,2290,01/01/2025,31/12/2025,UK DESNZ activity-based conversion factors 2025
2025,3_201_2221_3_1,Activity,Scope 1,Refrigerant & other,Blends,R422B,,Refrigerant & other Blends R422B ,kg,kg CO2e,2290,01/01/2025,31/12/2025,UK DESNZ activity-based conversion factors 2025
2025,3_201_2222_3_1,Activity,Scope 1,Refrigerant & other,Blends,R422C,,Refrigerant & other Blends R422C ,kg,kg CO2e,2794,01/01/2025,31/12/2025,UK DESNZ activity-based conversion factors 2025
2025,3_201_2224_3_1,Activity,Scope 1,Refrigerant & other,Blends,R422C,,Refrigerant & other Blends R422C ,kg,kg CO2e,2794,01/01/2025,31/12/2025,UK DESNZ activity-based conversion factors 2025
2025,3_201_2225_3_1,Activity,Scope 1,Refrigerant & other,Blends,R422D,,Refrigerant & other Blends R422D ,kg,kg CO2e,2473,01/01/2025,31/12/2025,UK DESNZ activity-based conversion factors 2025
2025,3_201_2227_3_1,Activity,Scope 1,Refrigerant & other,Blends,R422D,,Refrigerant & other Blends R422D ,kg,kg CO2e,2473,01/01/2025,31/12/2025,UK DESNZ activity-based conversion factors 2025
2025,3_201_2228_3_1,Activity,Scope 1,Refrigerant & other,Blends,R422E,,Refrigerant & other Blends R422E ,kg,kg CO2e,2350,01/01/2025,31/12/2025,UK DESNZ activity-based conversion factors 2025
2025,3_201_2230_3_1,Activity,Scope 1,Refrigerant & other,Blends,R422E,,Refrigerant & other Blends R422E ,kg,kg CO2e,2350,01/01/2025,31/12/2025,UK DESNZ activity-based conversion factors 2025
2025,3_201_2231_3_1,Activity,Scope 1,Refrigerant & other,Blends,R423A,,Refrigerant & other Blends R423A ,kg,kg CO2e,2274,01/01/2025,31/12/2025,UK DESNZ activity-based conversion factors 2025
2025,3_201_2233_3_1,Activity,Scope 1,Refrigerant & other,Blends,R423A,,Refrigerant & other Blends R423A ,kg,kg CO2e,2274,01/01/2025,31/12/2025,UK DESNZ activity-based conversion factors 2025
2025,3_201_2234_3_1,Activity,Scope 1,Refrigerant & other,Blends,R424A,,Refrigerant & other Blends R424A ,kg,kg CO2e,2212,01/01/2025,31/12/2025,UK DESNZ activity-based conversion factors 2025
2025,3_201_2236_3_1,Activity,Scope 1,Refrigerant & other,Blends,R424A,,Refrigerant & other Blends R424A ,kg,kg CO2e,2212,01/01/2025,31/12/2025,UK DESNZ activity-based conversion factors 2025
2025,3_201_2237_3_1,Activity,Scope 1,Refrigerant & other,Blends,R425A,,Refrigerant & other Blends R425A ,kg,kg CO2e,1431,01/01/2025,31/12/2025,UK DESNZ activity-based conversion factors 2025
2025,3_201_2239_3_1,Activity,Scope 1,Refrigerant & other,Blends,R425A,,Refrigerant & other Blends R425A ,kg,kg CO2e,1431,01/01/2025,31/12/2025,UK DESNZ activity-based conversion factors 2025
2025,3_201_2240_3_1,Activity,Scope 1,Refrigerant & other,Blends,R426A,,Refrigerant & other Blends R426A ,kg,kg CO2e,1371,01/01/2025,31/12/2025,UK DESNZ activity-based conversion factors 2025
2025,3_201_2242_3_1,Activity,Scope 1,Refrigerant & other,Blends,R426A,,Refrigerant & other Blends R426A ,kg,kg CO2e,1371,01/01/2025,31/12/2025,UK DESNZ activity-based conversion factors 2025
2025,3_201_2243_3_1,Activity,Scope 1,Refrigerant & other,Blends,R427A,,Refrigerant & other Blends R427A ,kg,kg CO2e,2024,01/01/2025,31/12/2025,UK DESNZ activity-based conversion factors 2025
2025,3_201_2245_3_1,Activity,Scope 1,Refrigerant & other,Blends,R427A,,Refrigerant & other Blends R427A ,kg,kg CO2e,2024,01/01/2025,31/12/2025,UK DESNZ activity-based conversion factors 2025
2025,3_201_2246_3_1,Activity,Scope 1,Refrigerant & other,Blends,R428A,,Refrigerant & other Blends R428A ,kg,kg CO2e,3417,01/01/2025,31/12/2025,UK DESNZ activity-based conversion factors 2025
2025,3_201_2248_3_1,Activity,Scope 1,Refrigerant & other,Blends,R428A,,Refrigerant & other Blends R428A ,kg,kg CO2e,3417,01/01/2025,31/12/2025,UK DESNZ activity-based conversion factors 2025
2025,3_201_2249_3_1,Activity,Scope 1,Refrigerant & other,Blends,R429A,,Refrigerant & other Blends R429A ,kg,kg CO2e,13.8,01/01/2025,31/12/2025,UK DESNZ activity-based conversion factors 2025
2025,3_201_2250_3_1,Activity,Scope 1,Refrigerant & other,Blends,R429A,,Refrigerant & other Blends R429A ,kg,kg CO2e,1.5,01/01/2025,31/12/2025,UK DESNZ activity-based conversion factors 2025
2025,3_201_2251_3_1,Activity,Scope 1,Refrigerant & other,Blends,R429A,,Refrigerant & other Blends R429A ,kg,kg CO2e,15.3,01/01/2025,31/12/2025,UK DESNZ activity-based conversion factors 2025
2025,3_201_2252_3_1,Activity,Scope 1,Refrigerant & other,Blends,R430A,,Refrigerant & other Blends R430A ,kg,kg CO2e,105,01/01/2025,31/12/2025,UK DESNZ activity-based conversion factors 2025
2025,3_201_2253_3_1,Activity,Scope 1,Refrigerant & other,Blends,R430A,,Refrigerant & other Blends R430A ,kg,kg CO2e,1,01/01/2025,31/12/2025,UK DESNZ activity-based conversion factors 2025
2025,3_201_2254_3_1,Activity,Scope 1,Refrigerant & other,Blends,R430A,,Refrigerant & other Blends R430A ,kg,kg CO2e,106,01/01/2025,31/12/2025,UK DESNZ activity-based conversion factors 2025
2025,3_201_2255_3_1,Activity,Scope 1,Refrigerant & other,Blends,R431A,,Refrigerant & other Blends R431A ,kg,kg CO2e,40,01/01/2025,31/12/2025,UK DESNZ activity-based conversion factors 2025
2025,3_201_2257_3_1,Activity,Scope 1,Refrigerant & other,Blends,R431A,,Refrigerant & other Blends R431A ,kg,kg CO2e,40,01/01/2025,31/12/2025,UK DESNZ activity-based conversion factors 2025
2025,3_201_2259_3_1,Activity,Scope 1,Refrigerant & other,Blends,R432A,,Refrigerant & other Blends R432A ,kg,kg CO2e,1.8,01/01/2025,31/12/2025,UK DESNZ activity-based conversion factors 2025
2025,3_201_2260_3_1,Activity,Scope 1,Refrigerant & other,Blends,R432A,,Refrigerant & other Blends R432A ,kg,kg CO2e,1.8,01/01/2025,31/12/2025,UK DESNZ activity-based conversion factors 2025
2025,3_201_2262_3_1,Activity,Scope 1,Refrigerant & other,Blends,R433A,,Refrigerant & other Blends R433A ,kg,kg CO2e,0.64,01/01/2025,31/12/2025,UK DESNZ activity-based conversion factors 2025
2025,3_201_2263_3_1,Activity,Scope 1,Refrigerant & other,Blends,R433A,,Refrigerant & other Blends R433A ,kg,kg CO2e,0.64,01/01/2025,31/12/2025,UK DESNZ activity-based conversion factors 2025
2025,3_201_2265_3_1,Activity,Scope 1,Refrigerant & other,Blends,R433B,,Refrigerant & other Blends R433B ,kg,kg CO2e,0.16,01/01/2025,31/12/2025,UK DESNZ activity-based conversion factors 2025
2025,3_201_2266_3_1,Activity,Scope 1,Refrigerant & other,Blends,R433B,,Refrigerant & other Blends R433B ,kg,kg CO2e,0.16,01/01/2025,31/12/2025,UK DESNZ activity-based conversion factors 2025
2025,3_201_2268_3_1,Activity,Scope 1,Refrigerant & other,Blends,R433C,,Refrigerant & other Blends R433C ,kg,kg CO2e,0.55,01/01/2025,31/12/2025,UK DESNZ activity-based conversion factors 2025
2025,3_201_2269_3_1,Activity,Scope 1,Refrigerant & other,Blends,R433C,,Refrigerant & other Blends R433C ,kg,kg CO2e,0.55,01/01/2025,31/12/2025,UK DESNZ activity-based conversion factors 2025
2025,3_201_2270_3_1,Activity,Scope 1,Refrigerant & other,Blends,R434A,,Refrigerant & other Blends R434A ,kg,kg CO2e,3075,01/01/2025,31/12/2025,UK DESNZ activity-based conversion factors 2025
2025,3_201_2272_3_1,Activity,Scope 1,Refrigerant & other,Blends,R434A,,Refrigerant & other Blends R434A ,kg,kg CO2e,3076,01/01/2025,31/12/2025,UK DESNZ activity-based conversion factors 2025
2025,3_201_2273_3_1,Activity,Scope 1,Refrigerant & other,Blends,R435A,,Refrigerant & other Blends R435A ,kg,kg CO2e,27.6,01/01/2025,31/12/2025,UK DESNZ activity-based conversion factors 2025
2025,3_201_2274_3_1,Activity,Scope 1,Refrigerant & other,Blends,R435A,,Refrigerant & other Blends R435A ,kg,kg CO2e,0.8,01/01/2025,31/12/2025,UK DESNZ activity-based conversion factors 2025
2025,3_201_2275_3_1,Activity,Scope 1,Refrigerant & other,Blends,R435A,,Refrigerant & other Blends R435A ,kg,kg CO2e,28.4,01/01/2025,31/12/2025,UK DESNZ activity-based conversion factors 2025
2025,3_201_2277_3_1,Activity,Scope 1,Refrigerant & other,Blends,R436A,,Refrigerant & other Blends R436A ,kg,kg CO2e,1.35,01/01/2025,31/12/2025,UK DESNZ activity-based conversion factors 2025
2025,3_201_2278_3_1,Activity,Scope 1,Refrigerant & other,Blends,R436A,,Refrigerant & other Blends R436A ,kg,kg CO2e,1.35,01/01/2025,31/12/2025,UK DESNZ activity-based conversion factors 2025
2025,3_201_2280_3_1,Activity,Scope 1,Refrigerant & other,Blends,R436B,,Refrigerant & other Blends R436B ,kg,kg CO2e,1.47,01/01/2025,31/12/2025,UK DESNZ activity-based conversion factors 2025
2025,3_201_2281_3_1,Activity,Scope 1,Refrigerant & other,Blends,R436B,,Refrigerant & other Blends R436B ,kg,kg CO2e,1.47,01/01/2025,31/12/2025,UK DESNZ activity-based conversion factors 2025
2025,3_201_2282_3_1,Activity,Scope 1,Refrigerant & other,Blends,R437A,,Refrigerant & other Blends R437A ,kg,kg CO2e,1639,01/01/2025,31/12/2025,UK DESNZ activity-based conversion factors 2025
2025,3_201_2284_3_1,Activity,Scope 1,Refrigerant & other,Blends,R437A,,Refrigerant & other Blends R437A ,kg,kg CO2e,1639,01/01/2025,31/12/2025,UK DESNZ activity-based conversion factors 2025
2025,3_201_2285_3_1,Activity,Scope 1,Refrigerant & other,Blends,R438A,,Refrigerant & other Blends R438A ,kg,kg CO2e,2059,01/01/2025,31/12/2025,UK DESNZ activity-based conversion factors 2025
2025,3_201_2287_3_1,Activity,Scope 1,Refrigerant & other,Blends,R438A,,Refrigerant & other Blends R438A ,kg,kg CO2e,2059,01/01/2025,31/12/2025,UK DESNZ activity-based conversion factors 2025
2025,3_201_2288_3_1,Activity,Scope 1,Refrigerant & other,Blends,R439A,,Refrigerant & other Blends R439A ,kg,kg CO2e,1828,01/01/2025,31/12/2025,UK DESNZ activity-based conversion factors 2025
2025,3_201_2290_3_1,Activity,Scope 1,Refrigerant & other,Blends,R439A,,Refrigerant & other Blends R439A ,kg,kg CO2e,1828,01/01/2025,31/12/2025,UK DESNZ activity-based conversion factors 2025
2025,3_201_2291_3_1,Activity,Scope 1,Refrigerant & other,Blends,R440A,,Refrigerant & other Blends R440A ,kg,kg CO2e,156,01/01/2025,31/12/2025,UK DESNZ activity-based conversion factors 2025
2025,3_201_2293_3_1,Activity,Scope 1,Refrigerant & other,Blends,R440A,,Refrigerant & other Blends R440A ,kg,kg CO2e,156,01/01/2025,31/12/2025,UK DESNZ activity-based conversion factors 2025
2025,3_201_2295_3_1,Activity,Scope 1,Refrigerant & other,Blends,R441A,,Refrigerant & other Blends R441A ,kg,kg CO2e,0.23,01/01/2025,31/12/2025,UK DESNZ activity-based conversion factors 2025
2025,3_201_2296_3_1,Activity,Scope 1,Refrigerant & other,Blends,R441A,,Refrigerant & other Blends R441A ,kg,kg CO2e,0.23,01/01/2025,31/12/2025,UK DESNZ activity-based conversion factors 2025
2025,3_201_2297_3_1,Activity,Scope 1,Refrigerant & other,Blends,R442A,,Refrigerant & other Blends R442A ,kg,kg CO2e,1754,01/01/2025,31/12/2025,UK DESNZ activity-based conversion factors 2025
2025,3_201_2299_3_1,Activity,Scope 1,Refrigerant & other,Blends,R442A,,Refrigerant & other Blends R442A ,kg,kg CO2e,1754,01/01/2025,31/12/2025,UK DESNZ activity-based conversion factors 2025
2025,3_201_2301_3_1,Activity,Scope 1,Refrigerant & other,Blends,R443A,,Refrigerant & other Blends R443A ,kg,kg CO2e,1,01/01/2025,31/12/2025,UK DESNZ activity-based conversion factors 2025
2025,3_201_2302_3_1,Activity,Scope 1,Refrigerant & other,Blends,R443A,,Refrigerant & other Blends R443A ,kg,kg CO2e,1,01/01/2025,31/12/2025,UK DESNZ activity-based conversion factors 2025
2025,3_201_2303_3_1,Activity,Scope 1,Refrigerant & other,Blends,R444A,,Refrigerant & other Blends R444A ,kg,kg CO2e,88,01/01/2025,31/12/2025,UK DESNZ activity-based conversion factors 2025
2025,3_201_2304_3_1,Activity,Scope 1,Refrigerant & other,Blends,R444A,,Refrigerant & other Blends R444A ,kg,kg CO2e,1,01/01/2025,31/12/2025,UK DESNZ activity-based conversion factors 2025
2025,3_201_2305_3_1,Activity,Scope 1,Refrigerant & other,Blends,R444A,,Refrigerant & other Blends R444A ,kg,kg CO2e,89,01/01/2025,31/12/2025,UK DESNZ activity-based conversion factors 2025
2025,3_201_2306_3_1,Activity,Scope 1,Refrigerant & other,Blends,R445A,,Refrigerant & other Blends R445A ,kg,kg CO2e,117,01/01/2025,31/12/2025,UK DESNZ activity-based conversion factors 2025
2025,3_201_2307_3_1,Activity,Scope 1,Refrigerant & other,Blends,R445A,,Refrigerant & other Blends R445A ,kg,kg CO2e,1,01/01/2025,31/12/2025,UK DESNZ activity-based conversion factors 2025
2025,3_201_2308_3_1,Activity,Scope 1,Refrigerant & other,Blends,R445A,,Refrigerant & other Blends R445A ,kg,kg CO2e,118,01/01/2025,31/12/2025,UK DESNZ activity-based conversion factors 2025
2025,3_201_2309_3_1,Activity,Scope 1,Refrigerant & other,Blends,R500,,Refrigerant & other Blends R500 ,kg,kg CO2e,36,01/01/2025,31/12/2025,UK DESNZ activity-based conversion factors 2025
2025,3_201_2310_3_1,Activity,Scope 1,Refrigerant & other,Blends,R500,,Refrigerant & other Blends R500 ,kg,kg CO2e,7528,01/01/2025,31/12/2025,UK DESNZ activity-based conversion factors 2025
2025,3_201_2311_3_1,Activity,Scope 1,Refrigerant & other,Blends,R500,,Refrigerant & other Blends R500 ,kg,kg CO2e,7564,01/01/2025,31/12/2025,UK DESNZ activity-based conversion factors 2025
2025,3_201_2313_3_1,Activity,Scope 1,Refrigerant & other,Blends,R501,,Refrigerant & other Blends R501 ,kg,kg CO2e,3870,01/01/2025,31/12/2025,UK DESNZ activity-based conversion factors 2025
2025,3_201_2314_3_1,Activity,Scope 1,Refrigerant & other,Blends,R501,,Refrigerant & other Blends R501 ,kg,kg CO2e,3870,01/01/2025,31/12/2025,UK DESNZ activity-based conversion factors 2025
2025,3_201_2316_3_1,Activity,Scope 1,Refrigerant & other,Blends,R502,,Refrigerant & other Blends R502 ,kg,kg CO2e,4786,01/01/2025,31/12/2025,UK DESNZ activity-based conversion factors 2025
2025,3_201_2317_3_1,Activity,Scope 1,Refrigerant & other,Blends,R502,,Refrigerant & other Blends R502 ,kg,kg CO2e,4786,01/01/2025,31/12/2025,UK DESNZ activity-based conversion factors 2025
2025,3_201_2318_3_1,Activity,Scope 1,Refrigerant & other,Blends,R503,,Refrigerant & other Blends R503 ,kg,kg CO2e,4972,01/01/2025,31/12/2025,UK DESNZ activity-based conversion factors 2025
2025,3_201_2319_3_1,Activity,Scope 1,Refrigerant & other,Blends,R503,,Refrigerant & other Blends R503 ,kg,kg CO2e,8326,01/01/2025,31/12/2025,UK DESNZ activity-based conversion factors 2025
2025,3_201_2320_3_1,Activity,Scope 1,Refrigerant & other,Blends,R503,,Refrigerant & other Blends R503 ,kg,kg CO2e,13299,01/01/2025,31/12/2025,UK DESNZ activity-based conversion factors 2025
2025,3_201_2321_3_1,Activity,Scope 1,Refrigerant & other,Blends,R504,,Refrigerant & other Blends R504 ,kg,kg CO2e,326,01/01/2025,31/12/2025,UK DESNZ activity-based conversion factors 2025
2025,3_201_2322_3_1,Activity,Scope 1,Refrigerant & other,Blends,R504,,Refrigerant & other Blends R504 ,kg,kg CO2e,3973,01/01/2025,31/12/2025,UK DESNZ activity-based conversion factors 2025
2025,3_201_2323_3_1,Activity,Scope 1,Refrigerant & other,Blends,R504,,Refrigerant & other Blends R504 ,kg,kg CO2e,4299,01/01/2025,31/12/2025,UK DESNZ activity-based conversion factors 2025
2025,3_201_2325_3_1,Activity,Scope 1,Refrigerant & other,Blends,R505,,Refrigerant & other Blends R505 ,kg,kg CO2e,7956,01/01/2025,31/12/2025,UK DESNZ activity-based conversion factors 2025
2025,3_201_2326_3_1,Activity,Scope 1,Refrigerant & other,Blends,R505,,Refrigerant & other Blends R505 ,kg,kg CO2e,7956,01/01/2025,31/12/2025,UK DESNZ activity-based conversion factors 2025
2025,3_201_2328_3_1,Activity,Scope 1,Refrigerant & other,Blends,R506,,Refrigerant & other Blends R506 ,kg,kg CO2e,3857,01/01/2025,31/12/2025,UK DESNZ activity-based conversion factors 2025
2025,3_201_2329_3_1,Activity,Scope 1,Refrigerant & other,Blends,R506,,Refrigerant & other Blends R506 ,kg,kg CO2e,3857,01/01/2025,31/12/2025,UK DESNZ activity-based conversion factors 2025
2025,3_201_2330_3_1,Activity,Scope 1,Refrigerant & other,Blends,R507A,,Refrigerant & other Blends R507A ,kg,kg CO2e,3985,01/01/2025,31/12/2025,UK DESNZ activity-based conversion factors 2025
2025,3_201_2332_3_1,Activity,Scope 1,Refrigerant & other,Blends,R507A,,Refrigerant & other Blends R507A ,kg,kg CO2e,3985,01/01/2025,31/12/2025,UK DESNZ activity-based conversion factors 2025
2025,3_201_2333_3_1,Activity,Scope 1,Refrigerant & other,Blends,R508A,,Refrigerant & other Blends R508A ,kg,kg CO2e,11607,01/01/2025,31/12/2025,UK DESNZ activity-based conversion factors 2025
2025,3_201_2335_3_1,Activity,Scope 1,Refrigerant & other,Blends,R508A,,Refrigerant & other Blends R508A ,kg,kg CO2e,11607,01/01/2025,31/12/2025,UK DESNZ activity-based conversion factors 2025
2025,3_201_2336_3_1,Activity,Scope 1,Refrigerant & other,Blends,R508B,,Refrigerant & other Blends R508B ,kg,kg CO2e,11698,01/01/2025,31/12/2025,UK DESNZ activity-based conversion factors 2025
2025,3_201_2338_3_1,Activity,Scope 1,Refrigerant & other,Blends,R508B,,Refrigerant & other Blends R508B ,kg,kg CO2e,11698,01/01/2025,31/12/2025,UK DESNZ activity-based conversion factors 2025
2025,3_201_2339_3_1,Activity,Scope 1,Refrigerant & other,Blends,R509A,,Refrigerant & other Blends R509A ,kg,kg CO2e,4984,01/01/2025,31/12/2025,UK DESNZ activity-based conversion factors 2025
2025,3_201_2340_3_1,Activity,Scope 1,Refrigerant & other,Blends,R509A,,Refrigerant & other Blends R509A ,kg,kg CO2e,774,01/01/2025,31/12/2025,UK DESNZ activity-based conversion factors 2025
2025,3_201_2341_3_1,Activity,Scope 1,Refrigerant & other,Blends,R509A,,Refrigerant & other Blends R509A ,kg,kg CO2e,5758,01/01/2025,31/12/2025,UK DESNZ activity-based conversion factors 2025
2025,3_201_2343_3_1,Activity,Scope 1,Refrigerant & other,Blends,R510A,,Refrigerant & other Blends R510A ,kg,kg CO2e,1.24,01/01/2025,31/12/2025,UK DESNZ activity-based conversion factors 2025
2025,3_201_2344_3_1,Activity,Scope 1,Refrigerant & other,Blends,R510A,,Refrigerant & other Blends R510A ,kg,kg CO2e,1.24,01/01/2025,31/12/2025,UK DESNZ activity-based conversion factors 2025
2025,3_201_2345_3_1,Activity,Scope 1,Refrigerant & other,Blends,R511A,,Refrigerant & other Blends R511A ,kg,kg CO2e,6.9,01/01/2025,31/12/2025,UK DESNZ activity-based conversion factors 2025
2025,3_201_2346_3_1,Activity,Scope 1,Refrigerant & other,Blends,R511A,,Refrigerant & other Blends R511A ,kg,kg CO2e,0.1,01/01/2025,31/12/2025,UK DESNZ activity-based conversion factors 2025
2025,3_201_2347_3_1,Activity,Scope 1,Refrigerant & other,Blends,R511A,,Refrigerant & other Blends R511A ,kg,kg CO2e,7,01/01/2025,31/12/2025,UK DESNZ activity-based conversion factors 2025
2025,3_201_2348_3_1,Activity,Scope 1,Refrigerant & other,Blends,R512A,,Refrigerant & other Blends R512A ,kg,kg CO2e,196,01/01/2025,31/12/2025,UK DESNZ activity-based conversion factors 2025
2025,3_201_2350_3_1,Activity,Scope 1,Refrigerant & other,Blends,R512A,,Refrigerant & other Blends R512A ,kg,kg CO2e,196,01/01/2025,31/12/2025,UK DESNZ activity-based conversion factors 2025
2025,3_202_2352_3_1,Activity,Scope 1,Refrigerant & other,Montreal protocol products,CFC-11/R11 = trichlorofluoromethane,,Refrigerant & other Montreal protocol products CFC-11/R11 = trichlorofluoromethane ,kg,kg CO2e,4660,01/01/2025,31/12/2025,UK DESNZ activity-based conversion factors 2025
2025,3_202_2353_3_1,Activity,Scope 1,Refrigerant & other,Montreal protocol products,CFC-11/R11 = trichlorofluoromethane,,Refrigerant & other Montreal protocol products CFC-11/R11 = trichlorofluoromethane ,kg,kg CO2e,4660,01/01/2025,31/12/2025,UK DESNZ activity-based conversion factors 2025
2025,3_202_2355_3_1,Activity,Scope 1,Refrigerant & other,Montreal protocol products,CFC-12/R12 = dichlorodifluoromethane,,Refrigerant & other Montreal protocol products CFC-12/R12 = dichlorodifluoromethane ,kg,kg CO2e,10200,01/01/2025,31/12/2025,UK DESNZ activity-based conversion factors 2025
2025,3_202_2356_3_1,Activity,Scope 1,Refrigerant & other,Montreal protocol products,CFC-12/R12 = dichlorodifluoromethane,,Refrigerant & other Montreal protocol products CFC-12/R12 = dichlorodifluoromethane ,kg,kg CO2e,10200,01/01/2025,31/12/2025,UK DESNZ activity-based conversion factors 2025
2025,3_202_2358_3_1,Activity,Scope 1,Refrigerant & other,Montreal protocol products,CFC-13,,Refrigerant & other Montreal protocol products CFC-13 ,kg,kg CO2e,13900,01/01/2025,31/12/2025,UK DESNZ activity-based conversion factors 2025
2025,3_202_2359_3_1,Activity,Scope 1,Refrigerant & other,Montreal protocol products,CFC-13,,Refrigerant & other Montreal protocol products CFC-13 ,kg,kg CO2e,13900,01/01/2025,31/12/2025,UK DESNZ activity-based conversion factors 2025
2025,3_202_2361_3_1,Activity,Scope 1,Refrigerant & other,Montreal protocol products,CFC-113,,Refrigerant & other Montreal protocol products CFC-113 ,kg,kg CO2e,5820,01/01/2025,31/12/2025,UK DESNZ activity-based conversion factors 2025
2025,3_202_2362_3_1,Activity,Scope 1,Refrigerant & other,Montreal protocol products,CFC-113,,Refrigerant & other Montreal protocol products CFC-113 ,kg,kg CO2e,5820,01/01/2025,31/12/2025,UK DESNZ activity-based conversion factors 2025
2025,3_202_2364_3_1,Activity,Scope 1,Refrigerant & other,Montreal protocol products,CFC-114,,Refrigerant & other Montreal protocol products CFC-114 ,kg,kg CO2e,8590,01/01/2025,31/12/2025,UK DESNZ activity-based conversion factors 2025
2025,3_202_2365_3_1,Activity,Scope 1,Refrigerant & other,Montreal protocol products,CFC-114,,Refrigerant & other Montreal protocol products CFC-114 ,kg,kg CO2e,8590,01/01/2025,31/12/2025,UK DESNZ activity-based conversion factors 2025
2025,3_202_2367_3_1,Activity,Scope 1,Refrigerant & other,Montreal protocol products,CFC-115,,Refrigerant & other Montreal protocol products CFC-115 ,kg,kg CO2e,7670,01/01/2025,31/12/2025,UK DESNZ activity-based conversion factors 2025
2025,3_202_2368_3_1,Activity,Scope 1,Refrigerant & other,Montreal protocol products,CFC-115,,Refrigerant & other Montreal protocol products CFC-115 ,kg,kg CO2e,7670,01/01/2025,31/12/2025,UK DESNZ activity-based conversion factors 2025
2025,3_202_2370_3_1,Activity,Scope 1,Refrigerant & other,Montreal protocol products,Halon-1211,,Refrigerant & other Montreal protocol products Halon-1211 ,kg,kg CO2e,1750,01/01/2025,31/12/2025,UK DESNZ activity-based conversion factors 2025
2025,3_202_2371_3_1,Activity,Scope 1,Refrigerant & other,Montreal protocol products,Halon-1211,,Refrigerant & other Montreal protocol products Halon-1211 ,kg,kg CO2e,1750,01/01/2025,31/12/2025,UK DESNZ activity-based conversion factors 2025
2025,3_202_2373_3_1,Activity,Scope 1,Refrigerant & other,Montreal protocol products,Halon-1301,,Refrigerant & other Montreal protocol products Halon-1301 ,kg,kg CO2e,6290,01/01/2025,31/12/2025,UK DESNZ activity-based conversion factors 2025
2025,3_202_2374_3_1,Activity,Scope 1,Refrigerant & other,Montreal protocol products,Halon-1301,,Refrigerant & other Montreal protocol products Halon-1301 ,kg,kg CO2e,6290,01/01/2025,31/12/2025,UK DESNZ activity-based conversion factors 2025
2025,3_202_2376_3_1,Activity,Scope 1,Refrigerant & other,Montreal protocol products,Halon-2402,,Refrigerant & other Montreal protocol products Halon-2402 ,kg,kg CO2e,1470,01/01/2025,31/12/2025,UK DESNZ activity-based conversion factors 2025
2025,3_202_2377_3_1,Activity,Scope 1,Refrigerant & other,Montreal protocol products,Halon-2402,,Refrigerant & other Montreal protocol products Halon-2402 ,kg,kg CO2e,1470,01/01/2025,31/12/2025,UK DESNZ activity-based conversion factors 2025
2025,3_202_2379_3_1,Activity,Scope 1,Refrigerant & other,Montreal protocol products,Carbon tetrachloride,,Refrigerant & other Montreal protocol products Carbon tetrachloride ,kg,kg CO2e,1730,01/01/2025,31/12/2025,UK DESNZ activity-based conversion factors 2025
2025,3_202_2380_3_1,Activity,Scope 1,Refrigerant & other,Montreal protocol products,Carbon tetrachloride,,Refrigerant & other Montreal protocol products Carbon tetrachloride ,kg,kg CO2e,1730,01/01/2025,31/12/2025,UK DESNZ activity-based conversion factors 2025
2025,3_202_2382_3_1,Activity,Scope 1,Refrigerant & other,Montreal protocol products,Methyl bromide,,Refrigerant & other Montreal protocol products Methyl bromide ,kg,kg CO2e,2,01/01/2025,31/12/2025,UK DESNZ activity-based conversion factors 2025
2025,3_202_2383_3_1,Activity,Scope 1,Refrigerant & other,Montreal protocol products,Methyl bromide,,Refrigerant & other Montreal protocol products Methyl bromide ,kg,kg CO2e,2,01/01/2025,31/12/2025,UK DESNZ activity-based conversion factors 2025
2025,3_202_2385_3_1,Activity,Scope 1,Refrigerant & other,Montreal protocol products,Methyl chloroform,,Refrigerant & other Montreal protocol products Methyl chloroform ,kg,kg CO2e,160,01/01/2025,31/12/2025,UK DESNZ activity-based conversion factors 2025
2025,3_202_2386_3_1,Activity,Scope 1,Refrigerant & other,Montreal protocol products,Methyl chloroform,,Refrigerant & other Montreal protocol products Methyl chloroform ,kg,kg CO2e,160,01/01/2025,31/12/2025,UK DESNZ activity-based conversion factors 2025
2025,3_202_2388_3_1,Activity,Scope 1,Refrigerant & other,Montreal protocol products,HCFC-22/R22 = chlorodifluoromethane,,Refrigerant & other Montreal protocol products HCFC-22/R22 = chlorodifluoromethane ,kg,kg CO2e,1760,01/01/2025,31/12/2025,UK DESNZ activity-based conversion factors 2025
2025,3_202_2389_3_1,Activity,Scope 1,Refrigerant & other,Montreal protocol products,HCFC-22/R22 = chlorodifluoromethane,,Refrigerant & other Montreal protocol products HCFC-22/R22 = chlorodifluoromethane ,kg,kg CO2e,1760,01/01/2025,31/12/2025,UK DESNZ activity-based conversion factors 2025
2025,3_202_2391_3_1,Activity,Scope 1,Refrigerant & other,Montreal protocol products,HCFC-123,,Refrigerant & other Montreal protocol products HCFC-123 ,kg,kg CO2e,79,01/01/2025,31/12/2025,UK DESNZ activity-based conversion factors 2025
2025,3_202_2392_3_1,Activity,Scope 1,Refrigerant & other,Montreal protocol products,HCFC-123,,Refrigerant & other Montreal protocol products HCFC-123 ,kg,kg CO2e,79,01/01/2025,31/12/2025,UK DESNZ activity-based conversion factors 2025
2025,3_202_2394_3_1,Activity,Scope 1,Refrigerant & other,Montreal protocol products,HCFC-124,,Refrigerant & other Montreal protocol products HCFC-124 ,kg,kg CO2e,527,01/01/2025,31/12/2025,UK DESNZ activity-based conversion factors 2025
2025,3_202_2395_3_1,Activity,Scope 1,Refrigerant & other,Montreal protocol products,HCFC-124,,Refrigerant & other Montreal protocol products HCFC-124 ,kg,kg CO2e,527,01/01/2025,31/12/2025,UK DESNZ activity-based conversion factors 2025
2025,3_202_2397_3_1,Activity,Scope 1,Refrigerant & other,Montreal protocol products,HCFC-141b,,Refrigerant & other Montreal protocol products HCFC-141b ,kg,kg CO2e,782,01/01/2025,31/12/2025,UK DESNZ activity-based conversion factors 2025
2025,3_202_2398_3_1,Activity,Scope 1,Refrigerant & other,Montreal protocol products,HCFC-141b,,Refrigerant & other Montreal protocol products HCFC-141b ,kg,kg CO2e,782,01/01/2025,31/12/2025,UK DESNZ activity-based conversion factors 2025
2025,3_202_2400_3_1,Activity,Scope 1,Refrigerant & other,Montreal protocol products,HCFC-142b,,Refrigerant & other Montreal protocol products HCFC-142b ,kg,kg CO2e,1980,01/01/2025,31/12/2025,UK DESNZ activity-based conversion factors 2025
2025,3_202_2401_3_1,Activity,Scope 1,Refrigerant & other,Montreal protocol products,HCFC-142b,,Refrigerant & other Montreal protocol products HCFC-142b ,kg,kg CO2e,1980,01/01/2025,31/12/2025,UK DESNZ activity-based conversion factors 2025
2025,3_202_2403_3_1,Activity,Scope 1,Refrigerant & other,Montreal protocol products,HCFC-225ca,,Refrigerant & other Montreal protocol products HCFC-225ca ,kg,kg CO2e,127,01/01/2025,31/12/2025,UK DESNZ activity-based conversion factors 2025
2025,3_202_2404_3_1,Activity,Scope 1,Refrigerant & other,Montreal protocol products,HCFC-225ca,,Refrigerant & other Montreal protocol products HCFC-225ca ,kg,kg CO2e,127,01/01/2025,31/12/2025,UK DESNZ activity-based conversion factors 2025
2025,3_202_2406_3_1,Activity,Scope 1,Refrigerant & other,Montreal protocol products,HCFC-225cb,,Refrigerant & other Montreal protocol products HCFC-225cb ,kg,kg CO2e,525,01/01/2025,31/12/2025,UK DESNZ activity-based conversion factors 2025
2025,3_202_2407_3_1,Activity,Scope 1,Refrigerant & other,Montreal protocol products,HCFC-225cb,,Refrigerant & other Montreal protocol products HCFC-225cb ,kg,kg CO2e,525,01/01/2025,31/12/2025,UK DESNZ activity-based conversion factors 2025
2025,3_202_2409_3_1,Activity,Scope 1,Refrigerant & other,Montreal protocol products,HCFC-21,,Refrigerant & other Montreal protocol products HCFC-21 ,kg,kg CO2e,148,01/01/2025,31/12/2025,UK DESNZ activity-based conversion factors 2025
2025,3_202_2410_3_1,Activity,Scope 1,Refrigerant & other,Montreal protocol products,HCFC-21,,Refrigerant & other Montreal protocol products HCFC-21 ,kg,kg CO2e,148,01/01/2025,31/12/2025,UK DESNZ activity-based conversion factors 2025
2025,3_203_2412_3_1,Activity,Scope 1,Refrigerant & other,Fluorinated ethers,HFE-125,,Refrigerant & other Fluorinated ethers HFE-125 ,kg,kg CO2e,12400,01/01/2025,31/12/2025,UK DESNZ activity-based conversion factors 2025
2025,3_203_2413_3_1,Activity,Scope 1,Refrigerant & other,Fluorinated ethers,HFE-125,,Refrigerant & other Fluorinated ethers HFE-125 ,kg,kg CO2e,12400,01/01/2025,31/12/2025,UK DESNZ activity-based conversion factors 2025
2025,3_203_2415_3_1,Activity,Scope 1,Refrigerant & other,Fluorinated ethers,HFE-134,,Refrigerant & other Fluorinated ethers HFE-134 ,kg,kg CO2e,5560,01/01/2025,31/12/2025,UK DESNZ activity-based conversion factors 2025
2025,3_203_2416_3_1,Activity,Scope 1,Refrigerant & other,Fluorinated ethers,HFE-134,,Refrigerant & other Fluorinated ethers HFE-134 ,kg,kg CO2e,5560,01/01/2025,31/12/2025,UK DESNZ activity-based conversion factors 2025
2025,3_203_2418_3_1,Activity,Scope 1,Refrigerant & other,Fluorinated ethers,HFE-143a,,Refrigerant & other Fluorinated ethers HFE-143a ,kg,kg CO2e,523,01/01/2025,31/12/2025,UK DESNZ activity-based conversion factors 2025
2025,3_203_2419_3_1,Activity,Scope 1,Refrigerant & other,Fluorinated ethers,HFE-143a,,Refrigerant & other Fluorinated ethers HFE-143a ,kg,kg CO2e,523,01/01/2025,31/12/2025,UK DESNZ activity-based conversion factors 2025
2025,3_203_2421_3_1,Activity,Scope 1,Refrigerant & other,Fluorinated ethers,HCFE-235da2,,Refrigerant & other Fluorinated ethers HCFE-235da2 ,kg,kg CO2e,491,01/01/2025,31/12/2025,UK DESNZ activity-based conversion factors 2025
2025,3_203_2422_3_1,Activity,Scope 1,Refrigerant & other,Fluorinated ethers,HCFE-235da2,,Refrigerant & other Fluorinated ethers HCFE-235da2 ,kg,kg CO2e,491,01/01/2025,31/12/2025,UK DESNZ activity-based conversion factors 2025
2025,3_203_2424_3_1,Activity,Scope 1,Refrigerant & other,Fluorinated ethers,HFE-245cb2,,Refrigerant & other Fluorinated ethers HFE-245cb2 ,kg,kg CO2e,654,01/01/2025,31/12/2025,UK DESNZ activity-based conversion factors 2025
2025,3_203_2425_3_1,Activity,Scope 1,Refrigerant & other,Fluorinated ethers,HFE-245cb2,,Refrigerant & other Fluorinated ethers HFE-245cb2 ,kg,kg CO2e,654,01/01/2025,31/12/2025,UK DESNZ activity-based conversion factors 2025
2025,3_203_2427_3_1,Activity,Scope 1,Refrigerant & other,Fluorinated ethers,HFE-245fa2,,Refrigerant & other Fluorinated ethers HFE-245fa2 ,kg,kg CO2e,812,01/01/2025,31/12/2025,UK DESNZ activity-based conversion factors 2025
2025,3_203_2428_3_1,Activity,Scope 1,Refrigerant & other,Fluorinated ethers,HFE-245fa2,,Refrigerant & other Fluorinated ethers HFE-245fa2 ,kg,kg CO2e,812,01/01/2025,31/12/2025,UK DESNZ activity-based conversion factors 2025
2025,3_203_2430_3_1,Activity,Scope 1,Refrigerant & other,Fluorinated ethers,HFE-254cb2,,Refrigerant & other Fluorinated ethers HFE-254cb2 ,kg,kg CO2e,301,01/01/2025,31/12/2025,UK DESNZ activity-based conversion factors 2025
2025,3_203_2431_3_1,Activity,Scope 1,Refrigerant & other,Fluorinated ethers,HFE-254cb2,,Refrigerant & other Fluorinated ethers HFE-254cb2 ,kg,kg CO2e,301,01/01/2025,31/12/2025,UK DESNZ activity-based conversion factors 2025
2025,3_203_2433_3_1,Activity,Scope 1,Refrigerant & other,Fluorinated ethers,HFE-347mcc3,,Refrigerant & other Fluorinated ethers HFE-347mcc3 ,kg,kg CO2e,530,01/01/2025,31/12/2025,UK DESNZ activity-based conversion factors 2025
2025,3_203_2434_3_1,Activity,Scope 1,Refrigerant & other,Fluorinated ethers,HFE-347mcc3,,Refrigerant & other Fluorinated ethers HFE-347mcc3 ,kg,kg CO2e,530,01/01/2025,31/12/2025,UK DESNZ activity-based conversion factors 2025
2025,3_203_2436_3_1,Activity,Scope 1,Refrigerant & other,Fluorinated ethers,HFE-347pcf2,,Refrigerant & other Fluorinated ethers HFE-347pcf2 ,kg,kg CO2e,889,01/01/2025,31/12/2025,UK DESNZ activity-based conversion factors 2025
2025,3_203_2437_3_1,Activity,Scope 1,Refrigerant & other,Fluorinated ethers,HFE-347pcf2,,Refrigerant & other Fluorinated ethers HFE-347pcf2 ,kg,kg CO2e,889,01/01/2025,31/12/2025,UK DESNZ activity-based conversion factors 2025
2025,3_203_2439_3_1,Activity,Scope 1,Refrigerant & other,Fluorinated ethers,HFE-356pcc3,,Refrigerant & other Fluorinated ethers HFE-356pcc3 ,kg,kg CO2e,413,01/01/2025,31/12/2025,UK DESNZ activity-based conversion factors 2025
2025,3_203_2440_3_1,Activity,Scope 1,Refrigerant & other,Fluorinated ethers,HFE-356pcc3,,Refrigerant & other Fluorinated ethers HFE-356pcc3 ,kg,kg CO2e,413,01/01/2025,31/12/2025,UK DESNZ activity-based conversion factors 2025
2025,3_203_2442_3_1,Activity,Scope 1,Refrigerant & other,Fluorinated ethers,HFE-449sl (HFE-7100),,Refrigerant & other Fluorinated ethers HFE-449sl (HFE-7100) ,kg,kg CO2e,421,01/01/2025,31/12/2025,UK DESNZ activity-based conversion factors 2025
2025,3_203_2443_3_1,Activity,Scope 1,Refrigerant & other,Fluorinated ethers,HFE-449sl (HFE-7100),,Refrigerant & other Fluorinated ethers HFE-449sl (HFE-7100) ,kg,kg CO2e,421,01/01/2025,31/12/2025,UK DESNZ activity-based conversion factors 2025
2025,3_203_2445_3_1,Activity,Scope 1,Refrigerant & other,Fluorinated ethers,HFE-569sf2 (HFE-7200),,Refrigerant & other Fluorinated ethers HFE-569sf2 (HFE-7200) ,kg,kg CO2e,57,01/01/2025,31/12/2025,UK DESNZ activity-based conversion factors 2025
2025,3_203_2446_3_1,Activity,Scope 1,Refrigerant & other,Fluorinated ethers,HFE-569sf2 (HFE-7200),,Refrigerant & other Fluorinated ethers HFE-569sf2 (HFE-7200) ,kg,kg CO2e,57,01/01/2025,31/12/2025,UK DESNZ activity-based conversion factors 2025
2025,3_203_2448_3_1,Activity,Scope 1,Refrigerant & other,Fluorinated ethers,HFE-43-10pccc124 (H-Galden1040x),,Refrigerant & other Fluorinated ethers HFE-43-10pccc124 (H-Galden1040x) ,kg,kg CO2e,2820,01/01/2025,31/12/2025,UK DESNZ activity-based conversion factors 2025
2025,3_203_2449_3_1,Activity,Scope 1,Refrigerant & other,Fluorinated ethers,HFE-43-10pccc124 (H-Galden1040x),,Refrigerant & other Fluorinated ethers HFE-43-10pccc124 (H-Galden1040x) ,kg,kg CO2e,2820,01/01/2025,31/12/2025,UK DESNZ activity-based conversion factors 2025
2025,3_203_2451_3_1,Activity,Scope 1,Refrigerant & other,Fluorinated ethers,HFE-236ca12 (HG-10),,Refrigerant & other Fluorinated ethers HFE-236ca12 (HG-10) ,kg,kg CO2e,5350,01/01/2025,31/12/2025,UK DESNZ activity-based conversion factors 2025
2025,3_203_2452_3_1,Activity,Scope 1,Refrigerant & other,Fluorinated ethers,HFE-236ca12 (HG-10),,Refrigerant & other Fluorinated ethers HFE-236ca12 (HG-10) ,kg,kg CO2e,5350,01/01/2025,31/12/2025,UK DESNZ activity-based conversion factors 2025
2025,3_203_2454_3_1,Activity,Scope 1,Refrigerant & other,Fluorinated ethers,HFE-338pcc13 (HG-01),,Refrigerant & other Fluorinated ethers HFE-338pcc13 (HG-01) ,kg,kg CO2e,2910,01/01/2025,31/12/2025,UK DESNZ activity-based conversion factors 2025
2025,3_203_2455_3_1,Activity,Scope 1,Refrigerant & other,Fluorinated ethers,HFE-338pcc13 (HG-01),,Refrigerant & other Fluorinated ethers HFE-338pcc13 (HG-01) ,kg,kg CO2e,2910,01/01/2025,31/12/2025,UK DESNZ activity-based conversion factors 2025
2025,3_204_2457_3_1,Activity,Scope 1,Refrigerant & other,Other products,Trifluoromethyl sulphur pentafluoride,,Refrigerant & other Other products Trifluoromethyl sulphur pentafluoride ,kg,kg CO2e,17400,01/01/2025,31/12/2025,UK DESNZ activity-based conversion factors 2025
2025,3_204_2458_3_1,Activity,Scope 1,Refrigerant & other,Other products,Trifluoromethyl sulphur pentafluoride,,Refrigerant & other Other products Trifluoromethyl sulphur pentafluoride ,kg,kg CO2e,17400,01/01/2025,31/12/2025,UK DESNZ activity-based conversion factors 2025
2025,3_204_2460_3_1,Activity,Scope 1,Refrigerant & other,Other products,PFPMIE,,Refrigerant & other Other products PFPMIE ,kg,kg CO2e,9710,01/01/2025,31/12/2025,UK DESNZ activity-based conversion factors 2025
2025,3_204_2461_3_1,Activity,Scope 1,Refrigerant & other,Other products,PFPMIE,,Refrigerant & other Other products PFPMIE ,kg,kg CO2e,9710,01/01/2025,31/12/2025,UK DESNZ activity-based conversion factors 2025
2025,3_204_2463_3_1,Activity,Scope 1,Refrigerant & other,Other products,Dimethylether,,Refrigerant & other Other products Dimethylether ,kg,kg CO2e,1,01/01/2025,31/12/2025,UK DESNZ activity-based conversion factors 2025
2025,3_204_2464_3_1,Activity,Scope 1,Refrigerant & other,Other products,Dimethylether,,Refrigerant & other Other products Dimethylether ,kg,kg CO2e,1,01/01/2025,31/12/2025,UK DESNZ activity-based conversion factors 2025
2025,3_204_2466_3_1,Activity,Scope 1,Refrigerant & other,Other products,Methylene chloride,,Refrigerant & other Other products Methylene chloride ,kg,kg CO2e,9,01/01/2025,31/12/2025,UK DESNZ activity-based conversion factors 2025
2025,3_204_2467_3_1,Activity,Scope 1,Refrigerant & other,Other products,Methylene chloride,,Refrigerant & other Other products Methylene chloride ,kg,kg CO2e,9,01/01/2025,31/12/2025,UK DESNZ activity-based conversion factors 2025
2025,3_204_2469_3_1,Activity,Scope 1,Refrigerant & other,Other products,Methyl chloride,,Refrigerant & other Other products Methyl chloride ,kg,kg CO2e,12,01/01/2025,31/12/2025,UK DESNZ activity-based conversion factors 2025
2025,3_204_2470_3_1,Activity,Scope 1,Refrigerant & other,Other products,Methyl chloride,,Refrigerant & other Other products Methyl chloride ,kg,kg CO2e,12,01/01/2025,31/12/2025,UK DESNZ activity-based conversion factors 2025
2025,3_204_2472_3_1,Activity,Scope 1,Refrigerant & other,Other products,R290 = propane,,Refrigerant & other Other products R290 = propane ,kg,kg CO2e,0.06,01/01/2025,31/12/2025,UK DESNZ activity-based conversion factors 2025
2025,3_204_2473_3_1,Activity,Scope 1,Refrigerant & other,Other products,R290 = propane,,Refrigerant & other Other products R290 = propane ,kg,kg CO2e,0.06,01/01/2025,31/12/2025,UK DESNZ activity-based conversion factors 2025
2025,3_204_2475_3_1,Activity,Scope 1,Refrigerant & other,Other products,R600A = isobutane,,Refrigerant & other Other products R600A = isobutane ,kg,kg CO2e,3,01/01/2025,31/12/2025,UK DESNZ activity-based conversion factors 2025
2025,3_204_2476_3_1,Activity,Scope 1,Refrigerant & other,Other products,R600A = isobutane,,Refrigerant & other Other products R600A = isobutane ,kg,kg CO2e,3,01/01/2025,31/12/2025,UK DESNZ activity-based conversion factors 2025
2025,3_204_2478_3_1,Activity,Scope 1,Refrigerant & other,Other products,R600 = butane,,Refrigerant & other Other products R600 = butane ,kg,kg CO2e,0.006,01/01/2025,31/12/2025,UK DESNZ activity-based conversion factors 2025
2025,3_204_2479_3_1,Activity,Scope 1,Refrigerant & other,Other products,R600 = butane,,Refrigerant & other Other products R600 = butane ,kg,kg CO2e,0.006,01/01/2025,31/12/2025,UK DESNZ activity-based conversion factors 2025
2025,3_204_2481_3_1,Activity,Scope 1,Refrigerant & other,Other products,R601 = pentane,,Refrigerant & other Other products R601 = pentane ,kg,kg CO2e,5,01/01/2025,31/12/2025,UK DESNZ activity-based conversion factors 2025
2025,3_204_2482_3_1,Activity,Scope 1,Refrigerant & other,Other products,R601 = pentane,,Refrigerant & other Other products R601 = pentane ,kg,kg CO2e,5,01/01/2025,31/12/2025,UK DESNZ activity-based conversion factors 2025
2025,3_204_2484_3_1,Activity,Scope 1,Refrigerant & other,Other products,R601A = isopentane,,Refrigerant & other Other products R601A = isopentane ,kg,kg CO2e,5,01/01/2025,31/12/2025,UK DESNZ activity-based conversion factors 2025
2025,3_204_2485_3_1,Activity,Scope 1,Refrigerant & other,Other products,R601A = isopentane,,Refrigerant & other Other products R601A = isopentane ,kg,kg CO2e,5,01/01/2025,31/12/2025,UK DESNZ activity-based conversion factors 2025
2025,3_204_2487_3_1,Activity,Scope 1,Refrigerant & other,Other products,R170 = ethane,,Refrigerant & other Other products R170 = ethane ,kg,kg CO2e,0.437,01/01/2025,31/12/2025,UK DESNZ activity-based conversion factors 2025
2025,3_204_2488_3_1,Activity,Scope 1,Refrigerant & other,Other products,R170 = ethane,,Refrigerant & other Other products R170 = ethane ,kg,kg CO2e,0.437,01/01/2025,31/12/2025,UK DESNZ activity-based conversion factors 2025
2025,3_204_2490_3_1,Activity,Scope 1,Refrigerant & other,Other products,R1270 = propene,,Refrigerant & other Other products R1270 = propene ,kg,kg CO2e,2,01/01/2025,31/12/2025,UK DESNZ activity-based conversion factors 2025
2025,3_204_2491_3_1,Activity,Scope 1,Refrigerant & other,Other products,R1270 = propene,,Refrigerant & other Other products R1270 = propene ,kg,kg CO2e,2,01/01/2025,31/12/2025,UK DESNZ activity-based conversion factors 2025
2025,3_204_2493_3_1,Activity,Scope 1,Refrigerant & other,Other products,R1234yf*,,Refrigerant & other Other products R1234yf* ,kg,kg CO2e,1,01/01/2025,31/12/2025,UK DESNZ activity-based conversion factors 2025
2025,3_204_2494_3_1,Activity,Scope 1,Refrigerant & other,Other products,R1234yf*,,Refrigerant & other Other products R1234yf* ,kg,kg CO2e,1,01/01/2025,31/12/2025,UK DESNZ activity-based conversion factors 2025
2025,3_204_2496_3_1,Activity,Scope 1,Refrigerant & other,Other products,R1234ze*,,Refrigerant & other Other products R1234ze* ,kg,kg CO2e,1,01/01/2025,31/12/2025,UK DESNZ activity-based conversion factors 2025
2025,3_204_2497_3_1,Activity,Scope 1,Refrigerant & other,Other products,R1234ze*,,Refrigerant & other Other products R1234ze* ,kg,kg CO2e,1,01/01/2025,31/12/2025,UK DESNZ activity-based conversion factors 2025
2025,4_301_3045_4_1,Activity,Scope 1,Passenger vehicles,Cars (by size),Small car,Diesel,Passenger vehicles Cars (by size) Small car Diesel,km,kg CO2e,0.1434,01/01/2025,31/12/2025,UK DESNZ activity-based conversion factors 2025
2025,4_301_3046_4_1,Activity,Scope 1,Passenger vehicles,Cars (by size),Small car,Petrol,Passenger vehicles Cars (by size) Small car Petrol,km,kg CO2e,0.14308,01/01/2025,31/12/2025,UK DESNZ activity-based conversion factors 2025
2025,4_301_3047_4_1,Activity,Scope 1,Passenger vehicles,Cars (by size),Small car,Hybrid,Passenger vehicles Cars (by size) Small car Hybrid,km,kg CO2e,0.11413,01/01/2025,31/12/2025,UK DESNZ activity-based conversion factors 2025
2025,4_301_3050_4_1,Activity,Scope 1,Passenger vehicles,Cars (by size),Small car,Unknown,Passenger vehicles Cars (by size) Small car Unknown,km,kg CO2e,0.14322,01/01/2025,31/12/2025,UK DESNZ activity-based conversion factors 2025
2025,4_301_3051_4_1,Activity,Scope 1,Passenger vehicles,Cars (by size),Small car,Plug-in Hybrid Electric Vehicle,Passenger vehicles Cars (by size) Small car Plug-in Hybrid Electric Vehicle,km,kg CO2e,0.03008,01/01/2025,31/12/2025,UK DESNZ activity-based conversion factors 2025
2025,4_301_3052_4_1,Activity,Scope 1,Passenger vehicles,Cars (by size),Small car,Battery Electric Vehicle,Passenger vehicles Cars (by size) Small car Battery Electric Vehicle,km,kg CO2e,0,01/01/2025,31/12/2025,UK DESNZ activity-based conversion factors 2025
2025,4_301_3045_9_1,Activity,Scope 1,Passenger vehicles,Cars (by size),Small car,Diesel,Passenger vehicles Cars (by size) Small car Diesel,miles,kg CO2e,0.23078,01/01/2025,31/12/2025,UK DESNZ activity-based conversion factors 2025
2025,4_301_3046_9_1,Activity,Scope 1,Passenger vehicles,Cars (by size),Small car,Petrol,Passenger vehicles Cars (by size) Small car Petrol,miles,kg CO2e,0.23027,01/01/2025,31/12/2025,UK DESNZ activity-based conversion factors 2025
2025,4_301_3047_9_1,Activity,Scope 1,Passenger vehicles,Cars (by size),Small car,Hybrid,Passenger vehicles Cars (by size) Small car Hybrid,miles,kg CO2e,0.18368,01/01/2025,31/12/2025,UK DESNZ activity-based conversion factors 2025
2025,4_301_3050_9_1,Activity,Scope 1,Passenger vehicles,Cars (by size),Small car,Unknown,Passenger vehicles Cars (by size) Small car Unknown,miles,kg CO2e,0.23049,01/01/2025,31/12/2025,UK DESNZ activity-based conversion factors 2025
2025,4_301_3051_9_1,Activity,Scope 1,Passenger vehicles,Cars (by size),Small car,Plug-in Hybrid Electric Vehicle,Passenger vehicles Cars (by size) Small car Plug-in Hybrid Electric Vehicle,miles,kg CO2e,0.04841,01/01/2025,31/12/2025,UK DESNZ activity-based conversion factors 2025
2025,4_301_3052_9_1,Activity,Scope 1,Passenger vehicles,Cars (by size),Small car,Battery Electric Vehicle,Passenger vehicles Cars (by size) Small car Battery Electric Vehicle,miles,kg CO2e,0,01/01/2025,31/12/2025,UK DESNZ activity-based conversion factors 2025
2025,4_301_3053_4_1,Activity,Scope 1,Passenger vehicles,Cars (by size),Medium car,Diesel,Passenger vehicles Cars (by size) Medium car Diesel,km,kg CO2e,0.17174,01/01/2025,31/12/2025,UK DESNZ activity-based conversion factors 2025
2025,4_301_3054_4_1,Activity,Scope 1,Passenger vehicles,Cars (by size),Medium car,Petrol,Passenger vehicles Cars (by size) Medium car Petrol,km,kg CO2e,0.17474,01/01/2025,31/12/2025,UK DESNZ activity-based conversion factors 2025
2025,4_301_3055_4_1,Activity,Scope 1,Passenger vehicles,Cars (by size),Medium car,Hybrid,Passenger vehicles Cars (by size) Medium car Hybrid,km,kg CO2e,0.11724,01/01/2025,31/12/2025,UK DESNZ activity-based conversion factors 2025
2025,4_301_3056_4_1,Activity,Scope 1,Passenger vehicles,Cars (by size),Medium car,CNG,Passenger vehicles Cars (by size) Medium car CNG,km,kg CO2e,0.15504,01/01/2025,31/12/2025,UK DESNZ activity-based conversion factors 2025
2025,4_301_3057_4_1,Activity,Scope 1,Passenger vehicles,Cars (by size),Medium car,LPG,Passenger vehicles Cars (by size) Medium car LPG,km,kg CO2e,0.17427,01/01/2025,31/12/2025,UK DESNZ activity-based conversion factors 2025
2025,4_301_3058_4_1,Activity,Scope 1,Passenger vehicles,Cars (by size),Medium car,Unknown,Passenger vehicles Cars (by size) Medium car Unknown,km,kg CO2e,0.17322,01/01/2025,31/12/2025,UK DESNZ activity-based conversion factors 2025
2025,4_301_3059_4_1,Activity,Scope 1,Passenger vehicles,Cars (by size),Medium car,Plug-in Hybrid Electric Vehicle,Passenger vehicles Cars (by size) Medium car Plug-in Hybrid Electric Vehicle,km,kg CO2e,0.07789,01/01/2025,31/12/2025,UK DESNZ activity-based conversion factors 2025
2025,4_301_3060_4_1,Activity,Scope 1,Passenger vehicles,Cars (by size),Medium car,Battery Electric Vehicle,Passenger vehicles Cars (by size) Medium car Battery Electric Vehicle,km,kg CO2e,0,01/01/2025,31/12/2025,UK DESNZ activity-based conversion factors 2025
2025,4_301_3053_9_1,Activity,Scope 1,Passenger vehicles,Cars (by size),Medium car,Diesel,Passenger vehicles Cars (by size) Medium car Diesel,miles,kg CO2e,0.27639,01/01/2025,31/12/2025,UK DESNZ activity-based conversion factors 2025
2025,4_301_3054_9_1,Activity,Scope 1,Passenger vehicles,Cars (by size),Medium car,Petrol,Passenger vehicles Cars (by size) Medium car Petrol,miles,kg CO2e,0.28121,01/01/2025,31/12/2025,UK DESNZ activity-based conversion factors 2025
2025,4_301_3055_9_1,Activity,Scope 1,Passenger vehicles,Cars (by size),Medium car,Hybrid,Passenger vehicles Cars (by size) Medium car Hybrid,miles,kg CO2e,0.18869,01/01/2025,31/12/2025,UK DESNZ activity-based conversion factors 2025
2025,4_301_3056_9_1,Activity,Scope 1,Passenger vehicles,Cars (by size),Medium car,CNG,Passenger vehicles Cars (by size) Medium car CNG,miles,kg CO2e,0.24952,01/01/2025,31/12/2025,UK DESNZ activity-based conversion factors 2025
2025,4_301_3057_9_1,Activity,Scope 1,Passenger vehicles,Cars (by size),Medium car,LPG,Passenger vehicles Cars (by size) Medium car LPG,miles,kg CO2e,0.28046,01/01/2025,31/12/2025,UK DESNZ activity-based conversion factors 2025
2025,4_301_3058_9_1,Activity,Scope 1,Passenger vehicles,Cars (by size),Medium car,Unknown,Passenger vehicles Cars (by size) Medium car Unknown,miles,kg CO2e,0.27877,01/01/2025,31/12/2025,UK DESNZ activity-based conversion factors 2025
2025,4_301_3059_9_1,Activity,Scope 1,Passenger vehicles,Cars (by size),Medium car,Plug-in Hybrid Electric Vehicle,Passenger vehicles Cars (by size) Medium car Plug-in Hybrid Electric Vehicle,miles,kg CO2e,0.12536,01/01/2025,31/12/2025,UK DESNZ activity-based conversion factors 2025
2025,4_301_3060_9_1,Activity,Scope 1,Passenger vehicles,Cars (by size),Medium car,Battery Electric Vehicle,Passenger vehicles Cars (by size) Medium car Battery Electric Vehicle,miles,kg CO2e,0,01/01/2025,31/12/2025,UK DESNZ activity-based conversion factors 2025
2025,4_301_3061_4_1,Activity,Scope 1,Passenger vehicles,Cars (by size),Large car,Diesel,Passenger vehicles Cars (by size) Large car Diesel,km,kg CO2e,0.21007,01/01/2025,31/12/2025,UK DESNZ activity-based conversion factors 2025
2025,4_301_3062_4_1,Activity,Scope 1,Passenger vehicles,Cars (by size),Large car,Petrol,Passenger vehicles Cars (by size) Large car Petrol,km,kg CO2e,0.26828,01/01/2025,31/12/2025,UK DESNZ activity-based conversion factors 2025
2025,4_301_3063_4_1,Activity,Scope 1,Passenger vehicles,Cars (by size),Large car,Hybrid,Passenger vehicles Cars (by size) Large car Hybrid,km,kg CO2e,0.1565,01/01/2025,31/12/2025,UK DESNZ activity-based conversion factors 2025
2025,4_301_3064_4_1,Activity,Scope 1,Passenger vehicles,Cars (by size),Large car,CNG,Passenger vehicles Cars (by size) Large car CNG,km,kg CO2e,0.23722,01/01/2025,31/12/2025,UK DESNZ activity-based conversion factors 2025
2025,4_301_3065_4_1,Activity,Scope 1,Passenger vehicles,Cars (by size),Large car,LPG,Passenger vehicles Cars (by size) Large car LPG,km,kg CO2e,0.26771,01/01/2025,31/12/2025,UK DESNZ activity-based conversion factors 2025
2025,4_301_3066_4_1,Activity,Scope 1,Passenger vehicles,Cars (by size),Large car,Unknown,Passenger vehicles Cars (by size) Large car Unknown,km,kg CO2e,0.22678,01/01/2025,31/12/2025,UK DESNZ activity-based conversion factors 2025
2025,4_301_3067_4_1,Activity,Scope 1,Passenger vehicles,Cars (by size),Large car,Plug-in Hybrid Electric Vehicle,Passenger vehicles Cars (by size) Large car Plug-in Hybrid Electric Vehicle,km,kg CO2e,0.10033,01/01/2025,31/12/2025,UK DESNZ activity-based conversion factors 2025
2025,4_301_3068_4_1,Activity,Scope 1,Passenger vehicles,Cars (by size),Large car,Battery Electric Vehicle,Passenger vehicles Cars (by size) Large car Battery Electric Vehicle,km,kg CO2e,0,01/01/2025,31/12/2025,UK DESNZ activity-based conversion factors 2025
2025,4_301_3061_9_1,Activity,Scope 1,Passenger vehicles,Cars (by size),Large car,Diesel,Passenger vehicles Cars (by size) Large car Diesel,miles,kg CO2e,0.33808,01/01/2025,31/12/2025,UK DESNZ activity-based conversion factors 2025
2025,4_301_3062_9_1,Activity,Scope 1,Passenger vehicles,Cars (by size),Large car,Petrol,Passenger vehicles Cars (by size) Large car Petrol,miles,kg CO2e,0.43175,01/01/2025,31/12/2025,UK DESNZ activity-based conversion factors 2025
2025,4_301_3063_9_1,Activity,Scope 1,Passenger vehicles,Cars (by size),Large car,Hybrid,Passenger vehicles Cars (by size) Large car Hybrid,miles,kg CO2e,0.25184,01/01/2025,31/12/2025,UK DESNZ activity-based conversion factors 2025
2025,4_301_3064_9_1,Activity,Scope 1,Passenger vehicles,Cars (by size),Large car,CNG,Passenger vehicles Cars (by size) Large car CNG,miles,kg CO2e,0.38177,01/01/2025,31/12/2025,UK DESNZ activity-based conversion factors 2025
2025,4_301_3065_9_1,Activity,Scope 1,Passenger vehicles,Cars (by size),Large car,LPG,Passenger vehicles Cars (by size) Large car LPG,miles,kg CO2e,0.43082,01/01/2025,31/12/2025,UK DESNZ activity-based conversion factors 2025
2025,4_301_3066_9_1,Activity,Scope 1,Passenger vehicles,Cars (by size),Large car,Unknown,Passenger vehicles Cars (by size) Large car Unknown,miles,kg CO2e,0.36495,01/01/2025,31/12/2025,UK DESNZ activity-based conversion factors 2025
2025,4_301_3067_9_1,Activity,Scope 1,Passenger vehicles,Cars (by size),Large car,Plug-in Hybrid Electric Vehicle,Passenger vehicles Cars (by size) Large car Plug-in Hybrid Electric Vehicle,miles,kg CO2e,0.16146,01/01/2025,31/12/2025,UK DESNZ activity-based conversion factors 2025
2025,4_301_3068_9_1,Activity,Scope 1,Passenger vehicles,Cars (by size),Large car,Battery Electric Vehicle,Passenger vehicles Cars (by size) Large car Battery Electric Vehicle,miles,kg CO2e,0,01/01/2025,31/12/2025,UK DESNZ activity-based conversion factors 2025
2025,4_301_3069_4_1,Activity,Scope 1,Passenger vehicles,Cars (by size),Average car,Diesel,Passenger vehicles Cars (by size) Average car Diesel,km,kg CO2e,0.17304,01/01/2025,31/12/2025,UK DESNZ activity-based conversion factors 2025
2025,4_301_3070_4_1,Activity,Scope 1,Passenger vehicles,Cars (by size),Average car,Petrol,Passenger vehicles Cars (by size) Average car Petrol,km,kg CO2e,0.16272,01/01/2025,31/12/2025,UK DESNZ activity-based conversion factors 2025
2025,4_301_3071_4_1,Activity,Scope 1,Passenger vehicles,Cars (by size),Average car,Hybrid,Passenger vehicles Cars (by size) Average car Hybrid,km,kg CO2e,0.12825,01/01/2025,31/12/2025,UK DESNZ activity-based conversion factors 2025
2025,4_301_3072_4_1,Activity,Scope 1,Passenger vehicles,Cars (by size),Average car,CNG,Passenger vehicles Cars (by size) Average car CNG,km,kg CO2e,0.17414,01/01/2025,31/12/2025,UK DESNZ activity-based conversion factors 2025
2025,4_301_3073_4_1,Activity,Scope 1,Passenger vehicles,Cars (by size),Average car,LPG,Passenger vehicles Cars (by size) Average car LPG,km,kg CO2e,0.19599,01/01/2025,31/12/2025,UK DESNZ activity-based conversion factors 2025
2025,4_301_3074_4_1,Activity,Scope 1,Passenger vehicles,Cars (by size),Average car,Unknown,Passenger vehicles Cars (by size) Average car Unknown,km,kg CO2e,0.16725,01/01/2025,31/12/2025,UK DESNZ activity-based conversion factors 2025
2025,4_301_3075_4_1,Activity,Scope 1,Passenger vehicles,Cars (by size),Average car,Plug-in Hybrid Electric Vehicle,Passenger vehicles Cars (by size) Average car Plug-in Hybrid Electric Vehicle,km,kg CO2e,0.09167,01/01/2025,31/12/2025,UK DESNZ activity-based conversion factors 2025
2025,4_301_3076_4_1,Activity,Scope 1,Passenger vehicles,Cars (by size),Average car,Battery Electric Vehicle,Passenger vehicles Cars (by size) Average car Battery Electric Vehicle,km,kg CO2e,0,01/01/2025,31/12/2025,UK DESNZ activity-based conversion factors 2025
2025,4_301_3069_9_1,Activity,Scope 1,Passenger vehicles,Cars (by size),Average car,Diesel,Passenger vehicles Cars (by size) Average car Diesel,miles,kg CO2e,0.27849,01/01/2025,31/12/2025,UK DESNZ activity-based conversion factors 2025
2025,4_301_3070_9_1,Activity,Scope 1,Passenger vehicles,Cars (by size),Average car,Petrol,Passenger vehicles Cars (by size) Average car Petrol,miles,kg CO2e,0.26187,01/01/2025,31/12/2025,UK DESNZ activity-based conversion factors 2025
2025,4_301_3071_9_1,Activity,Scope 1,Passenger vehicles,Cars (by size),Average car,Hybrid,Passenger vehicles Cars (by size) Average car Hybrid,miles,kg CO2e,0.20639,01/01/2025,31/12/2025,UK DESNZ activity-based conversion factors 2025
2025,4_301_3072_9_1,Activity,Scope 1,Passenger vehicles,Cars (by size),Average car,CNG,Passenger vehicles Cars (by size) Average car CNG,miles,kg CO2e,0.28025,01/01/2025,31/12/2025,UK DESNZ activity-based conversion factors 2025
2025,4_301_3073_9_1,Activity,Scope 1,Passenger vehicles,Cars (by size),Average car,LPG,Passenger vehicles Cars (by size) Average car LPG,miles,kg CO2e,0.31541,01/01/2025,31/12/2025,UK DESNZ activity-based conversion factors 2025
2025,4_301_3074_9_1,Activity,Scope 1,Passenger vehicles,Cars (by size),Average car,Unknown,Passenger vehicles Cars (by size) Average car Unknown,miles,kg CO2e,0.26915,01/01/2025,31/12/2025,UK DESNZ activity-based conversion factors 2025
2025,4_301_3075_9_1,Activity,Scope 1,Passenger vehicles,Cars (by size),Average car,Plug-in Hybrid Electric Vehicle,Passenger vehicles Cars (by size) Average car Plug-in Hybrid Electric Vehicle,miles,kg CO2e,0.14751,01/01/2025,31/12/2025,UK DESNZ activity-based conversion factors 2025
2025,4_301_3076_9_1,Activity,Scope 1,Passenger vehicles,Cars (by size),Average car,Battery Electric Vehicle,Passenger vehicles Cars (by size) Average car Battery Electric Vehicle,miles,kg CO2e,0,01/01/2025,31/12/2025,UK DESNZ activity-based conversion factors 2025
2025,4_302_3077_4_1,Activity,Scope 1,Passenger vehicles,Motorbike,Small,,Passenger vehicles Motorbike Small ,km,kg CO2e,0.08319,01/01/2025,31/12/2025,UK DESNZ activity-based conversion factors 2025
2025,4_302_3077_9_1,Activity,Scope 1,Passenger vehicles,Motorbike,Small,,Passenger vehicles Motorbike Small ,miles,kg CO2e,0.13389,01/01/2025,31/12/2025,UK DESNZ activity-based conversion factors 2025
2025,4_302_3078_4_1,Activity,Scope 1,Passenger vehicles,Motorbike,Medium,,Passenger vehicles Motorbike Medium ,km,kg CO2e,0.10107,01/01/2025,31/12/2025,UK DESNZ activity-based conversion factors 2025
2025,4_302_3078_9_1,Activity,Scope 1,Passenger vehicles,Motorbike,Medium,,Passenger vehicles Motorbike Medium ,miles,kg CO2e,0.16265,01/01/2025,31/12/2025,UK DESNZ activity-based conversion factors 2025
2025,4_302_3079_4_1,Activity,Scope 1,Passenger vehicles,Motorbike,Large,,Passenger vehicles Motorbike Large ,km,kg CO2e,0.13252,01/01/2025,31/12/2025,UK DESNZ activity-based conversion factors 2025
2025,4_302_3079_9_1,Activity,Scope 1,Passenger vehicles,Motorbike,Large,,Passenger vehicles Motorbike Large ,miles,kg CO2e,0.21326,01/01/2025,31/12/2025,UK DESNZ activity-based conversion factors 2025
2025,4_302_3080_4_1,Activity,Scope 1,Passenger vehicles,Motorbike,Average,,Passenger vehicles Motorbike Average ,km,kg CO2e,0.11367,01/01/2025,31/12/2025,UK DESNZ activity-based conversion factors 2025
2025,4_302_3080_9_1,Activity,Scope 1,Passenger vehicles,Motorbike,Average,,Passenger vehicles Motorbike Average ,miles,kg CO2e,0.18293,01/01/2025,31/12/2025,UK DESNZ activity-based conversion factors 2025
2025,5_303_3081_4_1,Activity,Scope 1,Delivery vehicles,Vans,Class I (up to 1.305 tonnes),Diesel,Delivery vehicles Vans Class I (up to 1.305 tonnes) Diesel,km,kg CO2e,0.15738,01/01/2025,31/12/2025,UK DESNZ activity-based conversion factors 2025
2025,5_303_3082_4_1,Activity,Scope 1,Delivery vehicles,Vans,Class I (up to 1.305 tonnes),Petrol,Delivery vehicles Vans Class I (up to 1.305 tonnes) Petrol,km,kg CO2e,0.20188,01/01/2025,31/12/2025,UK DESNZ activity-based conversion factors 2025
2025,5_303_3087_4_1,Activity,Scope 1,Delivery vehicles,Vans,Class I (up to 1.305 tonnes),Battery Electric Vehicle,Delivery vehicles Vans Class I (up to 1.305 tonnes) Battery Electric Vehicle,km,kg CO2e,0,01/01/2025,31/12/2025,UK DESNZ activity-based conversion factors 2025
2025,5_303_3081_9_1,Activity,Scope 1,Delivery vehicles,Vans,Class I (up to 1.305 tonnes),Diesel,Delivery vehicles Vans Class I (up to 1.305 tonnes) Diesel,miles,kg CO2e,0.25329,01/01/2025,31/12/2025,UK DESNZ activity-based conversion factors 2025
2025,5_303_3082_9_1,Activity,Scope 1,Delivery vehicles,Vans,Class I (up to 1.305 tonnes),Petrol,Delivery vehicles Vans Class I (up to 1.305 tonnes) Petrol,miles,kg CO2e,0.3249,01/01/2025,31/12/2025,UK DESNZ activity-based conversion factors 2025
2025,5_303_3087_9_1,Activity,Scope 1,Delivery vehicles,Vans,Class I (up to 1.305 tonnes),Battery Electric Vehicle,Delivery vehicles Vans Class I (up to 1.305 tonnes) Battery Electric Vehicle,miles,kg CO2e,0,01/01/2025,31/12/2025,UK DESNZ activity-based conversion factors 2025
2025,5_303_3088_4_1,Activity,Scope 1,Delivery vehicles,Vans,Class II (1.305 to 1.74 tonnes),Diesel,Delivery vehicles Vans Class II (1.305 to 1.74 tonnes) Diesel,km,kg CO2e,0.1926,01/01/2025,31/12/2025,UK DESNZ activity-based conversion factors 2025
2025,5_303_3089_4_1,Activity,Scope 1,Delivery vehicles,Vans,Class II (1.305 to 1.74 tonnes),Petrol,Delivery vehicles Vans Class II (1.305 to 1.74 tonnes) Petrol,km,kg CO2e,0.20874,01/01/2025,31/12/2025,UK DESNZ activity-based conversion factors 2025
2025,5_303_3094_4_1,Activity,Scope 1,Delivery vehicles,Vans,Class II (1.305 to 1.74 tonnes),Battery Electric Vehicle,Delivery vehicles Vans Class II (1.305 to 1.74 tonnes) Battery Electric Vehicle,km,kg CO2e,0,01/01/2025,31/12/2025,UK DESNZ activity-based conversion factors 2025
2025,5_303_3088_9_1,Activity,Scope 1,Delivery vehicles,Vans,Class II (1.305 to 1.74 tonnes),Diesel,Delivery vehicles Vans Class II (1.305 to 1.74 tonnes) Diesel,miles,kg CO2e,0.30996,01/01/2025,31/12/2025,UK DESNZ activity-based conversion factors 2025
2025,5_303_3089_9_1,Activity,Scope 1,Delivery vehicles,Vans,Class II (1.305 to 1.74 tonnes),Petrol,Delivery vehicles Vans Class II (1.305 to 1.74 tonnes) Petrol,miles,kg CO2e,0.33594,01/01/2025,31/12/2025,UK DESNZ activity-based conversion factors 2025
2025,5_303_3094_9_1,Activity,Scope 1,Delivery vehicles,Vans,Class II (1.305 to 1.74 tonnes),Battery Electric Vehicle,Delivery vehicles Vans Class II (1.305 to 1.74 tonnes) Battery Electric Vehicle,miles,kg CO2e,0,01/01/2025,31/12/2025,UK DESNZ activity-based conversion factors 2025
2025,5_303_3095_4_1,Activity,Scope 1,Delivery vehicles,Vans,Class III (1.74 to 3.5 tonnes),Diesel,Delivery vehicles Vans Class III (1.74 to 3.5 tonnes) Diesel,km,kg CO2e,0.27878,01/01/2025,31/12/2025,UK DESNZ activity-based conversion factors 2025
2025,5_303_3096_4_1,Activity,Scope 1,Delivery vehicles,Vans,Class III (1.74 to 3.5 tonnes),Petrol,Delivery vehicles Vans Class III (1.74 to 3.5 tonnes) Petrol,km,kg CO2e,0.33845,01/01/2025,31/12/2025,UK DESNZ activity-based conversion factors 2025
2025,5_303_3100_4_1,Activity,Scope 1,Delivery vehicles,Vans,Class III (1.74 to 3.5 tonnes),Plug-in Hybrid Electric Vehicle,Delivery vehicles Vans Class III (1.74 to 3.5 tonnes) Plug-in Hybrid Electric Vehicle,km,kg CO2e,0.13055,01/01/2025,31/12/2025,UK DESNZ activity-based conversion factors 2025
2025,5_303_3101_4_1,Activity,Scope 1,Delivery vehicles,Vans,Class III (1.74 to 3.5 tonnes),Battery Electric Vehicle,Delivery vehicles Vans Class III (1.74 to 3.5 tonnes) Battery Electric Vehicle,km,kg CO2e,0,01/01/2025,31/12/2025,UK DESNZ activity-based conversion factors 2025
2025,5_303_3095_9_1,Activity,Scope 1,Delivery vehicles,Vans,Class III (1.74 to 3.5 tonnes),Diesel,Delivery vehicles Vans Class III (1.74 to 3.5 tonnes) Diesel,miles,kg CO2e,0.44866,01/01/2025,31/12/2025,UK DESNZ activity-based conversion factors 2025
2025,5_303_3096_9_1,Activity,Scope 1,Delivery vehicles,Vans,Class III (1.74 to 3.5 tonnes),Petrol,Delivery vehicles Vans Class III (1.74 to 3.5 tonnes) Petrol,miles,kg CO2e,0.54468,01/01/2025,31/12/2025,UK DESNZ activity-based conversion factors 2025
2025,5_303_3100_9_1,Activity,Scope 1,Delivery vehicles,Vans,Class III (1.74 to 3.5 tonnes),Plug-in Hybrid Electric Vehicle,Delivery vehicles Vans Class III (1.74 to 3.5 tonnes) Plug-in Hybrid Electric Vehicle,miles,kg CO2e,0.2101,01/01/2025,31/12/2025,UK DESNZ activity-based conversion factors 2025
2025,5_303_3101_9_1,Activity,Scope 1,Delivery vehicles,Vans,Class III (1.74 to 3.5 tonnes),Battery Electric Vehicle,Delivery vehicles Vans Class III (1.74 to 3.5 tonnes) Battery Electric Vehicle,miles,kg CO2e,0,01/01/2025,31/12/2025,UK DESNZ activity-based conversion factors 2025
2025,5_303_3102_4_1,Activity,Scope 1,Delivery vehicles,Vans,Average (up to 3.5 tonnes),Diesel,Delivery vehicles Vans Average (up to 3.5 tonnes) Diesel,km,kg CO2e,0.25561,01/01/2025,31/12/2025,UK DESNZ activity-based conversion factors 2025
2025,5_303_3103_4_1,Activity,Scope 1,Delivery vehicles,Vans,Average (up to 3.5 tonnes),Petrol,Delivery vehicles Vans Average (up to 3.5 tonnes) Petrol,km,kg CO2e,0.21335,01/01/2025,31/12/2025,UK DESNZ activity-based conversion factors 2025
2025,5_303_3104_4_1,Activity,Scope 1,Delivery vehicles,Vans,Average (up to 3.5 tonnes),CNG,Delivery vehicles Vans Average (up to 3.5 tonnes) CNG,km,kg CO2e,0.25113,01/01/2025,31/12/2025,UK DESNZ activity-based conversion factors 2025
2025,5_303_3105_4_1,Activity,Scope 1,Delivery vehicles,Vans,Average (up to 3.5 tonnes),LPG,Delivery vehicles Vans Average (up to 3.5 tonnes) LPG,km,kg CO2e,0.2761,01/01/2025,31/12/2025,UK DESNZ activity-based conversion factors 2025
2025,5_303_3106_4_1,Activity,Scope 1,Delivery vehicles,Vans,Average (up to 3.5 tonnes),Unknown,Delivery vehicles Vans Average (up to 3.5 tonnes) Unknown,km,kg CO2e,0.2543,01/01/2025,31/12/2025,UK DESNZ activity-based conversion factors 2025
2025,5_303_3107_4_1,Activity,Scope 1,Delivery vehicles,Vans,Average (up to 3.5 tonnes),Plug-in Hybrid Electric Vehicle,Delivery vehicles Vans Average (up to 3.5 tonnes) Plug-in Hybrid Electric Vehicle,km,kg CO2e,0.13055,01/01/2025,31/12/2025,UK DESNZ activity-based conversion factors 2025
2025,5_303_3108_4_1,Activity,Scope 1,Delivery vehicles,Vans,Average (up to 3.5 tonnes),Battery Electric Vehicle,Delivery vehicles Vans Average (up to 3.5 tonnes) Battery Electric Vehicle,km,kg CO2e,0,01/01/2025,31/12/2025,UK DESNZ activity-based conversion factors 2025
2025,5_303_3102_9_1,Activity,Scope 1,Delivery vehicles,Vans,Average (up to 3.5 tonnes),Diesel,Delivery vehicles Vans Average (up to 3.5 tonnes) Diesel,miles,kg CO2e,0.41138,01/01/2025,31/12/2025,UK DESNZ activity-based conversion factors 2025
2025,5_303_3103_9_1,Activity,Scope 1,Delivery vehicles,Vans,Average (up to 3.5 tonnes),Petrol,Delivery vehicles Vans Average (up to 3.5 tonnes) Petrol,miles,kg CO2e,0.34336,01/01/2025,31/12/2025,UK DESNZ activity-based conversion factors 2025
2025,5_303_3104_9_1,Activity,Scope 1,Delivery vehicles,Vans,Average (up to 3.5 tonnes),CNG,Delivery vehicles Vans Average (up to 3.5 tonnes) CNG,miles,kg CO2e,0.40415,01/01/2025,31/12/2025,UK DESNZ activity-based conversion factors 2025
2025,5_303_3105_9_1,Activity,Scope 1,Delivery vehicles,Vans,Average (up to 3.5 tonnes),LPG,Delivery vehicles Vans Average (up to 3.5 tonnes) LPG,miles,kg CO2e,0.44433,01/01/2025,31/12/2025,UK DESNZ activity-based conversion factors 2025
2025,5_303_3106_9_1,Activity,Scope 1,Delivery vehicles,Vans,Average (up to 3.5 tonnes),Unknown,Delivery vehicles Vans Average (up to 3.5 tonnes) Unknown,miles,kg CO2e,0.40926,01/01/2025,31/12/2025,UK DESNZ activity-based conversion factors 2025
2025,5_303_3107_9_1,Activity,Scope 1,Delivery vehicles,Vans,Average (up to 3.5 tonnes),Plug-in Hybrid Electric Vehicle,Delivery vehicles Vans Average (up to 3.5 tonnes) Plug-in Hybrid Electric Vehicle,miles,kg CO2e,0.2101,01/01/2025,31/12/2025,UK DESNZ activity-based conversion factors 2025
2025,5_303_3108_9_1,Activity,Scope 1,Delivery vehicles,Vans,Average (up to 3.5 tonnes),Battery Electric Vehicle,Delivery vehicles Vans Average (up to 3.5 tonnes) Battery Electric Vehicle,miles,kg CO2e,0,01/01/2025,31/12/2025,UK DESNZ activity-based conversion factors 2025
2025,5_304_3109_4_1,Activity,Scope 1,Delivery vehicles,HGV (all diesel),Rigid (>3.5 - 7.5 tonnes),0% Laden,Delivery vehicles HGV (all diesel) Rigid (>3.5 - 7.5 tonnes) 0% Laden,km,kg CO2e,0.46138,01/01/2025,31/12/2025,UK DESNZ activity-based conversion factors 2025
2025,5_304_3110_4_1,Activity,Scope 1,Delivery vehicles,HGV (all diesel),Rigid (>3.5 - 7.5 tonnes),50% Laden,Delivery vehicles HGV (all diesel) Rigid (>3.5 - 7.5 tonnes) 50% Laden,km,kg CO2e,0.50103,01/01/2025,31/12/2025,UK DESNZ activity-based conversion factors 2025
2025,5_304_3111_4_1,Activity,Scope 1,Delivery vehicles,HGV (all diesel),Rigid (>3.5 - 7.5 tonnes),100% Laden,Delivery vehicles HGV (all diesel) Rigid (>3.5 - 7.5 tonnes) 100% Laden,km,kg CO2e,0.54068,01/01/2025,31/12/2025,UK DESNZ activity-based conversion factors 2025
2025,5_304_3112_4_1,Activity,Scope 1,Delivery vehicles,HGV (all diesel),Rigid (>3.5 - 7.5 tonnes),Average laden,Delivery vehicles HGV (all diesel) Rigid (>3.5 - 7.5 tonnes) Average laden,km,kg CO2e,0.49548,01/01/2025,31/12/2025,UK DESNZ activity-based conversion factors 2025
2025,5_304_3109_9_1,Activity,Scope 1,Delivery vehicles,HGV (all diesel),Rigid (>3.5 - 7.5 tonnes),0% Laden,Delivery vehicles HGV (all diesel) Rigid (>3.5 - 7.5 tonnes) 0% Laden,miles,kg CO2e,0.74251,01/01/2025,31/12/2025,UK DESNZ activity-based conversion factors 2025
2025,5_304_3110_9_1,Activity,Scope 1,Delivery vehicles,HGV (all diesel),Rigid (>3.5 - 7.5 tonnes),50% Laden,Delivery vehicles HGV (all diesel) Rigid (>3.5 - 7.5 tonnes) 50% Laden,miles,kg CO2e,0.80632,01/01/2025,31/12/2025,UK DESNZ activity-based conversion factors 2025
2025,5_304_3111_9_1,Activity,Scope 1,Delivery vehicles,HGV (all diesel),Rigid (>3.5 - 7.5 tonnes),100% Laden,Delivery vehicles HGV (all diesel) Rigid (>3.5 - 7.5 tonnes) 100% Laden,miles,kg CO2e,0.87012,01/01/2025,31/12/2025,UK DESNZ activity-based conversion factors 2025
2025,5_304_3112_9_1,Activity,Scope 1,Delivery vehicles,HGV (all diesel),Rigid (>3.5 - 7.5 tonnes),Average laden,Delivery vehicles HGV (all diesel) Rigid (>3.5 - 7.5 tonnes) Average laden,miles,kg CO2e,0.79738,01/01/2025,31/12/2025,UK DESNZ activity-based conversion factors 2025
2025,5_304_3113_4_1,Activity,Scope 1,Delivery vehicles,HGV (all diesel),Rigid (>7.5 tonnes-17 tonnes),0% Laden,Delivery vehicles HGV (all diesel) Rigid (>7.5 tonnes-17 tonnes) 0% Laden,km,kg CO2e,0.55061,01/01/2025,31/12/2025,UK DESNZ activity-based conversion factors 2025
2025,5_304_3114_4_1,Activity,Scope 1,Delivery vehicles,HGV (all diesel),Rigid (>7.5 tonnes-17 tonnes),50% Laden,Delivery vehicles HGV (all diesel) Rigid (>7.5 tonnes-17 tonnes) 50% Laden,km,kg CO2e,0.62832,01/01/2025,31/12/2025,UK DESNZ activity-based conversion factors 2025
2025,5_304_3115_4_1,Activity,Scope 1,Delivery vehicles,HGV (all diesel),Rigid (>7.5 tonnes-17 tonnes),100% Laden,Delivery vehicles HGV (all diesel) Rigid (>7.5 tonnes-17 tonnes) 100% Laden,km,kg CO2e,0.70603,01/01/2025,31/12/2025,UK DESNZ activity-based conversion factors 2025
2025,5_304_3116_4_1,Activity,Scope 1,Delivery vehicles,HGV (all diesel),Rigid (>7.5 tonnes-17 tonnes),Average laden,Delivery vehicles HGV (all diesel) Rigid (>7.5 tonnes-17 tonnes) Average laden,km,kg CO2e,0.60501,01/01/2025,31/12/2025,UK DESNZ activity-based conversion factors 2025
2025,5_304_3113_9_1,Activity,Scope 1,Delivery vehicles,HGV (all diesel),Rigid (>7.5 tonnes-17 tonnes),0% Laden,Delivery vehicles HGV (all diesel) Rigid (>7.5 tonnes-17 tonnes) 0% Laden,miles,kg CO2e,0.88612,01/01/2025,31/12/2025,UK DESNZ activity-based conversion factors 2025
2025,5_304_3114_9_1,Activity,Scope 1,Delivery vehicles,HGV (all diesel),Rigid (>7.5 tonnes-17 tonnes),50% Laden,Delivery vehicles HGV (all diesel) Rigid (>7.5 tonnes-17 tonnes) 50% Laden,miles,kg CO2e,1.01119,01/01/2025,31/12/2025,UK DESNZ activity-based conversion factors 2025
2025,5_304_3115_9_1,Activity,Scope 1,Delivery vehicles,HGV (all diesel),Rigid (>7.5 tonnes-17 tonnes),100% Laden,Delivery vehicles HGV (all diesel) Rigid (>7.5 tonnes-17 tonnes) 100% Laden,miles,kg CO2e,1.13625,01/01/2025,31/12/2025,UK DESNZ activity-based conversion factors 2025
2025,5_304_3116_9_1,Activity,Scope 1,Delivery vehicles,HGV (all diesel),Rigid (>7.5 tonnes-17 tonnes),Average laden,Delivery vehicles HGV (all diesel) Rigid (>7.5 tonnes-17 tonnes) Average laden,miles,kg CO2e,0.97367,01/01/2025,31/12/2025,UK DESNZ activity-based conversion factors 2025
2025,5_304_3117_4_1,Activity,Scope 1,Delivery vehicles,HGV (all diesel),Rigid (>17 tonnes),0% Laden,Delivery vehicles HGV (all diesel) Rigid (>17 tonnes) 0% Laden,km,kg CO2e,0.774,01/01/2025,31/12/2025,UK DESNZ activity-based conversion factors 2025
2025,5_304_3118_4_1,Activity,Scope 1,Delivery vehicles,HGV (all diesel),Rigid (>17 tonnes),50% Laden,Delivery vehicles HGV (all diesel) Rigid (>17 tonnes) 50% Laden,km,kg CO2e,0.94152,01/01/2025,31/12/2025,UK DESNZ activity-based conversion factors 2025
2025,5_304_3119_4_1,Activity,Scope 1,Delivery vehicles,HGV (all diesel),Rigid (>17 tonnes),100% Laden,Delivery vehicles HGV (all diesel) Rigid (>17 tonnes) 100% Laden,km,kg CO2e,1.10905,01/01/2025,31/12/2025,UK DESNZ activity-based conversion factors 2025
2025,5_304_3120_4_1,Activity,Scope 1,Delivery vehicles,HGV (all diesel),Rigid (>17 tonnes),Average laden,Delivery vehicles HGV (all diesel) Rigid (>17 tonnes) Average laden,km,kg CO2e,0.99156,01/01/2025,31/12/2025,UK DESNZ activity-based conversion factors 2025
2025,5_304_3117_9_1,Activity,Scope 1,Delivery vehicles,HGV (all diesel),Rigid (>17 tonnes),0% Laden,Delivery vehicles HGV (all diesel) Rigid (>17 tonnes) 0% Laden,miles,kg CO2e,1.24562,01/01/2025,31/12/2025,UK DESNZ activity-based conversion factors 2025
2025,5_304_3118_9_1,Activity,Scope 1,Delivery vehicles,HGV (all diesel),Rigid (>17 tonnes),50% Laden,Delivery vehicles HGV (all diesel) Rigid (>17 tonnes) 50% Laden,miles,kg CO2e,1.51523,01/01/2025,31/12/2025,UK DESNZ activity-based conversion factors 2025
2025,5_304_3119_9_1,Activity,Scope 1,Delivery vehicles,HGV (all diesel),Rigid (>17 tonnes),100% Laden,Delivery vehicles HGV (all diesel) Rigid (>17 tonnes) 100% Laden,miles,kg CO2e,1.78484,01/01/2025,31/12/2025,UK DESNZ activity-based conversion factors 2025
2025,5_304_3120_9_1,Activity,Scope 1,Delivery vehicles,HGV (all diesel),Rigid (>17 tonnes),Average laden,Delivery vehicles HGV (all diesel) Rigid (>17 tonnes) Average laden,miles,kg CO2e,1.59575,01/01/2025,31/12/2025,UK DESNZ activity-based conversion factors 2025
2025,5_304_3121_4_1,Activity,Scope 1,Delivery vehicles,HGV (all diesel),All rigids,0% Laden,Delivery vehicles HGV (all diesel) All rigids 0% Laden,km,kg CO2e,0.67912,01/01/2025,31/12/2025,UK DESNZ activity-based conversion factors 2025
2025,5_304_3122_4_1,Activity,Scope 1,Delivery vehicles,HGV (all diesel),All rigids,50% Laden,Delivery vehicles HGV (all diesel) All rigids 50% Laden,km,kg CO2e,0.80803,01/01/2025,31/12/2025,UK DESNZ activity-based conversion factors 2025
2025,5_304_3123_4_1,Activity,Scope 1,Delivery vehicles,HGV (all diesel),All rigids,100% Laden,Delivery vehicles HGV (all diesel) All rigids 100% Laden,km,kg CO2e,0.93695,01/01/2025,31/12/2025,UK DESNZ activity-based conversion factors 2025
2025,5_304_3124_4_1,Activity,Scope 1,Delivery vehicles,HGV (all diesel),All rigids,Average laden,Delivery vehicles HGV (all diesel) All rigids Average laden,km,kg CO2e,0.83751,01/01/2025,31/12/2025,UK DESNZ activity-based conversion factors 2025
2025,5_304_3121_9_1,Activity,Scope 1,Delivery vehicles,HGV (all diesel),All rigids,0% Laden,Delivery vehicles HGV (all diesel) All rigids 0% Laden,miles,kg CO2e,1.09292,01/01/2025,31/12/2025,UK DESNZ activity-based conversion factors 2025
2025,5_304_3122_9_1,Activity,Scope 1,Delivery vehicles,HGV (all diesel),All rigids,50% Laden,Delivery vehicles HGV (all diesel) All rigids 50% Laden,miles,kg CO2e,1.3004,01/01/2025,31/12/2025,UK DESNZ activity-based conversion factors 2025
2025,5_304_3123_9_1,Activity,Scope 1,Delivery vehicles,HGV (all diesel),All rigids,100% Laden,Delivery vehicles HGV (all diesel) All rigids 100% Laden,miles,kg CO2e,1.50787,01/01/2025,31/12/2025,UK DESNZ activity-based conversion factors 2025
2025,5_304_3124_9_1,Activity,Scope 1,Delivery vehicles,HGV (all diesel),All rigids,Average laden,Delivery vehicles HGV (all diesel) All rigids Average laden,miles,kg CO2e,1.34783,01/01/2025,31/12/2025,UK DESNZ activity-based conversion factors 2025
2025,5_304_3125_4_1,Activity,Scope 1,Delivery vehicles,HGV (all diesel),Articulated (>3.5 - 33t),0% Laden,Delivery vehicles HGV (all diesel) Articulated (>3.5 - 33t) 0% Laden,km,kg CO2e,0.62775,01/01/2025,31/12/2025,UK DESNZ activity-based conversion factors 2025
2025,5_304_3126_4_1,Activity,Scope 1,Delivery vehicles,HGV (all diesel),Articulated (>3.5 - 33t),50% Laden,Delivery vehicles HGV (all diesel) Articulated (>3.5 - 33t) 50% Laden,km,kg CO2e,0.78163,01/01/2025,31/12/2025,UK DESNZ activity-based conversion factors 2025
2025,5_304_3127_4_1,Activity,Scope 1,Delivery vehicles,HGV (all diesel),Articulated (>3.5 - 33t),100% Laden,Delivery vehicles HGV (all diesel) Articulated (>3.5 - 33t) 100% Laden,km,kg CO2e,0.93552,01/01/2025,31/12/2025,UK DESNZ activity-based conversion factors 2025
2025,5_304_3128_4_1,Activity,Scope 1,Delivery vehicles,HGV (all diesel),Articulated (>3.5 - 33t),Average laden,Delivery vehicles HGV (all diesel) Articulated (>3.5 - 33t) Average laden,km,kg CO2e,0.78471,01/01/2025,31/12/2025,UK DESNZ activity-based conversion factors 2025
2025,5_304_3125_9_1,Activity,Scope 1,Delivery vehicles,HGV (all diesel),Articulated (>3.5 - 33t),0% Laden,Delivery vehicles HGV (all diesel) Articulated (>3.5 - 33t) 0% Laden,miles,kg CO2e,1.01024,01/01/2025,31/12/2025,UK DESNZ activity-based conversion factors 2025
2025,5_304_3126_9_1,Activity,Scope 1,Delivery vehicles,HGV (all diesel),Articulated (>3.5 - 33t),50% Laden,Delivery vehicles HGV (all diesel) Articulated (>3.5 - 33t) 50% Laden,miles,kg CO2e,1.25789,01/01/2025,31/12/2025,UK DESNZ activity-based conversion factors 2025
2025,5_304_3127_9_1,Activity,Scope 1,Delivery vehicles,HGV (all diesel),Articulated (>3.5 - 33t),100% Laden,Delivery vehicles HGV (all diesel) Articulated (>3.5 - 33t) 100% Laden,miles,kg CO2e,1.50555,01/01/2025,31/12/2025,UK DESNZ activity-based conversion factors 2025
2025,5_304_3128_9_1,Activity,Scope 1,Delivery vehicles,HGV (all diesel),Articulated (>3.5 - 33t),Average laden,Delivery vehicles HGV (all diesel) Articulated (>3.5 - 33t) Average laden,miles,kg CO2e,1.26285,01/01/2025,31/12/2025,UK DESNZ activity-based conversion factors 2025
2025,5_304_3129_4_1,Activity,Scope 1,Delivery vehicles,HGV (all diesel),Articulated (>33t),0% Laden,Delivery vehicles HGV (all diesel) Articulated (>33t) 0% Laden,km,kg CO2e,0.64734,01/01/2025,31/12/2025,UK DESNZ activity-based conversion factors 2025
2025,5_304_3130_4_1,Activity,Scope 1,Delivery vehicles,HGV (all diesel),Articulated (>33t),50% Laden,Delivery vehicles HGV (all diesel) Articulated (>33t) 50% Laden,km,kg CO2e,0.85827,01/01/2025,31/12/2025,UK DESNZ activity-based conversion factors 2025
2025,5_304_3131_4_1,Activity,Scope 1,Delivery vehicles,HGV (all diesel),Articulated (>33t),100% Laden,Delivery vehicles HGV (all diesel) Articulated (>33t) 100% Laden,km,kg CO2e,1.06921,01/01/2025,31/12/2025,UK DESNZ activity-based conversion factors 2025
2025,5_304_3132_4_1,Activity,Scope 1,Delivery vehicles,HGV (all diesel),Articulated (>33t),Average laden,Delivery vehicles HGV (all diesel) Articulated (>33t) Average laden,km,kg CO2e,0.93421,01/01/2025,31/12/2025,UK DESNZ activity-based conversion factors 2025
2025,5_304_3129_9_1,Activity,Scope 1,Delivery vehicles,HGV (all diesel),Articulated (>33t),0% Laden,Delivery vehicles HGV (all diesel) Articulated (>33t) 0% Laden,miles,kg CO2e,1.04178,01/01/2025,31/12/2025,UK DESNZ activity-based conversion factors 2025
2025,5_304_3130_9_1,Activity,Scope 1,Delivery vehicles,HGV (all diesel),Articulated (>33t),50% Laden,Delivery vehicles HGV (all diesel) Articulated (>33t) 50% Laden,miles,kg CO2e,1.38125,01/01/2025,31/12/2025,UK DESNZ activity-based conversion factors 2025
2025,5_304_3131_9_1,Activity,Scope 1,Delivery vehicles,HGV (all diesel),Articulated (>33t),100% Laden,Delivery vehicles HGV (all diesel) Articulated (>33t) 100% Laden,miles,kg CO2e,1.72072,01/01/2025,31/12/2025,UK DESNZ activity-based conversion factors 2025
2025,5_304_3132_9_1,Activity,Scope 1,Delivery vehicles,HGV (all diesel),Articulated (>33t),Average laden,Delivery vehicles HGV (all diesel) Articulated (>33t) Average laden,miles,kg CO2e,1.50346,01/01/2025,31/12/2025,UK DESNZ activity-based conversion factors 2025
2025,5_304_3133_4_1,Activity,Scope 1,Delivery vehicles,HGV (all diesel),All artics,0% Laden,Delivery vehicles HGV (all diesel) All artics 0% Laden,km,kg CO2e,0.64659,01/01/2025,31/12/2025,UK DESNZ activity-based conversion factors 2025
2025,5_304_3134_4_1,Activity,Scope 1,Delivery vehicles,HGV (all diesel),All artics,50% Laden,Delivery vehicles HGV (all diesel) All artics 50% Laden,km,kg CO2e,0.85536,01/01/2025,31/12/2025,UK DESNZ activity-based conversion factors 2025
2025,5_304_3135_4_1,Activity,Scope 1,Delivery vehicles,HGV (all diesel),All artics,100% Laden,Delivery vehicles HGV (all diesel) All artics 100% Laden,km,kg CO2e,1.06414,01/01/2025,31/12/2025,UK DESNZ activity-based conversion factors 2025
2025,5_304_3136_4_1,Activity,Scope 1,Delivery vehicles,HGV (all diesel),All artics,Average laden,Delivery vehicles HGV (all diesel) All artics Average laden,km,kg CO2e,0.92854,01/01/2025,31/12/2025,UK DESNZ activity-based conversion factors 2025
2025,5_304_3133_9_1,Activity,Scope 1,Delivery vehicles,HGV (all diesel),All artics,0% Laden,Delivery vehicles HGV (all diesel) All artics 0% Laden,miles,kg CO2e,1.04057,01/01/2025,31/12/2025,UK DESNZ activity-based conversion factors 2025
2025,5_304_3134_9_1,Activity,Scope 1,Delivery vehicles,HGV (all diesel),All artics,50% Laden,Delivery vehicles HGV (all diesel) All artics 50% Laden,miles,kg CO2e,1.37656,01/01/2025,31/12/2025,UK DESNZ activity-based conversion factors 2025
2025,5_304_3135_9_1,Activity,Scope 1,Delivery vehicles,HGV (all diesel),All artics,100% Laden,Delivery vehicles HGV (all diesel) All artics 100% Laden,miles,kg CO2e,1.71255,01/01/2025,31/12/2025,UK DESNZ activity-based conversion factors 2025
2025,5_304_3136_9_1,Activity,Scope 1,Delivery vehicles,HGV (all diesel),All artics,Average laden,Delivery vehicles HGV (all diesel) All artics Average laden,miles,kg CO2e,1.49432,01/01/2025,31/12/2025,UK DESNZ activity-based conversion factors 2025
2025,5_304_3137_4_1,Activity,Scope 1,Delivery vehicles,HGV (all diesel),All HGVs,0% Laden,Delivery vehicles HGV (all diesel) All HGVs 0% Laden,km,kg CO2e,0.65975,01/01/2025,31/12/2025,UK DESNZ activity-based conversion factors 2025
2025,5_304_3138_4_1,Activity,Scope 1,Delivery vehicles,HGV (all diesel),All HGVs,50% Laden,Delivery vehicles HGV (all diesel) All HGVs 50% Laden,km,kg CO2e,0.83589,01/01/2025,31/12/2025,UK DESNZ activity-based conversion factors 2025
2025,5_304_3139_4_1,Activity,Scope 1,Delivery vehicles,HGV (all diesel),All HGVs,100% Laden,Delivery vehicles HGV (all diesel) All HGVs 100% Laden,km,kg CO2e,1.01203,01/01/2025,31/12/2025,UK DESNZ activity-based conversion factors 2025
2025,5_304_3140_4_1,Activity,Scope 1,Delivery vehicles,HGV (all diesel),All HGVs,Average laden,Delivery vehicles HGV (all diesel) All HGVs Average laden,km,kg CO2e,0.89121,01/01/2025,31/12/2025,UK DESNZ activity-based conversion factors 2025
2025,5_304_3137_9_1,Activity,Scope 1,Delivery vehicles,HGV (all diesel),All HGVs,0% Laden,Delivery vehicles HGV (all diesel) All HGVs 0% Laden,miles,kg CO2e,1.06176,01/01/2025,31/12/2025,UK DESNZ activity-based conversion factors 2025
2025,5_304_3138_9_1,Activity,Scope 1,Delivery vehicles,HGV (all diesel),All HGVs,50% Laden,Delivery vehicles HGV (all diesel) All HGVs 50% Laden,miles,kg CO2e,1.34523,01/01/2025,31/12/2025,UK DESNZ activity-based conversion factors 2025
2025,5_304_3139_9_1,Activity,Scope 1,Delivery vehicles,HGV (all diesel),All HGVs,100% Laden,Delivery vehicles HGV (all diesel) All HGVs 100% Laden,miles,kg CO2e,1.6287,01/01/2025,31/12/2025,UK DESNZ activity-based conversion factors 2025
2025,5_304_3140_9_1,Activity,Scope 1,Delivery vehicles,HGV (all diesel),All HGVs,Average laden,Delivery vehicles HGV (all diesel) All HGVs Average laden,miles,kg CO2e,1.43425,01/01/2025,31/12/2025,UK DESNZ activity-based conversion factors 2025
2025,5_305_3109_4_1,Activity,Scope 1,Delivery vehicles,HGVs refrigerated (all diesel),Rigid (>3.5 - 7.5 tonnes),0% Laden,Delivery vehicles HGVs refrigerated (all diesel) Rigid (>3.5 - 7.5 tonnes) 0% Laden,km,kg CO2e,0.54937,01/01/2025,31/12/2025,UK DESNZ activity-based conversion factors 2025
2025,5_305_3110_4_1,Activity,Scope 1,Delivery vehicles,HGVs refrigerated (all diesel),Rigid (>3.5 - 7.5 tonnes),50% Laden,Delivery vehicles HGVs refrigerated (all diesel) Rigid (>3.5 - 7.5 tonnes) 50% Laden,km,kg CO2e,0.59667,01/01/2025,31/12/2025,UK DESNZ activity-based conversion factors 2025
2025,5_305_3111_4_1,Activity,Scope 1,Delivery vehicles,HGVs refrigerated (all diesel),Rigid (>3.5 - 7.5 tonnes),100% Laden,Delivery vehicles HGVs refrigerated (all diesel) Rigid (>3.5 - 7.5 tonnes) 100% Laden,km,kg CO2e,0.64397,01/01/2025,31/12/2025,UK DESNZ activity-based conversion factors 2025
2025,5_305_3112_4_1,Activity,Scope 1,Delivery vehicles,HGVs refrigerated (all diesel),Rigid (>3.5 - 7.5 tonnes),Average laden,Delivery vehicles HGVs refrigerated (all diesel) Rigid (>3.5 - 7.5 tonnes) Average laden,km,kg CO2e,0.59005,01/01/2025,31/12/2025,UK DESNZ activity-based conversion factors 2025
2025,5_305_3109_9_1,Activity,Scope 1,Delivery vehicles,HGVs refrigerated (all diesel),Rigid (>3.5 - 7.5 tonnes),0% Laden,Delivery vehicles HGVs refrigerated (all diesel) Rigid (>3.5 - 7.5 tonnes) 0% Laden,miles,kg CO2e,0.88412,01/01/2025,31/12/2025,UK DESNZ activity-based conversion factors 2025
2025,5_305_3110_9_1,Activity,Scope 1,Delivery vehicles,HGVs refrigerated (all diesel),Rigid (>3.5 - 7.5 tonnes),50% Laden,Delivery vehicles HGVs refrigerated (all diesel) Rigid (>3.5 - 7.5 tonnes) 50% Laden,miles,kg CO2e,0.96024,01/01/2025,31/12/2025,UK DESNZ activity-based conversion factors 2025
2025,5_305_3111_9_1,Activity,Scope 1,Delivery vehicles,HGVs refrigerated (all diesel),Rigid (>3.5 - 7.5 tonnes),100% Laden,Delivery vehicles HGVs refrigerated (all diesel) Rigid (>3.5 - 7.5 tonnes) 100% Laden,miles,kg CO2e,1.03637,01/01/2025,31/12/2025,UK DESNZ activity-based conversion factors 2025
2025,5_305_3112_9_1,Activity,Scope 1,Delivery vehicles,HGVs refrigerated (all diesel),Rigid (>3.5 - 7.5 tonnes),Average laden,Delivery vehicles HGVs refrigerated (all diesel) Rigid (>3.5 - 7.5 tonnes) Average laden,miles,kg CO2e,0.94959,01/01/2025,31/12/2025,UK DESNZ activity-based conversion factors 2025
2025,5_305_3113_4_1,Activity,Scope 1,Delivery vehicles,HGVs refrigerated (all diesel),Rigid (>7.5 tonnes-17 tonnes),0% Laden,Delivery vehicles HGVs refrigerated (all diesel) Rigid (>7.5 tonnes-17 tonnes) 0% Laden,km,kg CO2e,0.65559,01/01/2025,31/12/2025,UK DESNZ activity-based conversion factors 2025
2025,5_305_3114_4_1,Activity,Scope 1,Delivery vehicles,HGVs refrigerated (all diesel),Rigid (>7.5 tonnes-17 tonnes),50% Laden,Delivery vehicles HGVs refrigerated (all diesel) Rigid (>7.5 tonnes-17 tonnes) 50% Laden,km,kg CO2e,0.7483,01/01/2025,31/12/2025,UK DESNZ activity-based conversion factors 2025
2025,5_305_3115_4_1,Activity,Scope 1,Delivery vehicles,HGVs refrigerated (all diesel),Rigid (>7.5 tonnes-17 tonnes),100% Laden,Delivery vehicles HGVs refrigerated (all diesel) Rigid (>7.5 tonnes-17 tonnes) 100% Laden,km,kg CO2e,0.84101,01/01/2025,31/12/2025,UK DESNZ activity-based conversion factors 2025
2025,5_305_3116_4_1,Activity,Scope 1,Delivery vehicles,HGVs refrigerated (all diesel),Rigid (>7.5 tonnes-17 tonnes),Average laden,Delivery vehicles HGVs refrigerated (all diesel) Rigid (>7.5 tonnes-17 tonnes) Average laden,km,kg CO2e,0.72049,01/01/2025,31/12/2025,UK DESNZ activity-based conversion factors 2025
2025,5_305_3113_9_1,Activity,Scope 1,Delivery vehicles,HGVs refrigerated (all diesel),Rigid (>7.5 tonnes-17 tonnes),0% Laden,Delivery vehicles HGVs refrigerated (all diesel) Rigid (>7.5 tonnes-17 tonnes) 0% Laden,miles,kg CO2e,1.05508,01/01/2025,31/12/2025,UK DESNZ activity-based conversion factors 2025
2025,5_305_3114_9_1,Activity,Scope 1,Delivery vehicles,HGVs refrigerated (all diesel),Rigid (>7.5 tonnes-17 tonnes),50% Laden,Delivery vehicles HGVs refrigerated (all diesel) Rigid (>7.5 tonnes-17 tonnes) 50% Laden,miles,kg CO2e,1.20428,01/01/2025,31/12/2025,UK DESNZ activity-based conversion factors 2025
2025,5_305_3115_9_1,Activity,Scope 1,Delivery vehicles,HGVs refrigerated (all diesel),Rigid (>7.5 tonnes-17 tonnes),100% Laden,Delivery vehicles HGVs refrigerated (all diesel) Rigid (>7.5 tonnes-17 tonnes) 100% Laden,miles,kg CO2e,1.35348,01/01/2025,31/12/2025,UK DESNZ activity-based conversion factors 2025
2025,5_305_3116_9_1,Activity,Scope 1,Delivery vehicles,HGVs refrigerated (all diesel),Rigid (>7.5 tonnes-17 tonnes),Average laden,Delivery vehicles HGVs refrigerated (all diesel) Rigid (>7.5 tonnes-17 tonnes) Average laden,miles,kg CO2e,1.15952,01/01/2025,31/12/2025,UK DESNZ activity-based conversion factors 2025
2025,5_305_3117_4_1,Activity,Scope 1,Delivery vehicles,HGVs refrigerated (all diesel),Rigid (>17 tonnes),0% Laden,Delivery vehicles HGVs refrigerated (all diesel) Rigid (>17 tonnes) 0% Laden,km,kg CO2e,0.92128,01/01/2025,31/12/2025,UK DESNZ activity-based conversion factors 2025
2025,5_305_3118_4_1,Activity,Scope 1,Delivery vehicles,HGVs refrigerated (all diesel),Rigid (>17 tonnes),50% Laden,Delivery vehicles HGVs refrigerated (all diesel) Rigid (>17 tonnes) 50% Laden,km,kg CO2e,1.12114,01/01/2025,31/12/2025,UK DESNZ activity-based conversion factors 2025
2025,5_305_3119_4_1,Activity,Scope 1,Delivery vehicles,HGVs refrigerated (all diesel),Rigid (>17 tonnes),100% Laden,Delivery vehicles HGVs refrigerated (all diesel) Rigid (>17 tonnes) 100% Laden,km,kg CO2e,1.321,01/01/2025,31/12/2025,UK DESNZ activity-based conversion factors 2025
2025,5_305_3120_4_1,Activity,Scope 1,Delivery vehicles,HGVs refrigerated (all diesel),Rigid (>17 tonnes),Average laden,Delivery vehicles HGVs refrigerated (all diesel) Rigid (>17 tonnes) Average laden,km,kg CO2e,1.18083,01/01/2025,31/12/2025,UK DESNZ activity-based conversion factors 2025
2025,5_305_3117_9_1,Activity,Scope 1,Delivery vehicles,HGVs refrigerated (all diesel),Rigid (>17 tonnes),0% Laden,Delivery vehicles HGVs refrigerated (all diesel) Rigid (>17 tonnes) 0% Laden,miles,kg CO2e,1.48266,01/01/2025,31/12/2025,UK DESNZ activity-based conversion factors 2025
2025,5_305_3118_9_1,Activity,Scope 1,Delivery vehicles,HGVs refrigerated (all diesel),Rigid (>17 tonnes),50% Laden,Delivery vehicles HGVs refrigerated (all diesel) Rigid (>17 tonnes) 50% Laden,miles,kg CO2e,1.8043,01/01/2025,31/12/2025,UK DESNZ activity-based conversion factors 2025
2025,5_305_3119_9_1,Activity,Scope 1,Delivery vehicles,HGVs refrigerated (all diesel),Rigid (>17 tonnes),100% Laden,Delivery vehicles HGVs refrigerated (all diesel) Rigid (>17 tonnes) 100% Laden,miles,kg CO2e,2.12594,01/01/2025,31/12/2025,UK DESNZ activity-based conversion factors 2025
2025,5_305_3120_9_1,Activity,Scope 1,Delivery vehicles,HGVs refrigerated (all diesel),Rigid (>17 tonnes),Average laden,Delivery vehicles HGVs refrigerated (all diesel) Rigid (>17 tonnes) Average laden,miles,kg CO2e,1.90036,01/01/2025,31/12/2025,UK DESNZ activity-based conversion factors 2025
2025,5_305_3121_4_1,Activity,Scope 1,Delivery vehicles,HGVs refrigerated (all diesel),All rigids,0% Laden,Delivery vehicles HGVs refrigerated (all diesel) All rigids 0% Laden,km,kg CO2e,0.80843,01/01/2025,31/12/2025,UK DESNZ activity-based conversion factors 2025
2025,5_305_3122_4_1,Activity,Scope 1,Delivery vehicles,HGVs refrigerated (all diesel),All rigids,50% Laden,Delivery vehicles HGVs refrigerated (all diesel) All rigids 50% Laden,km,kg CO2e,0.96223,01/01/2025,31/12/2025,UK DESNZ activity-based conversion factors 2025
2025,5_305_3123_4_1,Activity,Scope 1,Delivery vehicles,HGVs refrigerated (all diesel),All rigids,100% Laden,Delivery vehicles HGVs refrigerated (all diesel) All rigids 100% Laden,km,kg CO2e,1.11603,01/01/2025,31/12/2025,UK DESNZ activity-based conversion factors 2025
2025,5_305_3124_4_1,Activity,Scope 1,Delivery vehicles,HGVs refrigerated (all diesel),All rigids,Average laden,Delivery vehicles HGVs refrigerated (all diesel) All rigids Average laden,km,kg CO2e,0.99739,01/01/2025,31/12/2025,UK DESNZ activity-based conversion factors 2025
2025,5_305_3121_9_1,Activity,Scope 1,Delivery vehicles,HGVs refrigerated (all diesel),All rigids,0% Laden,Delivery vehicles HGVs refrigerated (all diesel) All rigids 0% Laden,miles,kg CO2e,1.30103,01/01/2025,31/12/2025,UK DESNZ activity-based conversion factors 2025
2025,5_305_3122_9_1,Activity,Scope 1,Delivery vehicles,HGVs refrigerated (all diesel),All rigids,50% Laden,Delivery vehicles HGVs refrigerated (all diesel) All rigids 50% Laden,miles,kg CO2e,1.54855,01/01/2025,31/12/2025,UK DESNZ activity-based conversion factors 2025
2025,5_305_3123_9_1,Activity,Scope 1,Delivery vehicles,HGVs refrigerated (all diesel),All rigids,100% Laden,Delivery vehicles HGVs refrigerated (all diesel) All rigids 100% Laden,miles,kg CO2e,1.79606,01/01/2025,31/12/2025,UK DESNZ activity-based conversion factors 2025
2025,5_305_3124_9_1,Activity,Scope 1,Delivery vehicles,HGVs refrigerated (all diesel),All rigids,Average laden,Delivery vehicles HGVs refrigerated (all diesel) All rigids Average laden,miles,kg CO2e,1.60513,01/01/2025,31/12/2025,UK DESNZ activity-based conversion factors 2025
2025,5_305_3125_4_1,Activity,Scope 1,Delivery vehicles,HGVs refrigerated (all diesel),Articulated (>3.5 - 33t),0% Laden,Delivery vehicles HGVs refrigerated (all diesel) Articulated (>3.5 - 33t) 0% Laden,km,kg CO2e,0.72566,01/01/2025,31/12/2025,UK DESNZ activity-based conversion factors 2025
2025,5_305_3126_4_1,Activity,Scope 1,Delivery vehicles,HGVs refrigerated (all diesel),Articulated (>3.5 - 33t),50% Laden,Delivery vehicles HGVs refrigerated (all diesel) Articulated (>3.5 - 33t) 50% Laden,km,kg CO2e,0.90403,01/01/2025,31/12/2025,UK DESNZ activity-based conversion factors 2025
2025,5_305_3127_4_1,Activity,Scope 1,Delivery vehicles,HGVs refrigerated (all diesel),Articulated (>3.5 - 33t),100% Laden,Delivery vehicles HGVs refrigerated (all diesel) Articulated (>3.5 - 33t) 100% Laden,km,kg CO2e,1.08239,01/01/2025,31/12/2025,UK DESNZ activity-based conversion factors 2025
2025,5_305_3128_4_1,Activity,Scope 1,Delivery vehicles,HGVs refrigerated (all diesel),Articulated (>3.5 - 33t),Average laden,Delivery vehicles HGVs refrigerated (all diesel) Articulated (>3.5 - 33t) Average laden,km,kg CO2e,0.90759,01/01/2025,31/12/2025,UK DESNZ activity-based conversion factors 2025
2025,5_305_3125_9_1,Activity,Scope 1,Delivery vehicles,HGVs refrigerated (all diesel),Articulated (>3.5 - 33t),0% Laden,Delivery vehicles HGVs refrigerated (all diesel) Articulated (>3.5 - 33t) 0% Laden,miles,kg CO2e,1.16782,01/01/2025,31/12/2025,UK DESNZ activity-based conversion factors 2025
2025,5_305_3126_9_1,Activity,Scope 1,Delivery vehicles,HGVs refrigerated (all diesel),Articulated (>3.5 - 33t),50% Laden,Delivery vehicles HGVs refrigerated (all diesel) Articulated (>3.5 - 33t) 50% Laden,miles,kg CO2e,1.45487,01/01/2025,31/12/2025,UK DESNZ activity-based conversion factors 2025
2025,5_305_3127_9_1,Activity,Scope 1,Delivery vehicles,HGVs refrigerated (all diesel),Articulated (>3.5 - 33t),100% Laden,Delivery vehicles HGVs refrigerated (all diesel) Articulated (>3.5 - 33t) 100% Laden,miles,kg CO2e,1.74192,01/01/2025,31/12/2025,UK DESNZ activity-based conversion factors 2025
2025,5_305_3128_9_1,Activity,Scope 1,Delivery vehicles,HGVs refrigerated (all diesel),Articulated (>3.5 - 33t),Average laden,Delivery vehicles HGVs refrigerated (all diesel) Articulated (>3.5 - 33t) Average laden,miles,kg CO2e,1.46061,01/01/2025,31/12/2025,UK DESNZ activity-based conversion factors 2025
2025,5_305_3129_4_1,Activity,Scope 1,Delivery vehicles,HGVs refrigerated (all diesel),Articulated (>33t),0% Laden,Delivery vehicles HGVs refrigerated (all diesel) Articulated (>33t) 0% Laden,km,kg CO2e,0.748,01/01/2025,31/12/2025,UK DESNZ activity-based conversion factors 2025
2025,5_305_3130_4_1,Activity,Scope 1,Delivery vehicles,HGVs refrigerated (all diesel),Articulated (>33t),50% Laden,Delivery vehicles HGVs refrigerated (all diesel) Articulated (>33t) 50% Laden,km,kg CO2e,0.99249,01/01/2025,31/12/2025,UK DESNZ activity-based conversion factors 2025
2025,5_305_3131_4_1,Activity,Scope 1,Delivery vehicles,HGVs refrigerated (all diesel),Articulated (>33t),100% Laden,Delivery vehicles HGVs refrigerated (all diesel) Articulated (>33t) 100% Laden,km,kg CO2e,1.23699,01/01/2025,31/12/2025,UK DESNZ activity-based conversion factors 2025
2025,5_305_3132_4_1,Activity,Scope 1,Delivery vehicles,HGVs refrigerated (all diesel),Articulated (>33t),Average laden,Delivery vehicles HGVs refrigerated (all diesel) Articulated (>33t) Average laden,km,kg CO2e,1.08051,01/01/2025,31/12/2025,UK DESNZ activity-based conversion factors 2025
2025,5_305_3129_9_1,Activity,Scope 1,Delivery vehicles,HGVs refrigerated (all diesel),Articulated (>33t),0% Laden,Delivery vehicles HGVs refrigerated (all diesel) Articulated (>33t) 0% Laden,miles,kg CO2e,1.20378,01/01/2025,31/12/2025,UK DESNZ activity-based conversion factors 2025
2025,5_305_3130_9_1,Activity,Scope 1,Delivery vehicles,HGVs refrigerated (all diesel),Articulated (>33t),50% Laden,Delivery vehicles HGVs refrigerated (all diesel) Articulated (>33t) 50% Laden,miles,kg CO2e,1.59725,01/01/2025,31/12/2025,UK DESNZ activity-based conversion factors 2025
2025,5_305_3131_9_1,Activity,Scope 1,Delivery vehicles,HGVs refrigerated (all diesel),Articulated (>33t),100% Laden,Delivery vehicles HGVs refrigerated (all diesel) Articulated (>33t) 100% Laden,miles,kg CO2e,1.99073,01/01/2025,31/12/2025,UK DESNZ activity-based conversion factors 2025
2025,5_305_3132_9_1,Activity,Scope 1,Delivery vehicles,HGVs refrigerated (all diesel),Articulated (>33t),Average laden,Delivery vehicles HGVs refrigerated (all diesel) Articulated (>33t) Average laden,miles,kg CO2e,1.7389,01/01/2025,31/12/2025,UK DESNZ activity-based conversion factors 2025
2025,5_305_3133_4_1,Activity,Scope 1,Delivery vehicles,HGVs refrigerated (all diesel),All artics,0% Laden,Delivery vehicles HGVs refrigerated (all diesel) All artics 0% Laden,km,kg CO2e,0.74715,01/01/2025,31/12/2025,UK DESNZ activity-based conversion factors 2025
2025,5_305_3134_4_1,Activity,Scope 1,Delivery vehicles,HGVs refrigerated (all diesel),All artics,50% Laden,Delivery vehicles HGVs refrigerated (all diesel) All artics 50% Laden,km,kg CO2e,0.98913,01/01/2025,31/12/2025,UK DESNZ activity-based conversion factors 2025
2025,5_305_3135_4_1,Activity,Scope 1,Delivery vehicles,HGVs refrigerated (all diesel),All artics,100% Laden,Delivery vehicles HGVs refrigerated (all diesel) All artics 100% Laden,km,kg CO2e,1.23112,01/01/2025,31/12/2025,UK DESNZ activity-based conversion factors 2025
2025,5_305_3136_4_1,Activity,Scope 1,Delivery vehicles,HGVs refrigerated (all diesel),All artics,Average laden,Delivery vehicles HGVs refrigerated (all diesel) All artics Average laden,km,kg CO2e,1.07395,01/01/2025,31/12/2025,UK DESNZ activity-based conversion factors 2025
2025,5_305_3133_9_1,Activity,Scope 1,Delivery vehicles,HGVs refrigerated (all diesel),All artics,0% Laden,Delivery vehicles HGVs refrigerated (all diesel) All artics 0% Laden,miles,kg CO2e,1.20241,01/01/2025,31/12/2025,UK DESNZ activity-based conversion factors 2025
2025,5_305_3134_9_1,Activity,Scope 1,Delivery vehicles,HGVs refrigerated (all diesel),All artics,50% Laden,Delivery vehicles HGVs refrigerated (all diesel) All artics 50% Laden,miles,kg CO2e,1.59184,01/01/2025,31/12/2025,UK DESNZ activity-based conversion factors 2025
2025,5_305_3135_9_1,Activity,Scope 1,Delivery vehicles,HGVs refrigerated (all diesel),All artics,100% Laden,Delivery vehicles HGVs refrigerated (all diesel) All artics 100% Laden,miles,kg CO2e,1.98128,01/01/2025,31/12/2025,UK DESNZ activity-based conversion factors 2025
2025,5_305_3136_9_1,Activity,Scope 1,Delivery vehicles,HGVs refrigerated (all diesel),All artics,Average laden,Delivery vehicles HGVs refrigerated (all diesel) All artics Average laden,miles,kg CO2e,1.72834,01/01/2025,31/12/2025,UK DESNZ activity-based conversion factors 2025
2025,5_305_3137_4_1,Activity,Scope 1,Delivery vehicles,HGVs refrigerated (all diesel),All HGVs,0% Laden,Delivery vehicles HGVs refrigerated (all diesel) All HGVs 0% Laden,km,kg CO2e,0.77175,01/01/2025,31/12/2025,UK DESNZ activity-based conversion factors 2025
2025,5_305_3138_4_1,Activity,Scope 1,Delivery vehicles,HGVs refrigerated (all diesel),All HGVs,50% Laden,Delivery vehicles HGVs refrigerated (all diesel) All HGVs 50% Laden,km,kg CO2e,0.97835,01/01/2025,31/12/2025,UK DESNZ activity-based conversion factors 2025
2025,5_305_3139_4_1,Activity,Scope 1,Delivery vehicles,HGVs refrigerated (all diesel),All HGVs,100% Laden,Delivery vehicles HGVs refrigerated (all diesel) All HGVs 100% Laden,km,kg CO2e,1.18495,01/01/2025,31/12/2025,UK DESNZ activity-based conversion factors 2025
2025,5_305_3140_4_1,Activity,Scope 1,Delivery vehicles,HGVs refrigerated (all diesel),All HGVs,Average laden,Delivery vehicles HGVs refrigerated (all diesel) All HGVs Average laden,km,kg CO2e,1.04323,01/01/2025,31/12/2025,UK DESNZ activity-based conversion factors 2025
2025,5_305_3137_9_1,Activity,Scope 1,Delivery vehicles,HGVs refrigerated (all diesel),All HGVs,0% Laden,Delivery vehicles HGVs refrigerated (all diesel) All HGVs 0% Laden,miles,kg CO2e,1.242,01/01/2025,31/12/2025,UK DESNZ activity-based conversion factors 2025
2025,5_305_3138_9_1,Activity,Scope 1,Delivery vehicles,HGVs refrigerated (all diesel),All HGVs,50% Laden,Delivery vehicles HGVs refrigerated (all diesel) All HGVs 50% Laden,miles,kg CO2e,1.5745,01/01/2025,31/12/2025,UK DESNZ activity-based conversion factors 2025
2025,5_305_3139_9_1,Activity,Scope 1,Delivery vehicles,HGVs refrigerated (all diesel),All HGVs,100% Laden,Delivery vehicles HGVs refrigerated (all diesel) All HGVs 100% Laden,miles,kg CO2e,1.90699,01/01/2025,31/12/2025,UK DESNZ activity-based conversion factors 2025
2025,5_305_3140_9_1,Activity,Scope 1,Delivery vehicles,HGVs refrigerated (all diesel),All HGVs,Average laden,Delivery vehicles HGVs refrigerated (all diesel) All HGVs Average laden,miles,kg CO2e,1.67891,01/01/2025,31/12/2025,UK DESNZ activity-based conversion factors 2025
2025,6_301_3045_4_5,Activity,Scope 1,SECR kWh pass & delivery vehs,Cars (by size),Small car,Diesel,SECR kWh pass & delivery vehs Cars (by size) Small car Diesel,km,kWh (Net CV),0.55315,01/01/2025,31/12/2025,UK DESNZ activity-based conversion factors 2025
2025,6_301_3046_4_5,Activity,Scope 1,SECR kWh pass & delivery vehs,Cars (by size),Small car,Petrol,SECR kWh pass & delivery vehs Cars (by size) Small car Petrol,km,kWh (Net CV),0.61844,01/01/2025,31/12/2025,UK DESNZ activity-based conversion factors 2025
2025,6_301_3047_4_5,Activity,Scope 1,SECR kWh pass & delivery vehs,Cars (by size),Small car,Hybrid,SECR kWh pass & delivery vehs Cars (by size) Small car Hybrid,km,kWh (Net CV),0.47595,01/01/2025,31/12/2025,UK DESNZ activity-based conversion factors 2025
2025,6_301_3050_4_5,Activity,Scope 1,SECR kWh pass & delivery vehs,Cars (by size),Small car,Unknown,SECR kWh pass & delivery vehs Cars (by size) Small car Unknown,km,kWh (Net CV),0.59833,01/01/2025,31/12/2025,UK DESNZ activity-based conversion factors 2025
2025,6_301_3051_4_5,Activity,Scope 1,SECR kWh pass & delivery vehs,Cars (by size),Small car,Plug-in Hybrid Electric Vehicle,SECR kWh pass & delivery vehs Cars (by size) Small car Plug-in Hybrid Electric Vehicle,km,kWh (Net CV),0.13002,01/01/2025,31/12/2025,UK DESNZ activity-based conversion factors 2025
2025,6_301_3052_4_5,Activity,Scope 1,SECR kWh pass & delivery vehs,Cars (by size),Small car,Battery Electric Vehicle,SECR kWh pass & delivery vehs Cars (by size) Small car Battery Electric Vehicle,km,kWh (Net CV),0,01/01/2025,31/12/2025,UK DESNZ activity-based conversion factors 2025
2025,6_301_3045_9_5,Activity,Scope 1,SECR kWh pass & delivery vehs,Cars (by size),Small car,Diesel,SECR kWh pass & delivery vehs Cars (by size) Small car Diesel,miles,kWh (Net CV),0.8902,01/01/2025,31/12/2025,UK DESNZ activity-based conversion factors 2025
2025,6_301_3046_9_5,Activity,Scope 1,SECR kWh pass & delivery vehs,Cars (by size),Small car,Petrol,SECR kWh pass & delivery vehs Cars (by size) Small car Petrol,miles,kWh (Net CV),0.99529,01/01/2025,31/12/2025,UK DESNZ activity-based conversion factors 2025
2025,6_301_3047_9_5,Activity,Scope 1,SECR kWh pass & delivery vehs,Cars (by size),Small car,Hybrid,SECR kWh pass & delivery vehs Cars (by size) Small car Hybrid,miles,kWh (Net CV),0.76596,01/01/2025,31/12/2025,UK DESNZ activity-based conversion factors 2025
2025,6_301_3050_9_5,Activity,Scope 1,SECR kWh pass & delivery vehs,Cars (by size),Small car,Unknown,SECR kWh pass & delivery vehs Cars (by size) Small car Unknown,miles,kWh (Net CV),0.96292,01/01/2025,31/12/2025,UK DESNZ activity-based conversion factors 2025
2025,6_301_3051_9_5,Activity,Scope 1,SECR kWh pass & delivery vehs,Cars (by size),Small car,Plug-in Hybrid Electric Vehicle,SECR kWh pass & delivery vehs Cars (by size) Small car Plug-in Hybrid Electric Vehicle,miles,kWh (Net CV),0.20924,01/01/2025,31/12/2025,UK DESNZ activity-based conversion factors 2025
2025,6_301_3052_9_5,Activity,Scope 1,SECR kWh pass & delivery vehs,Cars (by size),Small car,Battery Electric Vehicle,SECR kWh pass & delivery vehs Cars (by size) Small car Battery Electric Vehicle,miles,kWh (Net CV),0,01/01/2025,31/12/2025,UK DESNZ activity-based conversion factors 2025
2025,6_301_3053_4_5,Activity,Scope 1,SECR kWh pass & delivery vehs,Cars (by size),Medium car,Diesel,SECR kWh pass & delivery vehs Cars (by size) Medium car Diesel,km,kWh (Net CV),0.66377,01/01/2025,31/12/2025,UK DESNZ activity-based conversion factors 2025
2025,6_301_3054_4_5,Activity,Scope 1,SECR kWh pass & delivery vehs,Cars (by size),Medium car,Petrol,SECR kWh pass & delivery vehs Cars (by size) Medium car Petrol,km,kWh (Net CV),0.75592,01/01/2025,31/12/2025,UK DESNZ activity-based conversion factors 2025
2025,6_301_3055_4_5,Activity,Scope 1,SECR kWh pass & delivery vehs,Cars (by size),Medium car,Hybrid,SECR kWh pass & delivery vehs Cars (by size) Medium car Hybrid,km,kWh (Net CV),0.47641,01/01/2025,31/12/2025,UK DESNZ activity-based conversion factors 2025
2025,6_301_3056_4_5,Activity,Scope 1,SECR kWh pass & delivery vehs,Cars (by size),Medium car,CNG,SECR kWh pass & delivery vehs Cars (by size) Medium car CNG,km,kWh (Net CV),0.75592,01/01/2025,31/12/2025,UK DESNZ activity-based conversion factors 2025
2025,6_301_3057_4_5,Activity,Scope 1,SECR kWh pass & delivery vehs,Cars (by size),Medium car,LPG,SECR kWh pass & delivery vehs Cars (by size) Medium car LPG,km,kWh (Net CV),0.75592,01/01/2025,31/12/2025,UK DESNZ activity-based conversion factors 2025
2025,6_301_3058_4_5,Activity,Scope 1,SECR kWh pass & delivery vehs,Cars (by size),Medium car,Unknown,SECR kWh pass & delivery vehs Cars (by size) Medium car Unknown,km,kWh (Net CV),0.70622,01/01/2025,31/12/2025,UK DESNZ activity-based conversion factors 2025
2025,6_301_3059_4_5,Activity,Scope 1,SECR kWh pass & delivery vehs,Cars (by size),Medium car,Plug-in Hybrid Electric Vehicle,SECR kWh pass & delivery vehs Cars (by size) Medium car Plug-in Hybrid Electric Vehicle,km,kWh (Net CV),0.33596,01/01/2025,31/12/2025,UK DESNZ activity-based conversion factors 2025
2025,6_301_3060_4_5,Activity,Scope 1,SECR kWh pass & delivery vehs,Cars (by size),Medium car,Battery Electric Vehicle,SECR kWh pass & delivery vehs Cars (by size) Medium car Battery Electric Vehicle,km,kWh (Net CV),0,01/01/2025,31/12/2025,UK DESNZ activity-based conversion factors 2025
2025,6_301_3053_9_5,Activity,Scope 1,SECR kWh pass & delivery vehs,Cars (by size),Medium car,Diesel,SECR kWh pass & delivery vehs Cars (by size) Medium car Diesel,miles,kWh (Net CV),1.06824,01/01/2025,31/12/2025,UK DESNZ activity-based conversion factors 2025
2025,6_301_3054_9_5,Activity,Scope 1,SECR kWh pass & delivery vehs,Cars (by size),Medium car,Petrol,SECR kWh pass & delivery vehs Cars (by size) Medium car Petrol,miles,kWh (Net CV),1.21653,01/01/2025,31/12/2025,UK DESNZ activity-based conversion factors 2025
2025,6_301_3055_9_5,Activity,Scope 1,SECR kWh pass & delivery vehs,Cars (by size),Medium car,Hybrid,SECR kWh pass & delivery vehs Cars (by size) Medium car Hybrid,miles,kWh (Net CV),0.7667,01/01/2025,31/12/2025,UK DESNZ activity-based conversion factors 2025
2025,6_301_3056_9_5,Activity,Scope 1,SECR kWh pass & delivery vehs,Cars (by size),Medium car,CNG,SECR kWh pass & delivery vehs Cars (by size) Medium car CNG,miles,kWh (Net CV),1.21653,01/01/2025,31/12/2025,UK DESNZ activity-based conversion factors 2025
2025,6_301_3057_9_5,Activity,Scope 1,SECR kWh pass & delivery vehs,Cars (by size),Medium car,LPG,SECR kWh pass & delivery vehs Cars (by size) Medium car LPG,miles,kWh (Net CV),1.21653,01/01/2025,31/12/2025,UK DESNZ activity-based conversion factors 2025
2025,6_301_3058_9_5,Activity,Scope 1,SECR kWh pass & delivery vehs,Cars (by size),Medium car,Unknown,SECR kWh pass & delivery vehs Cars (by size) Medium car Unknown,miles,kWh (Net CV),1.13655,01/01/2025,31/12/2025,UK DESNZ activity-based conversion factors 2025
2025,6_301_3059_9_5,Activity,Scope 1,SECR kWh pass & delivery vehs,Cars (by size),Medium car,Plug-in Hybrid Electric Vehicle,SECR kWh pass & delivery vehs Cars (by size) Medium car Plug-in Hybrid Electric Vehicle,miles,kWh (Net CV),0.54068,01/01/2025,31/12/2025,UK DESNZ activity-based conversion factors 2025
2025,6_301_3060_9_5,Activity,Scope 1,SECR kWh pass & delivery vehs,Cars (by size),Medium car,Battery Electric Vehicle,SECR kWh pass & delivery vehs Cars (by size) Medium car Battery Electric Vehicle,miles,kWh (Net CV),0,01/01/2025,31/12/2025,UK DESNZ activity-based conversion factors 2025
2025,6_301_3061_4_5,Activity,Scope 1,SECR kWh pass & delivery vehs,Cars (by size),Large car,Diesel,SECR kWh pass & delivery vehs Cars (by size) Large car Diesel,km,kWh (Net CV),0.8134,01/01/2025,31/12/2025,UK DESNZ activity-based conversion factors 2025
2025,6_301_3062_4_5,Activity,Scope 1,SECR kWh pass & delivery vehs,Cars (by size),Large car,Petrol,SECR kWh pass & delivery vehs Cars (by size) Large car Petrol,km,kWh (Net CV),1.16215,01/01/2025,31/12/2025,UK DESNZ activity-based conversion factors 2025
2025,6_301_3063_4_5,Activity,Scope 1,SECR kWh pass & delivery vehs,Cars (by size),Large car,Hybrid,SECR kWh pass & delivery vehs Cars (by size) Large car Hybrid,km,kWh (Net CV),0.62334,01/01/2025,31/12/2025,UK DESNZ activity-based conversion factors 2025
2025,6_301_3064_4_5,Activity,Scope 1,SECR kWh pass & delivery vehs,Cars (by size),Large car,CNG,SECR kWh pass & delivery vehs Cars (by size) Large car CNG,km,kWh (Net CV),1.16215,01/01/2025,31/12/2025,UK DESNZ activity-based conversion factors 2025
2025,6_301_3065_4_5,Activity,Scope 1,SECR kWh pass & delivery vehs,Cars (by size),Large car,LPG,SECR kWh pass & delivery vehs Cars (by size) Large car LPG,km,kWh (Net CV),1.16215,01/01/2025,31/12/2025,UK DESNZ activity-based conversion factors 2025
2025,6_301_3066_4_5,Activity,Scope 1,SECR kWh pass & delivery vehs,Cars (by size),Large car,Unknown,SECR kWh pass & delivery vehs Cars (by size) Large car Unknown,km,kWh (Net CV),0.90586,01/01/2025,31/12/2025,UK DESNZ activity-based conversion factors 2025
2025,6_301_3067_4_5,Activity,Scope 1,SECR kWh pass & delivery vehs,Cars (by size),Large car,Plug-in Hybrid Electric Vehicle,SECR kWh pass & delivery vehs Cars (by size) Large car Plug-in Hybrid Electric Vehicle,km,kWh (Net CV),0.43227,01/01/2025,31/12/2025,UK DESNZ activity-based conversion factors 2025
2025,6_301_3068_4_5,Activity,Scope 1,SECR kWh pass & delivery vehs,Cars (by size),Large car,Battery Electric Vehicle,SECR kWh pass & delivery vehs Cars (by size) Large car Battery Electric Vehicle,km,kWh (Net CV),0,01/01/2025,31/12/2025,UK DESNZ activity-based conversion factors 2025
2025,6_301_3061_9_5,Activity,Scope 1,SECR kWh pass & delivery vehs,Cars (by size),Large car,Diesel,SECR kWh pass & delivery vehs Cars (by size) Large car Diesel,miles,kWh (Net CV),1.30903,01/01/2025,31/12/2025,UK DESNZ activity-based conversion factors 2025
2025,6_301_3062_9_5,Activity,Scope 1,SECR kWh pass & delivery vehs,Cars (by size),Large car,Petrol,SECR kWh pass & delivery vehs Cars (by size) Large car Petrol,miles,kWh (Net CV),1.87031,01/01/2025,31/12/2025,UK DESNZ activity-based conversion factors 2025
2025,6_301_3063_9_5,Activity,Scope 1,SECR kWh pass & delivery vehs,Cars (by size),Large car,Hybrid,SECR kWh pass & delivery vehs Cars (by size) Large car Hybrid,miles,kWh (Net CV),1.00316,01/01/2025,31/12/2025,UK DESNZ activity-based conversion factors 2025
2025,6_301_3064_9_5,Activity,Scope 1,SECR kWh pass & delivery vehs,Cars (by size),Large car,CNG,SECR kWh pass & delivery vehs Cars (by size) Large car CNG,miles,kWh (Net CV),1.87031,01/01/2025,31/12/2025,UK DESNZ activity-based conversion factors 2025
2025,6_301_3065_9_5,Activity,Scope 1,SECR kWh pass & delivery vehs,Cars (by size),Large car,LPG,SECR kWh pass & delivery vehs Cars (by size) Large car LPG,miles,kWh (Net CV),1.87031,01/01/2025,31/12/2025,UK DESNZ activity-based conversion factors 2025
2025,6_301_3066_9_5,Activity,Scope 1,SECR kWh pass & delivery vehs,Cars (by size),Large car,Unknown,SECR kWh pass & delivery vehs Cars (by size) Large car Unknown,miles,kWh (Net CV),1.45784,01/01/2025,31/12/2025,UK DESNZ activity-based conversion factors 2025
2025,6_301_3067_9_5,Activity,Scope 1,SECR kWh pass & delivery vehs,Cars (by size),Large car,Plug-in Hybrid Electric Vehicle,SECR kWh pass & delivery vehs Cars (by size) Large car Plug-in Hybrid Electric Vehicle,miles,kWh (Net CV),0.69566,01/01/2025,31/12/2025,UK DESNZ activity-based conversion factors 2025
2025,6_301_3068_9_5,Activity,Scope 1,SECR kWh pass & delivery vehs,Cars (by size),Large car,Battery Electric Vehicle,SECR kWh pass & delivery vehs Cars (by size) Large car Battery Electric Vehicle,miles,kWh (Net CV),0,01/01/2025,31/12/2025,UK DESNZ activity-based conversion factors 2025
2025,6_301_3069_4_5,Activity,Scope 1,SECR kWh pass & delivery vehs,Cars (by size),Average car,Diesel,SECR kWh pass & delivery vehs Cars (by size) Average car Diesel,km,kWh (Net CV),0.66887,01/01/2025,31/12/2025,UK DESNZ activity-based conversion factors 2025
2025,6_301_3070_4_5,Activity,Scope 1,SECR kWh pass & delivery vehs,Cars (by size),Average car,Petrol,SECR kWh pass & delivery vehs Cars (by size) Average car Petrol,km,kWh (Net CV),0.70374,01/01/2025,31/12/2025,UK DESNZ activity-based conversion factors 2025
2025,6_301_3071_4_5,Activity,Scope 1,SECR kWh pass & delivery vehs,Cars (by size),Average car,Hybrid,SECR kWh pass & delivery vehs Cars (by size) Average car Hybrid,km,kWh (Net CV),0.52624,01/01/2025,31/12/2025,UK DESNZ activity-based conversion factors 2025
2025,6_301_3072_4_5,Activity,Scope 1,SECR kWh pass & delivery vehs,Cars (by size),Average car,CNG,SECR kWh pass & delivery vehs Cars (by size) Average car CNG,km,kWh (Net CV),0.85033,01/01/2025,31/12/2025,UK DESNZ activity-based conversion factors 2025
2025,6_301_3073_4_5,Activity,Scope 1,SECR kWh pass & delivery vehs,Cars (by size),Average car,LPG,SECR kWh pass & delivery vehs Cars (by size) Average car LPG,km,kWh (Net CV),0.85033,01/01/2025,31/12/2025,UK DESNZ activity-based conversion factors 2025
2025,6_301_3074_4_5,Activity,Scope 1,SECR kWh pass & delivery vehs,Cars (by size),Average car,Unknown,SECR kWh pass & delivery vehs Cars (by size) Average car Unknown,km,kWh (Net CV),0.68773,01/01/2025,31/12/2025,UK DESNZ activity-based conversion factors 2025
2025,6_301_3075_4_5,Activity,Scope 1,SECR kWh pass & delivery vehs,Cars (by size),Average car,Plug-in Hybrid Electric Vehicle,SECR kWh pass & delivery vehs Cars (by size) Average car Plug-in Hybrid Electric Vehicle,km,kWh (Net CV),0.39517,01/01/2025,31/12/2025,UK DESNZ activity-based conversion factors 2025
2025,6_301_3076_4_5,Activity,Scope 1,SECR kWh pass & delivery vehs,Cars (by size),Average car,Battery Electric Vehicle,SECR kWh pass & delivery vehs Cars (by size) Average car Battery Electric Vehicle,km,kWh (Net CV),0,01/01/2025,31/12/2025,UK DESNZ activity-based conversion factors 2025
2025,6_301_3069_9_5,Activity,Scope 1,SECR kWh pass & delivery vehs,Cars (by size),Average car,Diesel,SECR kWh pass & delivery vehs Cars (by size) Average car Diesel,miles,kWh (Net CV),1.07644,01/01/2025,31/12/2025,UK DESNZ activity-based conversion factors 2025
2025,6_301_3070_9_5,Activity,Scope 1,SECR kWh pass & delivery vehs,Cars (by size),Average car,Petrol,SECR kWh pass & delivery vehs Cars (by size) Average car Petrol,miles,kWh (Net CV),1.13256,01/01/2025,31/12/2025,UK DESNZ activity-based conversion factors 2025
2025,6_301_3071_9_5,Activity,Scope 1,SECR kWh pass & delivery vehs,Cars (by size),Average car,Hybrid,SECR kWh pass & delivery vehs Cars (by size) Average car Hybrid,miles,kWh (Net CV),0.8469,01/01/2025,31/12/2025,UK DESNZ activity-based conversion factors 2025
2025,6_301_3072_9_5,Activity,Scope 1,SECR kWh pass & delivery vehs,Cars (by size),Average car,CNG,SECR kWh pass & delivery vehs Cars (by size) Average car CNG,miles,kWh (Net CV),1.36847,01/01/2025,31/12/2025,UK DESNZ activity-based conversion factors 2025
2025,6_301_3073_9_5,Activity,Scope 1,SECR kWh pass & delivery vehs,Cars (by size),Average car,LPG,SECR kWh pass & delivery vehs Cars (by size) Average car LPG,miles,kWh (Net CV),1.36847,01/01/2025,31/12/2025,UK DESNZ activity-based conversion factors 2025
2025,6_301_3074_9_5,Activity,Scope 1,SECR kWh pass & delivery vehs,Cars (by size),Average car,Unknown,SECR kWh pass & delivery vehs Cars (by size) Average car Unknown,miles,kWh (Net CV),1.10679,01/01/2025,31/12/2025,UK DESNZ activity-based conversion factors 2025
2025,6_301_3075_9_5,Activity,Scope 1,SECR kWh pass & delivery vehs,Cars (by size),Average car,Plug-in Hybrid Electric Vehicle,SECR kWh pass & delivery vehs Cars (by size) Average car Plug-in Hybrid Electric Vehicle,miles,kWh (Net CV),0.63596,01/01/2025,31/12/2025,UK DESNZ activity-based conversion factors 2025
2025,6_301_3076_9_5,Activity,Scope 1,SECR kWh pass & delivery vehs,Cars (by size),Average car,Battery Electric Vehicle,SECR kWh pass & delivery vehs Cars (by size) Average car Battery Electric Vehicle,miles,kWh (Net CV),0,01/01/2025,31/12/2025,UK DESNZ activity-based conversion factors 2025
2025,6_302_3077_4_5,Activity,Scope 1,SECR kWh pass & delivery vehs,Motorbike,Small,,SECR kWh pass & delivery vehs Motorbike Small ,km,kWh (Net CV),0.33622,01/01/2025,31/12/2025,UK DESNZ activity-based conversion factors 2025
2025,6_302_3077_9_5,Activity,Scope 1,SECR kWh pass & delivery vehs,Motorbike,Small,,SECR kWh pass & delivery vehs Motorbike Small ,miles,kWh (Net CV),0.5411,01/01/2025,31/12/2025,UK DESNZ activity-based conversion factors 2025
2025,6_302_3078_4_5,Activity,Scope 1,SECR kWh pass & delivery vehs,Motorbike,Medium,,SECR kWh pass & delivery vehs Motorbike Medium ,km,kWh (Net CV),0.40813,01/01/2025,31/12/2025,UK DESNZ activity-based conversion factors 2025
2025,6_302_3078_9_5,Activity,Scope 1,SECR kWh pass & delivery vehs,Motorbike,Medium,,SECR kWh pass & delivery vehs Motorbike Medium ,miles,kWh (Net CV),0.65682,01/01/2025,31/12/2025,UK DESNZ activity-based conversion factors 2025
2025,6_302_3079_4_5,Activity,Scope 1,SECR kWh pass & delivery vehs,Motorbike,Large,,SECR kWh pass & delivery vehs Motorbike Large ,km,kWh (Net CV),0.54296,01/01/2025,31/12/2025,UK DESNZ activity-based conversion factors 2025
2025,6_302_3079_9_5,Activity,Scope 1,SECR kWh pass & delivery vehs,Motorbike,Large,,SECR kWh pass & delivery vehs Motorbike Large ,miles,kWh (Net CV),0.8738,01/01/2025,31/12/2025,UK DESNZ activity-based conversion factors 2025
2025,6_302_3080_4_5,Activity,Scope 1,SECR kWh pass & delivery vehs,Motorbike,Average,,SECR kWh pass & delivery vehs Motorbike Average ,km,kWh (Net CV),0.46265,01/01/2025,31/12/2025,UK DESNZ activity-based conversion factors 2025
2025,6_302_3080_9_5,Activity,Scope 1,SECR kWh pass & delivery vehs,Motorbike,Average,,SECR kWh pass & delivery vehs Motorbike Average ,miles,kWh (Net CV),0.74456,01/01/2025,31/12/2025,UK DESNZ activity-based conversion factors 2025
2025,6_303_3081_14_5,Activity,Scope 1,SECR kWh pass & delivery vehs,Vans,Class I (up to 1.305 tonnes),Diesel,SECR kWh pass & delivery vehs Vans Class I (up to 1.305 tonnes) Diesel,tonne.km,kWh (Net CV),3.37629,01/01/2025,31/12/2025,UK DESNZ activity-based conversion factors 2025
2025,6_303_3082_14_5,Activity,Scope 1,SECR kWh pass & delivery vehs,Vans,Class I (up to 1.305 tonnes),Petrol,SECR kWh pass & delivery vehs Vans Class I (up to 1.305 tonnes) Petrol,tonne.km,kWh (Net CV),6.18982,01/01/2025,31/12/2025,UK DESNZ activity-based conversion factors 2025
2025,6_303_3087_14_5,Activity,Scope 1,SECR kWh pass & delivery vehs,Vans,Class I (up to 1.305 tonnes),Battery Electric Vehicle,SECR kWh pass & delivery vehs Vans Class I (up to 1.305 tonnes) Battery Electric Vehicle,tonne.km,kWh (Net CV),0,01/01/2025,31/12/2025,UK DESNZ activity-based conversion factors 2025
2025,6_303_3081_4_5,Activity,Scope 1,SECR kWh pass & delivery vehs,Vans,Class I (up to 1.305 tonnes),Diesel,SECR kWh pass & delivery vehs Vans Class I (up to 1.305 tonnes) Diesel,km,kWh (Net CV),0.60782,01/01/2025,31/12/2025,UK DESNZ activity-based conversion factors 2025
2025,6_303_3082_4_5,Activity,Scope 1,SECR kWh pass & delivery vehs,Vans,Class I (up to 1.305 tonnes),Petrol,SECR kWh pass & delivery vehs Vans Class I (up to 1.305 tonnes) Petrol,km,kWh (Net CV),0.8737,01/01/2025,31/12/2025,UK DESNZ activity-based conversion factors 2025
2025,6_303_3087_4_5,Activity,Scope 1,SECR kWh pass & delivery vehs,Vans,Class I (up to 1.305 tonnes),Battery Electric Vehicle,SECR kWh pass & delivery vehs Vans Class I (up to 1.305 tonnes) Battery Electric Vehicle,km,kWh (Net CV),0,01/01/2025,31/12/2025,UK DESNZ activity-based conversion factors 2025
2025,6_303_3081_9_5,Activity,Scope 1,SECR kWh pass & delivery vehs,Vans,Class I (up to 1.305 tonnes),Diesel,SECR kWh pass & delivery vehs Vans Class I (up to 1.305 tonnes) Diesel,miles,kWh (Net CV),0.97819,01/01/2025,31/12/2025,UK DESNZ activity-based conversion factors 2025
2025,6_303_3082_9_5,Activity,Scope 1,SECR kWh pass & delivery vehs,Vans,Class I (up to 1.305 tonnes),Petrol,SECR kWh pass & delivery vehs Vans Class I (up to 1.305 tonnes) Petrol,miles,kWh (Net CV),1.40608,01/01/2025,31/12/2025,UK DESNZ activity-based conversion factors 2025
2025,6_303_3087_9_5,Activity,Scope 1,SECR kWh pass & delivery vehs,Vans,Class I (up to 1.305 tonnes),Battery Electric Vehicle,SECR kWh pass & delivery vehs Vans Class I (up to 1.305 tonnes) Battery Electric Vehicle,miles,kWh (Net CV),0,01/01/2025,31/12/2025,UK DESNZ activity-based conversion factors 2025
2025,6_303_3088_14_5,Activity,Scope 1,SECR kWh pass & delivery vehs,Vans,Class II (1.305 to 1.74 tonnes),Diesel,SECR kWh pass & delivery vehs Vans Class II (1.305 to 1.74 tonnes) Diesel,tonne.km,kWh (Net CV),2.4197,01/01/2025,31/12/2025,UK DESNZ activity-based conversion factors 2025
2025,6_303_3089_14_5,Activity,Scope 1,SECR kWh pass & delivery vehs,Vans,Class II (1.305 to 1.74 tonnes),Petrol,SECR kWh pass & delivery vehs Vans Class II (1.305 to 1.74 tonnes) Petrol,tonne.km,kWh (Net CV),3.52978,01/01/2025,31/12/2025,UK DESNZ activity-based conversion factors 2025
2025,6_303_3094_14_5,Activity,Scope 1,SECR kWh pass & delivery vehs,Vans,Class II (1.305 to 1.74 tonnes),Battery Electric Vehicle,SECR kWh pass & delivery vehs Vans Class II (1.305 to 1.74 tonnes) Battery Electric Vehicle,tonne.km,kWh (Net CV),0,01/01/2025,31/12/2025,UK DESNZ activity-based conversion factors 2025
2025,6_303_3088_4_5,Activity,Scope 1,SECR kWh pass & delivery vehs,Vans,Class II (1.305 to 1.74 tonnes),Diesel,SECR kWh pass & delivery vehs Vans Class II (1.305 to 1.74 tonnes) Diesel,km,kWh (Net CV),0.74527,01/01/2025,31/12/2025,UK DESNZ activity-based conversion factors 2025
2025,6_303_3089_4_5,Activity,Scope 1,SECR kWh pass & delivery vehs,Vans,Class II (1.305 to 1.74 tonnes),Petrol,SECR kWh pass & delivery vehs Vans Class II (1.305 to 1.74 tonnes) Petrol,km,kWh (Net CV),0.90349,01/01/2025,31/12/2025,UK DESNZ activity-based conversion factors 2025
2025,6_303_3094_4_5,Activity,Scope 1,SECR kWh pass & delivery vehs,Vans,Class II (1.305 to 1.74 tonnes),Battery Electric Vehicle,SECR kWh pass & delivery vehs Vans Class II (1.305 to 1.74 tonnes) Battery Electric Vehicle,km,kWh (Net CV),0,01/01/2025,31/12/2025,UK DESNZ activity-based conversion factors 2025
2025,6_303_3088_9_5,Activity,Scope 1,SECR kWh pass & delivery vehs,Vans,Class II (1.305 to 1.74 tonnes),Diesel,SECR kWh pass & delivery vehs Vans Class II (1.305 to 1.74 tonnes) Diesel,miles,kWh (Net CV),1.19939,01/01/2025,31/12/2025,UK DESNZ activity-based conversion factors 2025
2025,6_303_3089_9_5,Activity,Scope 1,SECR kWh pass & delivery vehs,Vans,Class II (1.305 to 1.74 tonnes),Petrol,SECR kWh pass & delivery vehs Vans Class II (1.305 to 1.74 tonnes) Petrol,miles,kWh (Net CV),1.45403,01/01/2025,31/12/2025,UK DESNZ activity-based conversion factors 2025
2025,6_303_3094_9_5,Activity,Scope 1,SECR kWh pass & delivery vehs,Vans,Class II (1.305 to 1.74 tonnes),Battery Electric Vehicle,SECR kWh pass & delivery vehs Vans Class II (1.305 to 1.74 tonnes) Battery Electric Vehicle,miles,kWh (Net CV),0,01/01/2025,31/12/2025,UK DESNZ activity-based conversion factors 2025
2025,6_303_3095_14_5,Activity,Scope 1,SECR kWh pass & delivery vehs,Vans,Class III (1.74 to 3.5 tonnes),Diesel,SECR kWh pass & delivery vehs Vans Class III (1.74 to 3.5 tonnes) Diesel,tonne.km,kWh (Net CV),2.43865,01/01/2025,31/12/2025,UK DESNZ activity-based conversion factors 2025
2025,6_303_3096_14_5,Activity,Scope 1,SECR kWh pass & delivery vehs,Vans,Class III (1.74 to 3.5 tonnes),Petrol,SECR kWh pass & delivery vehs Vans Class III (1.74 to 3.5 tonnes) Petrol,tonne.km,kWh (Net CV),3.62274,01/01/2025,31/12/2025,UK DESNZ activity-based conversion factors 2025
2025,6_303_3100_14_5,Activity,Scope 1,SECR kWh pass & delivery vehs,Vans,Class III (1.74 to 3.5 tonnes),Plug-in Hybrid Electric Vehicle,SECR kWh pass & delivery vehs Vans Class III (1.74 to 3.5 tonnes) Plug-in Hybrid Electric Vehicle,tonne.km,kWh (Net CV),1.41725,01/01/2025,31/12/2025,UK DESNZ activity-based conversion factors 2025
2025,6_303_3101_14_5,Activity,Scope 1,SECR kWh pass & delivery vehs,Vans,Class III (1.74 to 3.5 tonnes),Battery Electric Vehicle,SECR kWh pass & delivery vehs Vans Class III (1.74 to 3.5 tonnes) Battery Electric Vehicle,tonne.km,kWh (Net CV),0,01/01/2025,31/12/2025,UK DESNZ activity-based conversion factors 2025
2025,6_303_3095_4_5,Activity,Scope 1,SECR kWh pass & delivery vehs,Vans,Class III (1.74 to 3.5 tonnes),Diesel,SECR kWh pass & delivery vehs Vans Class III (1.74 to 3.5 tonnes) Diesel,km,kWh (Net CV),1.08164,01/01/2025,31/12/2025,UK DESNZ activity-based conversion factors 2025
2025,6_303_3096_4_5,Activity,Scope 1,SECR kWh pass & delivery vehs,Vans,Class III (1.74 to 3.5 tonnes),Petrol,SECR kWh pass & delivery vehs Vans Class III (1.74 to 3.5 tonnes) Petrol,km,kWh (Net CV),1.46679,01/01/2025,31/12/2025,UK DESNZ activity-based conversion factors 2025
2025,6_303_3100_4_5,Activity,Scope 1,SECR kWh pass & delivery vehs,Vans,Class III (1.74 to 3.5 tonnes),Plug-in Hybrid Electric Vehicle,SECR kWh pass & delivery vehs Vans Class III (1.74 to 3.5 tonnes) Plug-in Hybrid Electric Vehicle,km,kWh (Net CV),0.55914,01/01/2025,31/12/2025,UK DESNZ activity-based conversion factors 2025
2025,6_303_3101_4_5,Activity,Scope 1,SECR kWh pass & delivery vehs,Vans,Class III (1.74 to 3.5 tonnes),Battery Electric Vehicle,SECR kWh pass & delivery vehs Vans Class III (1.74 to 3.5 tonnes) Battery Electric Vehicle,km,kWh (Net CV),0,01/01/2025,31/12/2025,UK DESNZ activity-based conversion factors 2025
2025,6_303_3095_9_5,Activity,Scope 1,SECR kWh pass & delivery vehs,Vans,Class III (1.74 to 3.5 tonnes),Diesel,SECR kWh pass & delivery vehs Vans Class III (1.74 to 3.5 tonnes) Diesel,miles,kWh (Net CV),1.74073,01/01/2025,31/12/2025,UK DESNZ activity-based conversion factors 2025
2025,6_303_3096_9_5,Activity,Scope 1,SECR kWh pass & delivery vehs,Vans,Class III (1.74 to 3.5 tonnes),Petrol,SECR kWh pass & delivery vehs Vans Class III (1.74 to 3.5 tonnes) Petrol,miles,kWh (Net CV),2.36057,01/01/2025,31/12/2025,UK DESNZ activity-based conversion factors 2025
2025,6_303_3100_9_5,Activity,Scope 1,SECR kWh pass & delivery vehs,Vans,Class III (1.74 to 3.5 tonnes),Plug-in Hybrid Electric Vehicle,SECR kWh pass & delivery vehs Vans Class III (1.74 to 3.5 tonnes) Plug-in Hybrid Electric Vehicle,miles,kWh (Net CV),0.89985,01/01/2025,31/12/2025,UK DESNZ activity-based conversion factors 2025
2025,6_303_3101_9_5,Activity,Scope 1,SECR kWh pass & delivery vehs,Vans,Class III (1.74 to 3.5 tonnes),Battery Electric Vehicle,SECR kWh pass & delivery vehs Vans Class III (1.74 to 3.5 tonnes) Battery Electric Vehicle,miles,kWh (Net CV),0,01/01/2025,31/12/2025,UK DESNZ activity-based conversion factors 2025
2025,6_303_3102_14_5,Activity,Scope 1,SECR kWh pass & delivery vehs,Vans,Average (up to 3.5 tonnes),Diesel,SECR kWh pass & delivery vehs Vans Average (up to 3.5 tonnes) Diesel,tonne.km,kWh (Net CV),2.44788,01/01/2025,31/12/2025,UK DESNZ activity-based conversion factors 2025
2025,6_303_3103_14_5,Activity,Scope 1,SECR kWh pass & delivery vehs,Vans,Average (up to 3.5 tonnes),Petrol,SECR kWh pass & delivery vehs Vans Average (up to 3.5 tonnes) Petrol,tonne.km,kWh (Net CV),3.70436,01/01/2025,31/12/2025,UK DESNZ activity-based conversion factors 2025
2025,6_303_3104_14_5,Activity,Scope 1,SECR kWh pass & delivery vehs,Vans,Average (up to 3.5 tonnes),CNG,SECR kWh pass & delivery vehs Vans Average (up to 3.5 tonnes) CNG,tonne.km,kWh (Net CV),3.06318,01/01/2025,31/12/2025,UK DESNZ activity-based conversion factors 2025
2025,6_303_3105_14_5,Activity,Scope 1,SECR kWh pass & delivery vehs,Vans,Average (up to 3.5 tonnes),LPG,SECR kWh pass & delivery vehs Vans Average (up to 3.5 tonnes) LPG,tonne.km,kWh (Net CV),2.84474,01/01/2025,31/12/2025,UK DESNZ activity-based conversion factors 2025
2025,6_303_3106_14_5,Activity,Scope 1,SECR kWh pass & delivery vehs,Vans,Average (up to 3.5 tonnes),Unknown,SECR kWh pass & delivery vehs Vans Average (up to 3.5 tonnes) Unknown,tonne.km,kWh (Net CV),2.48303,01/01/2025,31/12/2025,UK DESNZ activity-based conversion factors 2025
2025,6_303_3107_14_5,Activity,Scope 1,SECR kWh pass & delivery vehs,Vans,Average (up to 3.5 tonnes),Plug-in Hybrid Electric Vehicle,SECR kWh pass & delivery vehs Vans Average (up to 3.5 tonnes) Plug-in Hybrid Electric Vehicle,tonne.km,kWh (Net CV),1.41725,01/01/2025,31/12/2025,UK DESNZ activity-based conversion factors 2025
2025,6_303_3108_14_5,Activity,Scope 1,SECR kWh pass & delivery vehs,Vans,Average (up to 3.5 tonnes),Battery Electric Vehicle,SECR kWh pass & delivery vehs Vans Average (up to 3.5 tonnes) Battery Electric Vehicle,tonne.km,kWh (Net CV),0,01/01/2025,31/12/2025,UK DESNZ activity-based conversion factors 2025
2025,6_303_3102_4_5,Activity,Scope 1,SECR kWh pass & delivery vehs,Vans,Average (up to 3.5 tonnes),Diesel,SECR kWh pass & delivery vehs Vans Average (up to 3.5 tonnes) Diesel,km,kWh (Net CV),0.99123,01/01/2025,31/12/2025,UK DESNZ activity-based conversion factors 2025
2025,6_303_3103_4_5,Activity,Scope 1,SECR kWh pass & delivery vehs,Vans,Average (up to 3.5 tonnes),Petrol,SECR kWh pass & delivery vehs Vans Average (up to 3.5 tonnes) Petrol,km,kWh (Net CV),0.92352,01/01/2025,31/12/2025,UK DESNZ activity-based conversion factors 2025
2025,6_303_3104_4_5,Activity,Scope 1,SECR kWh pass & delivery vehs,Vans,Average (up to 3.5 tonnes),CNG,SECR kWh pass & delivery vehs Vans Average (up to 3.5 tonnes) CNG,km,kWh (Net CV),1.23247,01/01/2025,31/12/2025,UK DESNZ activity-based conversion factors 2025
2025,6_303_3105_4_5,Activity,Scope 1,SECR kWh pass & delivery vehs,Vans,Average (up to 3.5 tonnes),LPG,SECR kWh pass & delivery vehs Vans Average (up to 3.5 tonnes) LPG,km,kWh (Net CV),1.14458,01/01/2025,31/12/2025,UK DESNZ activity-based conversion factors 2025
2025,6_303_3106_4_5,Activity,Scope 1,SECR kWh pass & delivery vehs,Vans,Average (up to 3.5 tonnes),Unknown,SECR kWh pass & delivery vehs Vans Average (up to 3.5 tonnes) Unknown,km,kWh (Net CV),0.98934,01/01/2025,31/12/2025,UK DESNZ activity-based conversion factors 2025
2025,6_303_3107_4_5,Activity,Scope 1,SECR kWh pass & delivery vehs,Vans,Average (up to 3.5 tonnes),Plug-in Hybrid Electric Vehicle,SECR kWh pass & delivery vehs Vans Average (up to 3.5 tonnes) Plug-in Hybrid Electric Vehicle,km,kWh (Net CV),0.55914,01/01/2025,31/12/2025,UK DESNZ activity-based conversion factors 2025
2025,6_303_3108_4_5,Activity,Scope 1,SECR kWh pass & delivery vehs,Vans,Average (up to 3.5 tonnes),Battery Electric Vehicle,SECR kWh pass & delivery vehs Vans Average (up to 3.5 tonnes) Battery Electric Vehicle,km,kWh (Net CV),0,01/01/2025,31/12/2025,UK DESNZ activity-based conversion factors 2025
2025,6_303_3102_9_5,Activity,Scope 1,SECR kWh pass & delivery vehs,Vans,Average (up to 3.5 tonnes),Diesel,SECR kWh pass & delivery vehs Vans Average (up to 3.5 tonnes) Diesel,miles,kWh (Net CV),1.59524,01/01/2025,31/12/2025,UK DESNZ activity-based conversion factors 2025
2025,6_303_3103_9_5,Activity,Scope 1,SECR kWh pass & delivery vehs,Vans,Average (up to 3.5 tonnes),Petrol,SECR kWh pass & delivery vehs Vans Average (up to 3.5 tonnes) Petrol,miles,kWh (Net CV),1.48626,01/01/2025,31/12/2025,UK DESNZ activity-based conversion factors 2025
2025,6_303_3104_9_5,Activity,Scope 1,SECR kWh pass & delivery vehs,Vans,Average (up to 3.5 tonnes),CNG,SECR kWh pass & delivery vehs Vans Average (up to 3.5 tonnes) CNG,miles,kWh (Net CV),1.98347,01/01/2025,31/12/2025,UK DESNZ activity-based conversion factors 2025
2025,6_303_3105_9_5,Activity,Scope 1,SECR kWh pass & delivery vehs,Vans,Average (up to 3.5 tonnes),LPG,SECR kWh pass & delivery vehs Vans Average (up to 3.5 tonnes) LPG,miles,kWh (Net CV),1.84203,01/01/2025,31/12/2025,UK DESNZ activity-based conversion factors 2025
2025,6_303_3106_9_5,Activity,Scope 1,SECR kWh pass & delivery vehs,Vans,Average (up to 3.5 tonnes),Unknown,SECR kWh pass & delivery vehs Vans Average (up to 3.5 tonnes) Unknown,miles,kWh (Net CV),1.59219,01/01/2025,31/12/2025,UK DESNZ activity-based conversion factors 2025
2025,6_303_3107_9_5,Activity,Scope 1,SECR kWh pass & delivery vehs,Vans,Average (up to 3.5 tonnes),Plug-in Hybrid Electric Vehicle,SECR kWh pass & delivery vehs Vans Average (up to 3.5 tonnes) Plug-in Hybrid Electric Vehicle,miles,kWh (Net CV),0.89985,01/01/2025,31/12/2025,UK DESNZ activity-based conversion factors 2025
2025,6_303_3108_9_5,Activity,Scope 1,SECR kWh pass & delivery vehs,Vans,Average (up to 3.5 tonnes),Battery Electric Vehicle,SECR kWh pass & delivery vehs Vans Average (up to 3.5 tonnes) Battery Electric Vehicle,miles,kWh (Net CV),0,01/01/2025,31/12/2025,UK DESNZ activity-based conversion factors 2025
2025,6_304_3110_14_5,Activity,Scope 1,SECR kWh pass & delivery vehs,HGV (all diesel),Rigid (>3.5 - 7.5 tonnes),50% Laden,SECR kWh pass & delivery vehs HGV (all diesel) Rigid (>3.5 - 7.5 tonnes) 50% Laden,tonne.km,kWh (Net CV),1.76854,01/01/2025,31/12/2025,UK DESNZ activity-based conversion factors 2025
2025,6_304_3111_14_5,Activity,Scope 1,SECR kWh pass & delivery vehs,HGV (all diesel),Rigid (>3.5 - 7.5 tonnes),100% Laden,SECR kWh pass & delivery vehs HGV (all diesel) Rigid (>3.5 - 7.5 tonnes) 100% Laden,tonne.km,kWh (Net CV),0.95501,01/01/2025,31/12/2025,UK DESNZ activity-based conversion factors 2025
2025,6_304_3112_14_5,Activity,Scope 1,SECR kWh pass & delivery vehs,HGV (all diesel),Rigid (>3.5 - 7.5 tonnes),Average Laden,SECR kWh pass & delivery vehs HGV (all diesel) Rigid (>3.5 - 7.5 tonnes) Average Laden,tonne.km,kWh (Net CV),2.03341,01/01/2025,31/12/2025,UK DESNZ activity-based conversion factors 2025
2025,6_304_3109_4_5,Activity,Scope 1,SECR kWh pass & delivery vehs,HGV (all diesel),Rigid (>3.5 - 7.5 tonnes),0% Laden,SECR kWh pass & delivery vehs HGV (all diesel) Rigid (>3.5 - 7.5 tonnes) 0% Laden,km,kWh (Net CV),1.77572,01/01/2025,31/12/2025,UK DESNZ activity-based conversion factors 2025
2025,6_304_3110_4_5,Activity,Scope 1,SECR kWh pass & delivery vehs,HGV (all diesel),Rigid (>3.5 - 7.5 tonnes),50% Laden,SECR kWh pass & delivery vehs HGV (all diesel) Rigid (>3.5 - 7.5 tonnes) 50% Laden,km,kWh (Net CV),1.93013,01/01/2025,31/12/2025,UK DESNZ activity-based conversion factors 2025
2025,6_304_3111_4_5,Activity,Scope 1,SECR kWh pass & delivery vehs,HGV (all diesel),Rigid (>3.5 - 7.5 tonnes),100% Laden,SECR kWh pass & delivery vehs HGV (all diesel) Rigid (>3.5 - 7.5 tonnes) 100% Laden,km,kWh (Net CV),2.08454,01/01/2025,31/12/2025,UK DESNZ activity-based conversion factors 2025
2025,6_304_3112_4_5,Activity,Scope 1,SECR kWh pass & delivery vehs,HGV (all diesel),Rigid (>3.5 - 7.5 tonnes),Average Laden,SECR kWh pass & delivery vehs HGV (all diesel) Rigid (>3.5 - 7.5 tonnes) Average Laden,km,kWh (Net CV),1.90851,01/01/2025,31/12/2025,UK DESNZ activity-based conversion factors 2025
2025,6_304_3109_9_5,Activity,Scope 1,SECR kWh pass & delivery vehs,HGV (all diesel),Rigid (>3.5 - 7.5 tonnes),0% Laden,SECR kWh pass & delivery vehs HGV (all diesel) Rigid (>3.5 - 7.5 tonnes) 0% Laden,miles,kWh (Net CV),2.85774,01/01/2025,31/12/2025,UK DESNZ activity-based conversion factors 2025
2025,6_304_3110_9_5,Activity,Scope 1,SECR kWh pass & delivery vehs,HGV (all diesel),Rigid (>3.5 - 7.5 tonnes),50% Laden,SECR kWh pass & delivery vehs HGV (all diesel) Rigid (>3.5 - 7.5 tonnes) 50% Laden,miles,kWh (Net CV),3.10624,01/01/2025,31/12/2025,UK DESNZ activity-based conversion factors 2025
2025,6_304_3111_9_5,Activity,Scope 1,SECR kWh pass & delivery vehs,HGV (all diesel),Rigid (>3.5 - 7.5 tonnes),100% Laden,SECR kWh pass & delivery vehs HGV (all diesel) Rigid (>3.5 - 7.5 tonnes) 100% Laden,miles,kWh (Net CV),3.35474,01/01/2025,31/12/2025,UK DESNZ activity-based conversion factors 2025
2025,6_304_3112_9_5,Activity,Scope 1,SECR kWh pass & delivery vehs,HGV (all diesel),Rigid (>3.5 - 7.5 tonnes),Average Laden,SECR kWh pass & delivery vehs HGV (all diesel) Rigid (>3.5 - 7.5 tonnes) Average Laden,miles,kWh (Net CV),3.07145,01/01/2025,31/12/2025,UK DESNZ activity-based conversion factors 2025
2025,6_304_3114_14_5,Activity,Scope 1,SECR kWh pass & delivery vehs,HGV (all diesel),Rigid (>7.5 tonnes-17 tonnes),50% Laden,SECR kWh pass & delivery vehs HGV (all diesel) Rigid (>7.5 tonnes-17 tonnes) 50% Laden,tonne.km,kWh (Net CV),1.01776,01/01/2025,31/12/2025,UK DESNZ activity-based conversion factors 2025
2025,6_304_3115_14_5,Activity,Scope 1,SECR kWh pass & delivery vehs,HGV (all diesel),Rigid (>7.5 tonnes-17 tonnes),100% Laden,SECR kWh pass & delivery vehs HGV (all diesel) Rigid (>7.5 tonnes-17 tonnes) 100% Laden,tonne.km,kWh (Net CV),0.57249,01/01/2025,31/12/2025,UK DESNZ activity-based conversion factors 2025
2025,6_304_3116_14_5,Activity,Scope 1,SECR kWh pass & delivery vehs,HGV (all diesel),Rigid (>7.5 tonnes-17 tonnes),Average Laden,SECR kWh pass & delivery vehs HGV (all diesel) Rigid (>7.5 tonnes-17 tonnes) Average Laden,tonne.km,kWh (Net CV),1.39942,01/01/2025,31/12/2025,UK DESNZ activity-based conversion factors 2025
2025,6_304_3113_4_5,Activity,Scope 1,SECR kWh pass & delivery vehs,HGV (all diesel),Rigid (>7.5 tonnes-17 tonnes),0% Laden,SECR kWh pass & delivery vehs HGV (all diesel) Rigid (>7.5 tonnes-17 tonnes) 0% Laden,km,kWh (Net CV),2.11587,01/01/2025,31/12/2025,UK DESNZ activity-based conversion factors 2025
2025,6_304_3114_4_5,Activity,Scope 1,SECR kWh pass & delivery vehs,HGV (all diesel),Rigid (>7.5 tonnes-17 tonnes),50% Laden,SECR kWh pass & delivery vehs HGV (all diesel) Rigid (>7.5 tonnes-17 tonnes) 50% Laden,km,kWh (Net CV),2.41813,01/01/2025,31/12/2025,UK DESNZ activity-based conversion factors 2025
2025,6_304_3115_4_5,Activity,Scope 1,SECR kWh pass & delivery vehs,HGV (all diesel),Rigid (>7.5 tonnes-17 tonnes),100% Laden,SECR kWh pass & delivery vehs HGV (all diesel) Rigid (>7.5 tonnes-17 tonnes) 100% Laden,km,kWh (Net CV),2.7204,01/01/2025,31/12/2025,UK DESNZ activity-based conversion factors 2025
2025,6_304_3116_4_5,Activity,Scope 1,SECR kWh pass & delivery vehs,HGV (all diesel),Rigid (>7.5 tonnes-17 tonnes),Average Laden,SECR kWh pass & delivery vehs HGV (all diesel) Rigid (>7.5 tonnes-17 tonnes) Average Laden,km,kWh (Net CV),2.32745,01/01/2025,31/12/2025,UK DESNZ activity-based conversion factors 2025
2025,6_304_3113_9_5,Activity,Scope 1,SECR kWh pass & delivery vehs,HGV (all diesel),Rigid (>7.5 tonnes-17 tonnes),0% Laden,SECR kWh pass & delivery vehs HGV (all diesel) Rigid (>7.5 tonnes-17 tonnes) 0% Laden,miles,kWh (Net CV),3.40516,01/01/2025,31/12/2025,UK DESNZ activity-based conversion factors 2025
2025,6_304_3114_9_5,Activity,Scope 1,SECR kWh pass & delivery vehs,HGV (all diesel),Rigid (>7.5 tonnes-17 tonnes),50% Laden,SECR kWh pass & delivery vehs HGV (all diesel) Rigid (>7.5 tonnes-17 tonnes) 50% Laden,miles,kWh (Net CV),3.89161,01/01/2025,31/12/2025,UK DESNZ activity-based conversion factors 2025
2025,6_304_3115_9_5,Activity,Scope 1,SECR kWh pass & delivery vehs,HGV (all diesel),Rigid (>7.5 tonnes-17 tonnes),100% Laden,SECR kWh pass & delivery vehs HGV (all diesel) Rigid (>7.5 tonnes-17 tonnes) 100% Laden,miles,kWh (Net CV),4.37806,01/01/2025,31/12/2025,UK DESNZ activity-based conversion factors 2025
2025,6_304_3116_9_5,Activity,Scope 1,SECR kWh pass & delivery vehs,HGV (all diesel),Rigid (>7.5 tonnes-17 tonnes),Average Laden,SECR kWh pass & delivery vehs HGV (all diesel) Rigid (>7.5 tonnes-17 tonnes) Average Laden,miles,kWh (Net CV),3.74567,01/01/2025,31/12/2025,UK DESNZ activity-based conversion factors 2025
2025,6_304_3118_14_5,Activity,Scope 1,SECR kWh pass & delivery vehs,HGV (all diesel),Rigid (>17 tonnes),50% Laden,SECR kWh pass & delivery vehs HGV (all diesel) Rigid (>17 tonnes) 50% Laden,tonne.km,kWh (Net CV),0.81294,01/01/2025,31/12/2025,UK DESNZ activity-based conversion factors 2025
2025,6_304_3119_14_5,Activity,Scope 1,SECR kWh pass & delivery vehs,HGV (all diesel),Rigid (>17 tonnes),100% Laden,SECR kWh pass & delivery vehs HGV (all diesel) Rigid (>17 tonnes) 100% Laden,tonne.km,kWh (Net CV),0.47963,01/01/2025,31/12/2025,UK DESNZ activity-based conversion factors 2025
2025,6_304_3120_14_5,Activity,Scope 1,SECR kWh pass & delivery vehs,HGV (all diesel),Rigid (>17 tonnes),Average Laden,SECR kWh pass & delivery vehs HGV (all diesel) Rigid (>17 tonnes) Average Laden,tonne.km,kWh (Net CV),0.65963,01/01/2025,31/12/2025,UK DESNZ activity-based conversion factors 2025
2025,6_304_3117_4_5,Activity,Scope 1,SECR kWh pass & delivery vehs,HGV (all diesel),Rigid (>17 tonnes),0% Laden,SECR kWh pass & delivery vehs HGV (all diesel) Rigid (>17 tonnes) 0% Laden,km,kWh (Net CV),2.97151,01/01/2025,31/12/2025,UK DESNZ activity-based conversion factors 2025
2025,6_304_3118_4_5,Activity,Scope 1,SECR kWh pass & delivery vehs,HGV (all diesel),Rigid (>17 tonnes),50% Laden,SECR kWh pass & delivery vehs HGV (all diesel) Rigid (>17 tonnes) 50% Laden,km,kWh (Net CV),3.62379,01/01/2025,31/12/2025,UK DESNZ activity-based conversion factors 2025
2025,6_304_3119_4_5,Activity,Scope 1,SECR kWh pass & delivery vehs,HGV (all diesel),Rigid (>17 tonnes),100% Laden,SECR kWh pass & delivery vehs HGV (all diesel) Rigid (>17 tonnes) 100% Laden,km,kWh (Net CV),4.27608,01/01/2025,31/12/2025,UK DESNZ activity-based conversion factors 2025
2025,6_304_3120_4_5,Activity,Scope 1,SECR kWh pass & delivery vehs,HGV (all diesel),Rigid (>17 tonnes),Average Laden,SECR kWh pass & delivery vehs HGV (all diesel) Rigid (>17 tonnes) Average Laden,km,kWh (Net CV),3.81861,01/01/2025,31/12/2025,UK DESNZ activity-based conversion factors 2025
2025,6_304_3117_9_5,Activity,Scope 1,SECR kWh pass & delivery vehs,HGV (all diesel),Rigid (>17 tonnes),0% Laden,SECR kWh pass & delivery vehs HGV (all diesel) Rigid (>17 tonnes) 0% Laden,miles,kWh (Net CV),4.78218,01/01/2025,31/12/2025,UK DESNZ activity-based conversion factors 2025
2025,6_304_3118_9_5,Activity,Scope 1,SECR kWh pass & delivery vehs,HGV (all diesel),Rigid (>17 tonnes),50% Laden,SECR kWh pass & delivery vehs HGV (all diesel) Rigid (>17 tonnes) 50% Laden,miles,kWh (Net CV),5.83193,01/01/2025,31/12/2025,UK DESNZ activity-based conversion factors 2025
2025,6_304_3119_9_5,Activity,Scope 1,SECR kWh pass & delivery vehs,HGV (all diesel),Rigid (>17 tonnes),100% Laden,SECR kWh pass & delivery vehs HGV (all diesel) Rigid (>17 tonnes) 100% Laden,miles,kWh (Net CV),6.88168,01/01/2025,31/12/2025,UK DESNZ activity-based conversion factors 2025
2025,6_304_3120_9_5,Activity,Scope 1,SECR kWh pass & delivery vehs,HGV (all diesel),Rigid (>17 tonnes),Average Laden,SECR kWh pass & delivery vehs HGV (all diesel) Rigid (>17 tonnes) Average Laden,miles,kWh (Net CV),6.14546,01/01/2025,31/12/2025,UK DESNZ activity-based conversion factors 2025
2025,6_304_3122_14_5,Activity,Scope 1,SECR kWh pass & delivery vehs,HGV (all diesel),All rigids,50% Laden,SECR kWh pass & delivery vehs HGV (all diesel) All rigids 50% Laden,tonne.km,kWh (Net CV),0.86921,01/01/2025,31/12/2025,UK DESNZ activity-based conversion factors 2025
2025,6_304_3123_14_5,Activity,Scope 1,SECR kWh pass & delivery vehs,HGV (all diesel),All rigids,100% Laden,SECR kWh pass & delivery vehs HGV (all diesel) All rigids 100% Laden,tonne.km,kWh (Net CV),0.50724,01/01/2025,31/12/2025,UK DESNZ activity-based conversion factors 2025
2025,6_304_3124_14_5,Activity,Scope 1,SECR kWh pass & delivery vehs,HGV (all diesel),All rigids,Average Laden,SECR kWh pass & delivery vehs HGV (all diesel) All rigids Average Laden,tonne.km,kWh (Net CV),0.75975,01/01/2025,31/12/2025,UK DESNZ activity-based conversion factors 2025
2025,6_304_3121_4_5,Activity,Scope 1,SECR kWh pass & delivery vehs,HGV (all diesel),All rigids,0% Laden,SECR kWh pass & delivery vehs HGV (all diesel) All rigids 0% Laden,km,kWh (Net CV),2.60875,01/01/2025,31/12/2025,UK DESNZ activity-based conversion factors 2025
2025,6_304_3122_4_5,Activity,Scope 1,SECR kWh pass & delivery vehs,HGV (all diesel),All rigids,50% Laden,SECR kWh pass & delivery vehs HGV (all diesel) All rigids 50% Laden,km,kWh (Net CV),3.11069,01/01/2025,31/12/2025,UK DESNZ activity-based conversion factors 2025
2025,6_304_3123_4_5,Activity,Scope 1,SECR kWh pass & delivery vehs,HGV (all diesel),All rigids,100% Laden,SECR kWh pass & delivery vehs HGV (all diesel) All rigids 100% Laden,km,kWh (Net CV),3.61262,01/01/2025,31/12/2025,UK DESNZ activity-based conversion factors 2025
2025,6_304_3124_4_5,Activity,Scope 1,SECR kWh pass & delivery vehs,HGV (all diesel),All rigids,Average Laden,SECR kWh pass & delivery vehs HGV (all diesel) All rigids Average Laden,km,kWh (Net CV),3.22545,01/01/2025,31/12/2025,UK DESNZ activity-based conversion factors 2025
2025,6_304_3121_9_5,Activity,Scope 1,SECR kWh pass & delivery vehs,HGV (all diesel),All rigids,0% Laden,SECR kWh pass & delivery vehs HGV (all diesel) All rigids 0% Laden,miles,kWh (Net CV),4.19838,01/01/2025,31/12/2025,UK DESNZ activity-based conversion factors 2025
2025,6_304_3122_9_5,Activity,Scope 1,SECR kWh pass & delivery vehs,HGV (all diesel),All rigids,50% Laden,SECR kWh pass & delivery vehs HGV (all diesel) All rigids 50% Laden,miles,kWh (Net CV),5.00616,01/01/2025,31/12/2025,UK DESNZ activity-based conversion factors 2025
2025,6_304_3123_9_5,Activity,Scope 1,SECR kWh pass & delivery vehs,HGV (all diesel),All rigids,100% Laden,SECR kWh pass & delivery vehs HGV (all diesel) All rigids 100% Laden,miles,kWh (Net CV),5.81395,01/01/2025,31/12/2025,UK DESNZ activity-based conversion factors 2025
2025,6_304_3124_9_5,Activity,Scope 1,SECR kWh pass & delivery vehs,HGV (all diesel),All rigids,Average Laden,SECR kWh pass & delivery vehs HGV (all diesel) All rigids Average Laden,miles,kWh (Net CV),5.19086,01/01/2025,31/12/2025,UK DESNZ activity-based conversion factors 2025
2025,6_304_3126_14_5,Activity,Scope 1,SECR kWh pass & delivery vehs,HGV (all diesel),Articulated (>3.5 - 33t),50% Laden,SECR kWh pass & delivery vehs HGV (all diesel) Articulated (>3.5 - 33t) 50% Laden,tonne.km,kWh (Net CV),0.49179,01/01/2025,31/12/2025,UK DESNZ activity-based conversion factors 2025
2025,6_304_3127_14_5,Activity,Scope 1,SECR kWh pass & delivery vehs,HGV (all diesel),Articulated (>3.5 - 33t),100% Laden,SECR kWh pass & delivery vehs HGV (all diesel) Articulated (>3.5 - 33t) 100% Laden,tonne.km,kWh (Net CV),0.29507,01/01/2025,31/12/2025,UK DESNZ activity-based conversion factors 2025
2025,6_304_3128_14_5,Activity,Scope 1,SECR kWh pass & delivery vehs,HGV (all diesel),Articulated (>3.5 - 33t),Average Laden,SECR kWh pass & delivery vehs HGV (all diesel) Articulated (>3.5 - 33t) Average Laden,tonne.km,kWh (Net CV),0.48407,01/01/2025,31/12/2025,UK DESNZ activity-based conversion factors 2025
2025,6_304_3125_4_5,Activity,Scope 1,SECR kWh pass & delivery vehs,HGV (all diesel),Articulated (>3.5 - 33t),0% Laden,SECR kWh pass & delivery vehs HGV (all diesel) Articulated (>3.5 - 33t) 0% Laden,km,kWh (Net CV),2.39668,01/01/2025,31/12/2025,UK DESNZ activity-based conversion factors 2025
2025,6_304_3126_4_5,Activity,Scope 1,SECR kWh pass & delivery vehs,HGV (all diesel),Articulated (>3.5 - 33t),50% Laden,SECR kWh pass & delivery vehs HGV (all diesel) Articulated (>3.5 - 33t) 50% Laden,km,kWh (Net CV),2.99585,01/01/2025,31/12/2025,UK DESNZ activity-based conversion factors 2025
2025,6_304_3127_4_5,Activity,Scope 1,SECR kWh pass & delivery vehs,HGV (all diesel),Articulated (>3.5 - 33t),100% Laden,SECR kWh pass & delivery vehs HGV (all diesel) Articulated (>3.5 - 33t) 100% Laden,km,kWh (Net CV),3.59502,01/01/2025,31/12/2025,UK DESNZ activity-based conversion factors 2025
2025,6_304_3128_4_5,Activity,Scope 1,SECR kWh pass & delivery vehs,HGV (all diesel),Articulated (>3.5 - 33t),Average Laden,SECR kWh pass & delivery vehs HGV (all diesel) Articulated (>3.5 - 33t) Average Laden,km,kWh (Net CV),3.00783,01/01/2025,31/12/2025,UK DESNZ activity-based conversion factors 2025
2025,6_304_3125_9_5,Activity,Scope 1,SECR kWh pass & delivery vehs,HGV (all diesel),Articulated (>3.5 - 33t),0% Laden,SECR kWh pass & delivery vehs HGV (all diesel) Articulated (>3.5 - 33t) 0% Laden,miles,kWh (Net CV),3.85708,01/01/2025,31/12/2025,UK DESNZ activity-based conversion factors 2025
2025,6_304_3126_9_5,Activity,Scope 1,SECR kWh pass & delivery vehs,HGV (all diesel),Articulated (>3.5 - 33t),50% Laden,SECR kWh pass & delivery vehs HGV (all diesel) Articulated (>3.5 - 33t) 50% Laden,miles,kWh (Net CV),4.82135,01/01/2025,31/12/2025,UK DESNZ activity-based conversion factors 2025
2025,6_304_3127_9_5,Activity,Scope 1,SECR kWh pass & delivery vehs,HGV (all diesel),Articulated (>3.5 - 33t),100% Laden,SECR kWh pass & delivery vehs HGV (all diesel) Articulated (>3.5 - 33t) 100% Laden,miles,kWh (Net CV),5.78562,01/01/2025,31/12/2025,UK DESNZ activity-based conversion factors 2025
2025,6_304_3128_9_5,Activity,Scope 1,SECR kWh pass & delivery vehs,HGV (all diesel),Articulated (>3.5 - 33t),Average Laden,SECR kWh pass & delivery vehs HGV (all diesel) Articulated (>3.5 - 33t) Average Laden,miles,kWh (Net CV),4.84063,01/01/2025,31/12/2025,UK DESNZ activity-based conversion factors 2025
2025,6_304_3130_14_5,Activity,Scope 1,SECR kWh pass & delivery vehs,HGV (all diesel),Articulated (>33t),50% Laden,SECR kWh pass & delivery vehs HGV (all diesel) Articulated (>33t) 50% Laden,tonne.km,kWh (Net CV),0.36784,01/01/2025,31/12/2025,UK DESNZ activity-based conversion factors 2025
2025,6_304_3131_14_5,Activity,Scope 1,SECR kWh pass & delivery vehs,HGV (all diesel),Articulated (>33t),100% Laden,SECR kWh pass & delivery vehs HGV (all diesel) Articulated (>33t) 100% Laden,tonne.km,kWh (Net CV),0.2299,01/01/2025,31/12/2025,UK DESNZ activity-based conversion factors 2025
2025,6_304_3132_14_5,Activity,Scope 1,SECR kWh pass & delivery vehs,HGV (all diesel),Articulated (>33t),Average Laden,SECR kWh pass & delivery vehs HGV (all diesel) Articulated (>33t) Average Laden,tonne.km,kWh (Net CV),0.29481,01/01/2025,31/12/2025,UK DESNZ activity-based conversion factors 2025
2025,6_304_3129_4_5,Activity,Scope 1,SECR kWh pass & delivery vehs,HGV (all diesel),Articulated (>33t),0% Laden,SECR kWh pass & delivery vehs HGV (all diesel) Articulated (>33t) 0% Laden,km,kWh (Net CV),2.46257,01/01/2025,31/12/2025,UK DESNZ activity-based conversion factors 2025
2025,6_304_3130_4_5,Activity,Scope 1,SECR kWh pass & delivery vehs,HGV (all diesel),Articulated (>33t),50% Laden,SECR kWh pass & delivery vehs HGV (all diesel) Articulated (>33t) 50% Laden,km,kWh (Net CV),3.28343,01/01/2025,31/12/2025,UK DESNZ activity-based conversion factors 2025
2025,6_304_3131_4_5,Activity,Scope 1,SECR kWh pass & delivery vehs,HGV (all diesel),Articulated (>33t),100% Laden,SECR kWh pass & delivery vehs HGV (all diesel) Articulated (>33t) 100% Laden,km,kWh (Net CV),4.10429,01/01/2025,31/12/2025,UK DESNZ activity-based conversion factors 2025
2025,6_304_3132_4_5,Activity,Scope 1,SECR kWh pass & delivery vehs,HGV (all diesel),Articulated (>33t),Average Laden,SECR kWh pass & delivery vehs HGV (all diesel) Articulated (>33t) Average Laden,km,kWh (Net CV),3.57894,01/01/2025,31/12/2025,UK DESNZ activity-based conversion factors 2025
2025,6_304_3129_9_5,Activity,Scope 1,SECR kWh pass & delivery vehs,HGV (all diesel),Articulated (>33t),0% Laden,SECR kWh pass & delivery vehs HGV (all diesel) Articulated (>33t) 0% Laden,miles,kWh (Net CV),3.96313,01/01/2025,31/12/2025,UK DESNZ activity-based conversion factors 2025
2025,6_304_3130_9_5,Activity,Scope 1,SECR kWh pass & delivery vehs,HGV (all diesel),Articulated (>33t),50% Laden,SECR kWh pass & delivery vehs HGV (all diesel) Articulated (>33t) 50% Laden,miles,kWh (Net CV),5.28417,01/01/2025,31/12/2025,UK DESNZ activity-based conversion factors 2025
2025,6_304_3131_9_5,Activity,Scope 1,SECR kWh pass & delivery vehs,HGV (all diesel),Articulated (>33t),100% Laden,SECR kWh pass & delivery vehs HGV (all diesel) Articulated (>33t) 100% Laden,miles,kWh (Net CV),6.60521,01/01/2025,31/12/2025,UK DESNZ activity-based conversion factors 2025
2025,6_304_3132_9_5,Activity,Scope 1,SECR kWh pass & delivery vehs,HGV (all diesel),Articulated (>33t),Average Laden,SECR kWh pass & delivery vehs HGV (all diesel) Articulated (>33t) Average Laden,miles,kWh (Net CV),5.75974,01/01/2025,31/12/2025,UK DESNZ activity-based conversion factors 2025
2025,6_304_3134_14_5,Activity,Scope 1,SECR kWh pass & delivery vehs,HGV (all diesel),All artics,50% Laden,SECR kWh pass & delivery vehs HGV (all diesel) All artics 50% Laden,tonne.km,kWh (Net CV),0.37029,01/01/2025,31/12/2025,UK DESNZ activity-based conversion factors 2025
2025,6_304_3135_14_5,Activity,Scope 1,SECR kWh pass & delivery vehs,HGV (all diesel),All artics,100% Laden,SECR kWh pass & delivery vehs HGV (all diesel) All artics 100% Laden,tonne.km,kWh (Net CV),0.23119,01/01/2025,31/12/2025,UK DESNZ activity-based conversion factors 2025
2025,6_304_3136_14_5,Activity,Scope 1,SECR kWh pass & delivery vehs,HGV (all diesel),All artics,Average Laden,SECR kWh pass & delivery vehs HGV (all diesel) All artics Average Laden,tonne.km,kWh (Net CV),0.29856,01/01/2025,31/12/2025,UK DESNZ activity-based conversion factors 2025
2025,6_304_3133_4_5,Activity,Scope 1,SECR kWh pass & delivery vehs,HGV (all diesel),All artics,0% Laden,SECR kWh pass & delivery vehs HGV (all diesel) All artics 0% Laden,km,kWh (Net CV),2.46007,01/01/2025,31/12/2025,UK DESNZ activity-based conversion factors 2025
2025,6_304_3134_4_5,Activity,Scope 1,SECR kWh pass & delivery vehs,HGV (all diesel),All artics,50% Laden,SECR kWh pass & delivery vehs HGV (all diesel) All artics 50% Laden,km,kWh (Net CV),3.27252,01/01/2025,31/12/2025,UK DESNZ activity-based conversion factors 2025
2025,6_304_3135_4_5,Activity,Scope 1,SECR kWh pass & delivery vehs,HGV (all diesel),All artics,100% Laden,SECR kWh pass & delivery vehs HGV (all diesel) All artics 100% Laden,km,kWh (Net CV),4.08496,01/01/2025,31/12/2025,UK DESNZ activity-based conversion factors 2025
2025,6_304_3136_4_5,Activity,Scope 1,SECR kWh pass & delivery vehs,HGV (all diesel),All artics,Average Laden,SECR kWh pass & delivery vehs HGV (all diesel) All artics Average Laden,km,kWh (Net CV),3.55727,01/01/2025,31/12/2025,UK DESNZ activity-based conversion factors 2025
2025,6_304_3133_9_5,Activity,Scope 1,SECR kWh pass & delivery vehs,HGV (all diesel),All artics,0% Laden,SECR kWh pass & delivery vehs HGV (all diesel) All artics 0% Laden,miles,kWh (Net CV),3.9591,01/01/2025,31/12/2025,UK DESNZ activity-based conversion factors 2025
2025,6_304_3134_9_5,Activity,Scope 1,SECR kWh pass & delivery vehs,HGV (all diesel),All artics,50% Laden,SECR kWh pass & delivery vehs HGV (all diesel) All artics 50% Laden,miles,kWh (Net CV),5.26661,01/01/2025,31/12/2025,UK DESNZ activity-based conversion factors 2025
2025,6_304_3135_9_5,Activity,Scope 1,SECR kWh pass & delivery vehs,HGV (all diesel),All artics,100% Laden,SECR kWh pass & delivery vehs HGV (all diesel) All artics 100% Laden,miles,kWh (Net CV),6.57411,01/01/2025,31/12/2025,UK DESNZ activity-based conversion factors 2025
2025,6_304_3136_9_5,Activity,Scope 1,SECR kWh pass & delivery vehs,HGV (all diesel),All artics,Average Laden,SECR kWh pass & delivery vehs HGV (all diesel) All artics Average Laden,miles,kWh (Net CV),5.72487,01/01/2025,31/12/2025,UK DESNZ activity-based conversion factors 2025
2025,6_304_3138_14_5,Activity,Scope 1,SECR kWh pass & delivery vehs,HGV (all diesel),All HGVs,50% Laden,SECR kWh pass & delivery vehs HGV (all diesel) All HGVs 50% Laden,tonne.km,kWh (Net CV),0.46887,01/01/2025,31/12/2025,UK DESNZ activity-based conversion factors 2025
2025,6_304_3139_14_5,Activity,Scope 1,SECR kWh pass & delivery vehs,HGV (all diesel),All HGVs,100% Laden,SECR kWh pass & delivery vehs HGV (all diesel) All HGVs 100% Laden,tonne.km,kWh (Net CV),0.28573,01/01/2025,31/12/2025,UK DESNZ activity-based conversion factors 2025
2025,6_304_3140_14_5,Activity,Scope 1,SECR kWh pass & delivery vehs,HGV (all diesel),All HGVs,Average Laden,SECR kWh pass & delivery vehs HGV (all diesel) All HGVs Average Laden,tonne.km,kWh (Net CV),0.38968,01/01/2025,31/12/2025,UK DESNZ activity-based conversion factors 2025
2025,6_304_3137_4_5,Activity,Scope 1,SECR kWh pass & delivery vehs,HGV (all diesel),All HGVs,0% Laden,SECR kWh pass & delivery vehs HGV (all diesel) All HGVs 0% Laden,km,kWh (Net CV),2.52083,01/01/2025,31/12/2025,UK DESNZ activity-based conversion factors 2025
2025,6_304_3138_4_5,Activity,Scope 1,SECR kWh pass & delivery vehs,HGV (all diesel),All HGVs,50% Laden,SECR kWh pass & delivery vehs HGV (all diesel) All HGVs 50% Laden,km,kWh (Net CV),3.20639,01/01/2025,31/12/2025,UK DESNZ activity-based conversion factors 2025
2025,6_304_3139_4_5,Activity,Scope 1,SECR kWh pass & delivery vehs,HGV (all diesel),All HGVs,100% Laden,SECR kWh pass & delivery vehs HGV (all diesel) All HGVs 100% Laden,km,kWh (Net CV),3.89194,01/01/2025,31/12/2025,UK DESNZ activity-based conversion factors 2025
2025,6_304_3140_4_5,Activity,Scope 1,SECR kWh pass & delivery vehs,HGV (all diesel),All HGVs,Average Laden,SECR kWh pass & delivery vehs HGV (all diesel) All HGVs Average Laden,km,kWh (Net CV),3.42167,01/01/2025,31/12/2025,UK DESNZ activity-based conversion factors 2025
2025,6_304_3137_9_5,Activity,Scope 1,SECR kWh pass & delivery vehs,HGV (all diesel),All HGVs,0% Laden,SECR kWh pass & delivery vehs HGV (all diesel) All HGVs 0% Laden,miles,kWh (Net CV),4.05688,01/01/2025,31/12/2025,UK DESNZ activity-based conversion factors 2025
2025,6_304_3138_9_5,Activity,Scope 1,SECR kWh pass & delivery vehs,HGV (all diesel),All HGVs,50% Laden,SECR kWh pass & delivery vehs HGV (all diesel) All HGVs 50% Laden,miles,kWh (Net CV),5.16018,01/01/2025,31/12/2025,UK DESNZ activity-based conversion factors 2025
2025,6_304_3139_9_5,Activity,Scope 1,SECR kWh pass & delivery vehs,HGV (all diesel),All HGVs,100% Laden,SECR kWh pass & delivery vehs HGV (all diesel) All HGVs 100% Laden,miles,kWh (Net CV),6.26347,01/01/2025,31/12/2025,UK DESNZ activity-based conversion factors 2025
2025,6_304_3140_9_5,Activity,Scope 1,SECR kWh pass & delivery vehs,HGV (all diesel),All HGVs,Average Laden,SECR kWh pass & delivery vehs HGV (all diesel) All HGVs Average Laden,miles,kWh (Net CV),5.50665,01/01/2025,31/12/2025,UK DESNZ activity-based conversion factors 2025
2025,6_306_3110_14_5,Activity,Scope 1,SECR kWh pass & delivery vehs,HGV refrigerated (all diesel),Rigid (>3.5 - 7.5 tonnes),50% Laden,SECR kWh pass & delivery vehs HGV refrigerated (all diesel) Rigid (>3.5 - 7.5 tonnes) 50% Laden,tonne.km,kWh (Net CV),2.10985,01/01/2025,31/12/2025,UK DESNZ activity-based conversion factors 2025
2025,6_306_3111_14_5,Activity,Scope 1,SECR kWh pass & delivery vehs,HGV refrigerated (all diesel),Rigid (>3.5 - 7.5 tonnes),100% Laden,SECR kWh pass & delivery vehs HGV refrigerated (all diesel) Rigid (>3.5 - 7.5 tonnes) 100% Laden,tonne.km,kWh (Net CV),1.13932,01/01/2025,31/12/2025,UK DESNZ activity-based conversion factors 2025
2025,6_306_3112_14_5,Activity,Scope 1,SECR kWh pass & delivery vehs,HGV refrigerated (all diesel),Rigid (>3.5 - 7.5 tonnes),Average Laden,SECR kWh pass & delivery vehs HGV refrigerated (all diesel) Rigid (>3.5 - 7.5 tonnes) Average Laden,tonne.km,kWh (Net CV),2.42584,01/01/2025,31/12/2025,UK DESNZ activity-based conversion factors 2025
2025,6_306_3109_4_5,Activity,Scope 1,SECR kWh pass & delivery vehs,HGV refrigerated (all diesel),Rigid (>3.5 - 7.5 tonnes),0% Laden,SECR kWh pass & delivery vehs HGV refrigerated (all diesel) Rigid (>3.5 - 7.5 tonnes) 0% Laden,km,kWh (Net CV),2.11842,01/01/2025,31/12/2025,UK DESNZ activity-based conversion factors 2025
2025,6_306_3110_4_5,Activity,Scope 1,SECR kWh pass & delivery vehs,HGV refrigerated (all diesel),Rigid (>3.5 - 7.5 tonnes),50% Laden,SECR kWh pass & delivery vehs HGV refrigerated (all diesel) Rigid (>3.5 - 7.5 tonnes) 50% Laden,km,kWh (Net CV),2.30263,01/01/2025,31/12/2025,UK DESNZ activity-based conversion factors 2025
2025,6_306_3111_4_5,Activity,Scope 1,SECR kWh pass & delivery vehs,HGV refrigerated (all diesel),Rigid (>3.5 - 7.5 tonnes),100% Laden,SECR kWh pass & delivery vehs HGV refrigerated (all diesel) Rigid (>3.5 - 7.5 tonnes) 100% Laden,km,kWh (Net CV),2.48684,01/01/2025,31/12/2025,UK DESNZ activity-based conversion factors 2025
2025,6_306_3112_4_5,Activity,Scope 1,SECR kWh pass & delivery vehs,HGV refrigerated (all diesel),Rigid (>3.5 - 7.5 tonnes),Average Laden,SECR kWh pass & delivery vehs HGV refrigerated (all diesel) Rigid (>3.5 - 7.5 tonnes) Average Laden,km,kWh (Net CV),2.27684,01/01/2025,31/12/2025,UK DESNZ activity-based conversion factors 2025
2025,6_306_3109_9_5,Activity,Scope 1,SECR kWh pass & delivery vehs,HGV refrigerated (all diesel),Rigid (>3.5 - 7.5 tonnes),0% Laden,SECR kWh pass & delivery vehs HGV refrigerated (all diesel) Rigid (>3.5 - 7.5 tonnes) 0% Laden,miles,kWh (Net CV),3.40926,01/01/2025,31/12/2025,UK DESNZ activity-based conversion factors 2025
2025,6_306_3110_9_5,Activity,Scope 1,SECR kWh pass & delivery vehs,HGV refrigerated (all diesel),Rigid (>3.5 - 7.5 tonnes),50% Laden,SECR kWh pass & delivery vehs HGV refrigerated (all diesel) Rigid (>3.5 - 7.5 tonnes) 50% Laden,miles,kWh (Net CV),3.70572,01/01/2025,31/12/2025,UK DESNZ activity-based conversion factors 2025
2025,6_306_3111_9_5,Activity,Scope 1,SECR kWh pass & delivery vehs,HGV refrigerated (all diesel),Rigid (>3.5 - 7.5 tonnes),100% Laden,SECR kWh pass & delivery vehs HGV refrigerated (all diesel) Rigid (>3.5 - 7.5 tonnes) 100% Laden,miles,kWh (Net CV),4.00218,01/01/2025,31/12/2025,UK DESNZ activity-based conversion factors 2025
2025,6_306_3112_9_5,Activity,Scope 1,SECR kWh pass & delivery vehs,HGV refrigerated (all diesel),Rigid (>3.5 - 7.5 tonnes),Average Laden,SECR kWh pass & delivery vehs HGV refrigerated (all diesel) Rigid (>3.5 - 7.5 tonnes) Average Laden,miles,kWh (Net CV),3.66421,01/01/2025,31/12/2025,UK DESNZ activity-based conversion factors 2025
2025,6_306_3114_14_5,Activity,Scope 1,SECR kWh pass & delivery vehs,HGV refrigerated (all diesel),Rigid (>7.5 tonnes-17 tonnes),50% Laden,SECR kWh pass & delivery vehs HGV refrigerated (all diesel) Rigid (>7.5 tonnes-17 tonnes) 50% Laden,tonne.km,kWh (Net CV),1.21418,01/01/2025,31/12/2025,UK DESNZ activity-based conversion factors 2025
2025,6_306_3115_14_5,Activity,Scope 1,SECR kWh pass & delivery vehs,HGV refrigerated (all diesel),Rigid (>7.5 tonnes-17 tonnes),100% Laden,SECR kWh pass & delivery vehs HGV refrigerated (all diesel) Rigid (>7.5 tonnes-17 tonnes) 100% Laden,tonne.km,kWh (Net CV),0.68297,01/01/2025,31/12/2025,UK DESNZ activity-based conversion factors 2025
2025,6_306_3116_14_5,Activity,Scope 1,SECR kWh pass & delivery vehs,HGV refrigerated (all diesel),Rigid (>7.5 tonnes-17 tonnes),Average Laden,SECR kWh pass & delivery vehs HGV refrigerated (all diesel) Rigid (>7.5 tonnes-17 tonnes) Average Laden,tonne.km,kWh (Net CV),1.66949,01/01/2025,31/12/2025,UK DESNZ activity-based conversion factors 2025
2025,6_306_3113_4_5,Activity,Scope 1,SECR kWh pass & delivery vehs,HGV refrigerated (all diesel),Rigid (>7.5 tonnes-17 tonnes),0% Laden,SECR kWh pass & delivery vehs HGV refrigerated (all diesel) Rigid (>7.5 tonnes-17 tonnes) 0% Laden,km,kWh (Net CV),2.52421,01/01/2025,31/12/2025,UK DESNZ activity-based conversion factors 2025
2025,6_306_3114_4_5,Activity,Scope 1,SECR kWh pass & delivery vehs,HGV refrigerated (all diesel),Rigid (>7.5 tonnes-17 tonnes),50% Laden,SECR kWh pass & delivery vehs HGV refrigerated (all diesel) Rigid (>7.5 tonnes-17 tonnes) 50% Laden,km,kWh (Net CV),2.88481,01/01/2025,31/12/2025,UK DESNZ activity-based conversion factors 2025
2025,6_306_3115_4_5,Activity,Scope 1,SECR kWh pass & delivery vehs,HGV refrigerated (all diesel),Rigid (>7.5 tonnes-17 tonnes),100% Laden,SECR kWh pass & delivery vehs HGV refrigerated (all diesel) Rigid (>7.5 tonnes-17 tonnes) 100% Laden,km,kWh (Net CV),3.24541,01/01/2025,31/12/2025,UK DESNZ activity-based conversion factors 2025
2025,6_306_3116_4_5,Activity,Scope 1,SECR kWh pass & delivery vehs,HGV refrigerated (all diesel),Rigid (>7.5 tonnes-17 tonnes),Average Laden,SECR kWh pass & delivery vehs HGV refrigerated (all diesel) Rigid (>7.5 tonnes-17 tonnes) Average Laden,km,kWh (Net CV),2.77663,01/01/2025,31/12/2025,UK DESNZ activity-based conversion factors 2025
2025,6_306_3113_9_5,Activity,Scope 1,SECR kWh pass & delivery vehs,HGV refrigerated (all diesel),Rigid (>7.5 tonnes-17 tonnes),0% Laden,SECR kWh pass & delivery vehs HGV refrigerated (all diesel) Rigid (>7.5 tonnes-17 tonnes) 0% Laden,miles,kWh (Net CV),4.06232,01/01/2025,31/12/2025,UK DESNZ activity-based conversion factors 2025
2025,6_306_3114_9_5,Activity,Scope 1,SECR kWh pass & delivery vehs,HGV refrigerated (all diesel),Rigid (>7.5 tonnes-17 tonnes),50% Laden,SECR kWh pass & delivery vehs HGV refrigerated (all diesel) Rigid (>7.5 tonnes-17 tonnes) 50% Laden,miles,kWh (Net CV),4.64265,01/01/2025,31/12/2025,UK DESNZ activity-based conversion factors 2025
2025,6_306_3115_9_5,Activity,Scope 1,SECR kWh pass & delivery vehs,HGV refrigerated (all diesel),Rigid (>7.5 tonnes-17 tonnes),100% Laden,SECR kWh pass & delivery vehs HGV refrigerated (all diesel) Rigid (>7.5 tonnes-17 tonnes) 100% Laden,miles,kWh (Net CV),5.22299,01/01/2025,31/12/2025,UK DESNZ activity-based conversion factors 2025
2025,6_306_3116_9_5,Activity,Scope 1,SECR kWh pass & delivery vehs,HGV refrigerated (all diesel),Rigid (>7.5 tonnes-17 tonnes),Average Laden,SECR kWh pass & delivery vehs HGV refrigerated (all diesel) Rigid (>7.5 tonnes-17 tonnes) Average Laden,miles,kWh (Net CV),4.46855,01/01/2025,31/12/2025,UK DESNZ activity-based conversion factors 2025
2025,6_306_3118_14_5,Activity,Scope 1,SECR kWh pass & delivery vehs,HGV refrigerated (all diesel),Rigid (>17 tonnes),50% Laden,SECR kWh pass & delivery vehs HGV refrigerated (all diesel) Rigid (>17 tonnes) 50% Laden,tonne.km,kWh (Net CV),0.96983,01/01/2025,31/12/2025,UK DESNZ activity-based conversion factors 2025
2025,6_306_3119_14_5,Activity,Scope 1,SECR kWh pass & delivery vehs,HGV refrigerated (all diesel),Rigid (>17 tonnes),100% Laden,SECR kWh pass & delivery vehs HGV refrigerated (all diesel) Rigid (>17 tonnes) 100% Laden,tonne.km,kWh (Net CV),0.5722,01/01/2025,31/12/2025,UK DESNZ activity-based conversion factors 2025
2025,6_306_3120_14_5,Activity,Scope 1,SECR kWh pass & delivery vehs,HGV refrigerated (all diesel),Rigid (>17 tonnes),Average Laden,SECR kWh pass & delivery vehs HGV refrigerated (all diesel) Rigid (>17 tonnes) Average Laden,tonne.km,kWh (Net CV),0.78693,01/01/2025,31/12/2025,UK DESNZ activity-based conversion factors 2025
2025,6_306_3117_4_5,Activity,Scope 1,SECR kWh pass & delivery vehs,HGV refrigerated (all diesel),Rigid (>17 tonnes),0% Laden,SECR kWh pass & delivery vehs HGV refrigerated (all diesel) Rigid (>17 tonnes) 0% Laden,km,kWh (Net CV),3.54499,01/01/2025,31/12/2025,UK DESNZ activity-based conversion factors 2025
2025,6_306_3118_4_5,Activity,Scope 1,SECR kWh pass & delivery vehs,HGV refrigerated (all diesel),Rigid (>17 tonnes),50% Laden,SECR kWh pass & delivery vehs HGV refrigerated (all diesel) Rigid (>17 tonnes) 50% Laden,km,kWh (Net CV),4.32316,01/01/2025,31/12/2025,UK DESNZ activity-based conversion factors 2025
2025,6_306_3119_4_5,Activity,Scope 1,SECR kWh pass & delivery vehs,HGV refrigerated (all diesel),Rigid (>17 tonnes),100% Laden,SECR kWh pass & delivery vehs HGV refrigerated (all diesel) Rigid (>17 tonnes) 100% Laden,km,kWh (Net CV),5.10133,01/01/2025,31/12/2025,UK DESNZ activity-based conversion factors 2025
2025,6_306_3120_4_5,Activity,Scope 1,SECR kWh pass & delivery vehs,HGV refrigerated (all diesel),Rigid (>17 tonnes),Average Laden,SECR kWh pass & delivery vehs HGV refrigerated (all diesel) Rigid (>17 tonnes) Average Laden,km,kWh (Net CV),4.55557,01/01/2025,31/12/2025,UK DESNZ activity-based conversion factors 2025
2025,6_306_3117_9_5,Activity,Scope 1,SECR kWh pass & delivery vehs,HGV refrigerated (all diesel),Rigid (>17 tonnes),0% Laden,SECR kWh pass & delivery vehs HGV refrigerated (all diesel) Rigid (>17 tonnes) 0% Laden,miles,kWh (Net CV),5.70511,01/01/2025,31/12/2025,UK DESNZ activity-based conversion factors 2025
2025,6_306_3118_9_5,Activity,Scope 1,SECR kWh pass & delivery vehs,HGV refrigerated (all diesel),Rigid (>17 tonnes),50% Laden,SECR kWh pass & delivery vehs HGV refrigerated (all diesel) Rigid (>17 tonnes) 50% Laden,miles,kWh (Net CV),6.95745,01/01/2025,31/12/2025,UK DESNZ activity-based conversion factors 2025
2025,6_306_3119_9_5,Activity,Scope 1,SECR kWh pass & delivery vehs,HGV refrigerated (all diesel),Rigid (>17 tonnes),100% Laden,SECR kWh pass & delivery vehs HGV refrigerated (all diesel) Rigid (>17 tonnes) 100% Laden,miles,kWh (Net CV),8.20979,01/01/2025,31/12/2025,UK DESNZ activity-based conversion factors 2025
2025,6_306_3120_9_5,Activity,Scope 1,SECR kWh pass & delivery vehs,HGV refrigerated (all diesel),Rigid (>17 tonnes),Average Laden,SECR kWh pass & delivery vehs HGV refrigerated (all diesel) Rigid (>17 tonnes) Average Laden,miles,kWh (Net CV),7.33148,01/01/2025,31/12/2025,UK DESNZ activity-based conversion factors 2025
2025,6_306_3122_14_5,Activity,Scope 1,SECR kWh pass & delivery vehs,HGV refrigerated (all diesel),All rigids,50% Laden,SECR kWh pass & delivery vehs HGV refrigerated (all diesel) All rigids 50% Laden,tonne.km,kWh (Net CV),1.03696,01/01/2025,31/12/2025,UK DESNZ activity-based conversion factors 2025
2025,6_306_3123_14_5,Activity,Scope 1,SECR kWh pass & delivery vehs,HGV refrigerated (all diesel),All rigids,100% Laden,SECR kWh pass & delivery vehs HGV refrigerated (all diesel) All rigids 100% Laden,tonne.km,kWh (Net CV),0.60513,01/01/2025,31/12/2025,UK DESNZ activity-based conversion factors 2025
2025,6_306_3124_14_5,Activity,Scope 1,SECR kWh pass & delivery vehs,HGV refrigerated (all diesel),All rigids,Average Laden,SECR kWh pass & delivery vehs HGV refrigerated (all diesel) All rigids Average Laden,tonne.km,kWh (Net CV),0.90638,01/01/2025,31/12/2025,UK DESNZ activity-based conversion factors 2025
2025,6_306_3121_4_5,Activity,Scope 1,SECR kWh pass & delivery vehs,HGV refrigerated (all diesel),All rigids,0% Laden,SECR kWh pass & delivery vehs HGV refrigerated (all diesel) All rigids 0% Laden,km,kWh (Net CV),3.11222,01/01/2025,31/12/2025,UK DESNZ activity-based conversion factors 2025
2025,6_306_3122_4_5,Activity,Scope 1,SECR kWh pass & delivery vehs,HGV refrigerated (all diesel),All rigids,50% Laden,SECR kWh pass & delivery vehs HGV refrigerated (all diesel) All rigids 50% Laden,km,kWh (Net CV),3.71102,01/01/2025,31/12/2025,UK DESNZ activity-based conversion factors 2025
2025,6_306_3123_4_5,Activity,Scope 1,SECR kWh pass & delivery vehs,HGV refrigerated (all diesel),All rigids,100% Laden,SECR kWh pass & delivery vehs HGV refrigerated (all diesel) All rigids 100% Laden,km,kWh (Net CV),4.30983,01/01/2025,31/12/2025,UK DESNZ activity-based conversion factors 2025
2025,6_306_3124_4_5,Activity,Scope 1,SECR kWh pass & delivery vehs,HGV refrigerated (all diesel),All rigids,Average Laden,SECR kWh pass & delivery vehs HGV refrigerated (all diesel) All rigids Average Laden,km,kWh (Net CV),3.84794,01/01/2025,31/12/2025,UK DESNZ activity-based conversion factors 2025
2025,6_306_3121_9_5,Activity,Scope 1,SECR kWh pass & delivery vehs,HGV refrigerated (all diesel),All rigids,0% Laden,SECR kWh pass & delivery vehs HGV refrigerated (all diesel) All rigids 0% Laden,miles,kWh (Net CV),5.00863,01/01/2025,31/12/2025,UK DESNZ activity-based conversion factors 2025
2025,6_306_3122_9_5,Activity,Scope 1,SECR kWh pass & delivery vehs,HGV refrigerated (all diesel),All rigids,50% Laden,SECR kWh pass & delivery vehs HGV refrigerated (all diesel) All rigids 50% Laden,miles,kWh (Net CV),5.97231,01/01/2025,31/12/2025,UK DESNZ activity-based conversion factors 2025
2025,6_306_3123_9_5,Activity,Scope 1,SECR kWh pass & delivery vehs,HGV refrigerated (all diesel),All rigids,100% Laden,SECR kWh pass & delivery vehs HGV refrigerated (all diesel) All rigids 100% Laden,miles,kWh (Net CV),6.93599,01/01/2025,31/12/2025,UK DESNZ activity-based conversion factors 2025
2025,6_306_3124_9_5,Activity,Scope 1,SECR kWh pass & delivery vehs,HGV refrigerated (all diesel),All rigids,Average Laden,SECR kWh pass & delivery vehs HGV refrigerated (all diesel) All rigids Average Laden,miles,kWh (Net CV),6.19265,01/01/2025,31/12/2025,UK DESNZ activity-based conversion factors 2025
2025,6_306_3126_14_5,Activity,Scope 1,SECR kWh pass & delivery vehs,HGV refrigerated (all diesel),Articulated (>3.5 - 33t),50% Laden,SECR kWh pass & delivery vehs HGV refrigerated (all diesel) Articulated (>3.5 - 33t) 50% Laden,tonne.km,kWh (Net CV),0.57002,01/01/2025,31/12/2025,UK DESNZ activity-based conversion factors 2025
2025,6_306_3127_14_5,Activity,Scope 1,SECR kWh pass & delivery vehs,HGV refrigerated (all diesel),Articulated (>3.5 - 33t),100% Laden,SECR kWh pass & delivery vehs HGV refrigerated (all diesel) Articulated (>3.5 - 33t) 100% Laden,tonne.km,kWh (Net CV),0.34201,01/01/2025,31/12/2025,UK DESNZ activity-based conversion factors 2025
2025,6_306_3128_14_5,Activity,Scope 1,SECR kWh pass & delivery vehs,HGV refrigerated (all diesel),Articulated (>3.5 - 33t),Average Laden,SECR kWh pass & delivery vehs HGV refrigerated (all diesel) Articulated (>3.5 - 33t) Average Laden,tonne.km,kWh (Net CV),0.56107,01/01/2025,31/12/2025,UK DESNZ activity-based conversion factors 2025
2025,6_306_3125_4_5,Activity,Scope 1,SECR kWh pass & delivery vehs,HGV refrigerated (all diesel),Articulated (>3.5 - 33t),0% Laden,SECR kWh pass & delivery vehs HGV refrigerated (all diesel) Articulated (>3.5 - 33t) 0% Laden,km,kWh (Net CV),2.77793,01/01/2025,31/12/2025,UK DESNZ activity-based conversion factors 2025
2025,6_306_3126_4_5,Activity,Scope 1,SECR kWh pass & delivery vehs,HGV refrigerated (all diesel),Articulated (>3.5 - 33t),50% Laden,SECR kWh pass & delivery vehs HGV refrigerated (all diesel) Articulated (>3.5 - 33t) 50% Laden,km,kWh (Net CV),3.47241,01/01/2025,31/12/2025,UK DESNZ activity-based conversion factors 2025
2025,6_306_3127_4_5,Activity,Scope 1,SECR kWh pass & delivery vehs,HGV refrigerated (all diesel),Articulated (>3.5 - 33t),100% Laden,SECR kWh pass & delivery vehs HGV refrigerated (all diesel) Articulated (>3.5 - 33t) 100% Laden,km,kWh (Net CV),4.16689,01/01/2025,31/12/2025,UK DESNZ activity-based conversion factors 2025
2025,6_306_3128_4_5,Activity,Scope 1,SECR kWh pass & delivery vehs,HGV refrigerated (all diesel),Articulated (>3.5 - 33t),Average Laden,SECR kWh pass & delivery vehs HGV refrigerated (all diesel) Articulated (>3.5 - 33t) Average Laden,km,kWh (Net CV),3.4863,01/01/2025,31/12/2025,UK DESNZ activity-based conversion factors 2025
2025,6_306_3125_9_5,Activity,Scope 1,SECR kWh pass & delivery vehs,HGV refrigerated (all diesel),Articulated (>3.5 - 33t),0% Laden,SECR kWh pass & delivery vehs HGV refrigerated (all diesel) Articulated (>3.5 - 33t) 0% Laden,miles,kWh (Net CV),4.47064,01/01/2025,31/12/2025,UK DESNZ activity-based conversion factors 2025
2025,6_306_3126_9_5,Activity,Scope 1,SECR kWh pass & delivery vehs,HGV refrigerated (all diesel),Articulated (>3.5 - 33t),50% Laden,SECR kWh pass & delivery vehs HGV refrigerated (all diesel) Articulated (>3.5 - 33t) 50% Laden,miles,kWh (Net CV),5.5883,01/01/2025,31/12/2025,UK DESNZ activity-based conversion factors 2025
2025,6_306_3127_9_5,Activity,Scope 1,SECR kWh pass & delivery vehs,HGV refrigerated (all diesel),Articulated (>3.5 - 33t),100% Laden,SECR kWh pass & delivery vehs HGV refrigerated (all diesel) Articulated (>3.5 - 33t) 100% Laden,miles,kWh (Net CV),6.70596,01/01/2025,31/12/2025,UK DESNZ activity-based conversion factors 2025
2025,6_306_3128_9_5,Activity,Scope 1,SECR kWh pass & delivery vehs,HGV refrigerated (all diesel),Articulated (>3.5 - 33t),Average Laden,SECR kWh pass & delivery vehs HGV refrigerated (all diesel) Articulated (>3.5 - 33t) Average Laden,miles,kWh (Net CV),5.61065,01/01/2025,31/12/2025,UK DESNZ activity-based conversion factors 2025
2025,6_306_3130_14_5,Activity,Scope 1,SECR kWh pass & delivery vehs,HGV refrigerated (all diesel),Articulated (>33t),50% Laden,SECR kWh pass & delivery vehs HGV refrigerated (all diesel) Articulated (>33t) 50% Laden,tonne.km,kWh (Net CV),0.42635,01/01/2025,31/12/2025,UK DESNZ activity-based conversion factors 2025
2025,6_306_3131_14_5,Activity,Scope 1,SECR kWh pass & delivery vehs,HGV refrigerated (all diesel),Articulated (>33t),100% Laden,SECR kWh pass & delivery vehs HGV refrigerated (all diesel) Articulated (>33t) 100% Laden,tonne.km,kWh (Net CV),0.26647,01/01/2025,31/12/2025,UK DESNZ activity-based conversion factors 2025
2025,6_306_3132_14_5,Activity,Scope 1,SECR kWh pass & delivery vehs,HGV refrigerated (all diesel),Articulated (>33t),Average Laden,SECR kWh pass & delivery vehs HGV refrigerated (all diesel) Articulated (>33t) Average Laden,tonne.km,kWh (Net CV),0.34171,01/01/2025,31/12/2025,UK DESNZ activity-based conversion factors 2025
2025,6_306_3129_4_5,Activity,Scope 1,SECR kWh pass & delivery vehs,HGV refrigerated (all diesel),Articulated (>33t),0% Laden,SECR kWh pass & delivery vehs HGV refrigerated (all diesel) Articulated (>33t) 0% Laden,km,kWh (Net CV),2.8543,01/01/2025,31/12/2025,UK DESNZ activity-based conversion factors 2025
2025,6_306_3130_4_5,Activity,Scope 1,SECR kWh pass & delivery vehs,HGV refrigerated (all diesel),Articulated (>33t),50% Laden,SECR kWh pass & delivery vehs HGV refrigerated (all diesel) Articulated (>33t) 50% Laden,km,kWh (Net CV),3.80574,01/01/2025,31/12/2025,UK DESNZ activity-based conversion factors 2025
2025,6_306_3131_4_5,Activity,Scope 1,SECR kWh pass & delivery vehs,HGV refrigerated (all diesel),Articulated (>33t),100% Laden,SECR kWh pass & delivery vehs HGV refrigerated (all diesel) Articulated (>33t) 100% Laden,km,kWh (Net CV),4.75717,01/01/2025,31/12/2025,UK DESNZ activity-based conversion factors 2025
2025,6_306_3132_4_5,Activity,Scope 1,SECR kWh pass & delivery vehs,HGV refrigerated (all diesel),Articulated (>33t),Average Laden,SECR kWh pass & delivery vehs HGV refrigerated (all diesel) Articulated (>33t) Average Laden,km,kWh (Net CV),4.14825,01/01/2025,31/12/2025,UK DESNZ activity-based conversion factors 2025
2025,6_306_3129_9_5,Activity,Scope 1,SECR kWh pass & delivery vehs,HGV refrigerated (all diesel),Articulated (>33t),0% Laden,SECR kWh pass & delivery vehs HGV refrigerated (all diesel) Articulated (>33t) 0% Laden,miles,kWh (Net CV),4.59355,01/01/2025,31/12/2025,UK DESNZ activity-based conversion factors 2025
2025,6_306_3130_9_5,Activity,Scope 1,SECR kWh pass & delivery vehs,HGV refrigerated (all diesel),Articulated (>33t),50% Laden,SECR kWh pass & delivery vehs HGV refrigerated (all diesel) Articulated (>33t) 50% Laden,miles,kWh (Net CV),6.12474,01/01/2025,31/12/2025,UK DESNZ activity-based conversion factors 2025
2025,6_306_3131_9_5,Activity,Scope 1,SECR kWh pass & delivery vehs,HGV refrigerated (all diesel),Articulated (>33t),100% Laden,SECR kWh pass & delivery vehs HGV refrigerated (all diesel) Articulated (>33t) 100% Laden,miles,kWh (Net CV),7.65592,01/01/2025,31/12/2025,UK DESNZ activity-based conversion factors 2025
2025,6_306_3132_9_5,Activity,Scope 1,SECR kWh pass & delivery vehs,HGV refrigerated (all diesel),Articulated (>33t),Average Laden,SECR kWh pass & delivery vehs HGV refrigerated (all diesel) Articulated (>33t) Average Laden,miles,kWh (Net CV),6.67596,01/01/2025,31/12/2025,UK DESNZ activity-based conversion factors 2025
2025,6_306_3134_14_5,Activity,Scope 1,SECR kWh pass & delivery vehs,HGV refrigerated (all diesel),All artics,50% Laden,SECR kWh pass & delivery vehs HGV refrigerated (all diesel) All artics 50% Laden,tonne.km,kWh (Net CV),0.4292,01/01/2025,31/12/2025,UK DESNZ activity-based conversion factors 2025
2025,6_306_3135_14_5,Activity,Scope 1,SECR kWh pass & delivery vehs,HGV refrigerated (all diesel),All artics,100% Laden,SECR kWh pass & delivery vehs HGV refrigerated (all diesel) All artics 100% Laden,tonne.km,kWh (Net CV),0.26797,01/01/2025,31/12/2025,UK DESNZ activity-based conversion factors 2025
2025,6_306_3136_14_5,Activity,Scope 1,SECR kWh pass & delivery vehs,HGV refrigerated (all diesel),All artics,Average Laden,SECR kWh pass & delivery vehs HGV refrigerated (all diesel) All artics Average Laden,tonne.km,kWh (Net CV),0.34605,01/01/2025,31/12/2025,UK DESNZ activity-based conversion factors 2025
2025,6_306_3133_4_5,Activity,Scope 1,SECR kWh pass & delivery vehs,HGV refrigerated (all diesel),All artics,0% Laden,SECR kWh pass & delivery vehs HGV refrigerated (all diesel) All artics 0% Laden,km,kWh (Net CV),2.8514,01/01/2025,31/12/2025,UK DESNZ activity-based conversion factors 2025
2025,6_306_3134_4_5,Activity,Scope 1,SECR kWh pass & delivery vehs,HGV refrigerated (all diesel),All artics,50% Laden,SECR kWh pass & delivery vehs HGV refrigerated (all diesel) All artics 50% Laden,km,kWh (Net CV),3.79309,01/01/2025,31/12/2025,UK DESNZ activity-based conversion factors 2025
2025,6_306_3135_4_5,Activity,Scope 1,SECR kWh pass & delivery vehs,HGV refrigerated (all diesel),All artics,100% Laden,SECR kWh pass & delivery vehs HGV refrigerated (all diesel) All artics 100% Laden,km,kWh (Net CV),4.73477,01/01/2025,31/12/2025,UK DESNZ activity-based conversion factors 2025
2025,6_306_3136_4_5,Activity,Scope 1,SECR kWh pass & delivery vehs,HGV refrigerated (all diesel),All artics,Average Laden,SECR kWh pass & delivery vehs HGV refrigerated (all diesel) All artics Average Laden,km,kWh (Net CV),4.12314,01/01/2025,31/12/2025,UK DESNZ activity-based conversion factors 2025
2025,6_306_3133_9_5,Activity,Scope 1,SECR kWh pass & delivery vehs,HGV refrigerated (all diesel),All artics,0% Laden,SECR kWh pass & delivery vehs HGV refrigerated (all diesel) All artics 0% Laden,miles,kWh (Net CV),4.58889,01/01/2025,31/12/2025,UK DESNZ activity-based conversion factors 2025
2025,6_306_3134_9_5,Activity,Scope 1,SECR kWh pass & delivery vehs,HGV refrigerated (all diesel),All artics,50% Laden,SECR kWh pass & delivery vehs HGV refrigerated (all diesel) All artics 50% Laden,miles,kWh (Net CV),6.10438,01/01/2025,31/12/2025,UK DESNZ activity-based conversion factors 2025
2025,6_306_3135_9_5,Activity,Scope 1,SECR kWh pass & delivery vehs,HGV refrigerated (all diesel),All artics,100% Laden,SECR kWh pass & delivery vehs HGV refrigerated (all diesel) All artics 100% Laden,miles,kWh (Net CV),7.61988,01/01/2025,31/12/2025,UK DESNZ activity-based conversion factors 2025
2025,6_306_3136_9_5,Activity,Scope 1,SECR kWh pass & delivery vehs,HGV refrigerated (all diesel),All artics,Average Laden,SECR kWh pass & delivery vehs HGV refrigerated (all diesel) All artics Average Laden,miles,kWh (Net CV),6.63554,01/01/2025,31/12/2025,UK DESNZ activity-based conversion factors 2025
2025,6_306_3138_14_5,Activity,Scope 1,SECR kWh pass & delivery vehs,HGV refrigerated (all diesel),All HGVs,50% Laden,SECR kWh pass & delivery vehs HGV refrigerated (all diesel) All HGVs 50% Laden,tonne.km,kWh (Net CV),0.54995,01/01/2025,31/12/2025,UK DESNZ activity-based conversion factors 2025
2025,6_306_3139_14_5,Activity,Scope 1,SECR kWh pass & delivery vehs,HGV refrigerated (all diesel),All HGVs,100% Laden,SECR kWh pass & delivery vehs HGV refrigerated (all diesel) All HGVs 100% Laden,tonne.km,kWh (Net CV),0.33514,01/01/2025,31/12/2025,UK DESNZ activity-based conversion factors 2025
2025,6_306_3140_14_5,Activity,Scope 1,SECR kWh pass & delivery vehs,HGV refrigerated (all diesel),All HGVs,Average Laden,SECR kWh pass & delivery vehs HGV refrigerated (all diesel) All HGVs Average Laden,tonne.km,kWh (Net CV),0.45707,01/01/2025,31/12/2025,UK DESNZ activity-based conversion factors 2025
2025,6_306_3137_4_5,Activity,Scope 1,SECR kWh pass & delivery vehs,HGV refrigerated (all diesel),All HGVs,0% Laden,SECR kWh pass & delivery vehs HGV refrigerated (all diesel) All HGVs 0% Laden,km,kWh (Net CV),2.95677,01/01/2025,31/12/2025,UK DESNZ activity-based conversion factors 2025
2025,6_306_3138_4_5,Activity,Scope 1,SECR kWh pass & delivery vehs,HGV refrigerated (all diesel),All HGVs,50% Laden,SECR kWh pass & delivery vehs HGV refrigerated (all diesel) All HGVs 50% Laden,km,kWh (Net CV),3.76088,01/01/2025,31/12/2025,UK DESNZ activity-based conversion factors 2025
2025,6_306_3139_4_5,Activity,Scope 1,SECR kWh pass & delivery vehs,HGV refrigerated (all diesel),All HGVs,100% Laden,SECR kWh pass & delivery vehs HGV refrigerated (all diesel) All HGVs 100% Laden,km,kWh (Net CV),4.56499,01/01/2025,31/12/2025,UK DESNZ activity-based conversion factors 2025
2025,6_306_3140_4_5,Activity,Scope 1,SECR kWh pass & delivery vehs,HGV refrigerated (all diesel),All HGVs,Average Laden,SECR kWh pass & delivery vehs HGV refrigerated (all diesel) All HGVs Average Laden,km,kWh (Net CV),4.0134,01/01/2025,31/12/2025,UK DESNZ activity-based conversion factors 2025
2025,6_306_3137_9_5,Activity,Scope 1,SECR kWh pass & delivery vehs,HGV refrigerated (all diesel),All HGVs,0% Laden,SECR kWh pass & delivery vehs HGV refrigerated (all diesel) All HGVs 0% Laden,miles,kWh (Net CV),4.75846,01/01/2025,31/12/2025,UK DESNZ activity-based conversion factors 2025
2025,6_306_3138_9_5,Activity,Scope 1,SECR kWh pass & delivery vehs,HGV refrigerated (all diesel),All HGVs,50% Laden,SECR kWh pass & delivery vehs HGV refrigerated (all diesel) All HGVs 50% Laden,miles,kWh (Net CV),6.05255,01/01/2025,31/12/2025,UK DESNZ activity-based conversion factors 2025
2025,6_306_3139_9_5,Activity,Scope 1,SECR kWh pass & delivery vehs,HGV refrigerated (all diesel),All HGVs,100% Laden,SECR kWh pass & delivery vehs HGV refrigerated (all diesel) All HGVs 100% Laden,miles,kWh (Net CV),7.34664,01/01/2025,31/12/2025,UK DESNZ activity-based conversion factors 2025
2025,6_306_3140_9_5,Activity,Scope 1,SECR kWh pass & delivery vehs,HGV refrigerated (all diesel),All HGVs,Average Laden,SECR kWh pass & delivery vehs HGV refrigerated (all diesel) All HGVs Average Laden,miles,kWh (Net CV),6.45893,01/01/2025,31/12/2025,UK DESNZ activity-based conversion factors 2025
2025,7_400_4000_5_1,Activity,Scope 2,UK electricity,Electricity generated,Electricity: UK,kWh,UK electricity Electricity generated Electricity: UK kWh,kWh,kg CO2e,0.177,01/01/2025,31/12/2025,UK DESNZ activity-based conversion factors 2025
2025,8_301_3051_4_1,Activity,Scope 2,UK electricity for EVs,Cars (by size),Small car,Plug-in Hybrid Electric Vehicle,UK electricity for EVs Cars (by size) Small car Plug-in Hybrid Electric Vehicle,km,kg CO2e,0.02408,01/01/2025,31/12/2025,UK DESNZ activity-based conversion factors 2025
2025,8_301_3052_4_1,Activity,Scope 2,UK electricity for EVs,Cars (by size),Small car,Battery Electric Vehicle,UK electricity for EVs Cars (by size) Small car Battery Electric Vehicle,km,kg CO2e,0.03339,01/01/2025,31/12/2025,UK DESNZ activity-based conversion factors 2025
2025,8_301_3051_9_1,Activity,Scope 2,UK electricity for EVs,Cars (by size),Small car,Plug-in Hybrid Electric Vehicle,UK electricity for EVs Cars (by size) Small car Plug-in Hybrid Electric Vehicle,miles,kg CO2e,0.03877,01/01/2025,31/12/2025,UK DESNZ activity-based conversion factors 2025
2025,8_301_3052_9_1,Activity,Scope 2,UK electricity for EVs,Cars (by size),Small car,Battery Electric Vehicle,UK electricity for EVs Cars (by size) Small car Battery Electric Vehicle,miles,kg CO2e,0.05372,01/01/2025,31/12/2025,UK DESNZ activity-based conversion factors 2025
2025,8_301_3059_4_1,Activity,Scope 2,UK electricity for EVs,Cars (by size),Medium car,Plug-in Hybrid Electric Vehicle,UK electricity for EVs Cars (by size) Medium car Plug-in Hybrid Electric Vehicle,km,kg CO2e,0.00931,01/01/2025,31/12/2025,UK DESNZ activity-based conversion factors 2025
2025,8_301_3060_4_1,Activity,Scope 2,UK electricity for EVs,Cars (by size),Medium car,Battery Electric Vehicle,UK electricity for EVs Cars (by size) Medium car Battery Electric Vehicle,km,kg CO2e,0.03513,01/01/2025,31/12/2025,UK DESNZ activity-based conversion factors 2025
2025,8_301_3059_9_1,Activity,Scope 2,UK electricity for EVs,Cars (by size),Medium car,Plug-in Hybrid Electric Vehicle,UK electricity for EVs Cars (by size) Medium car Plug-in Hybrid Electric Vehicle,miles,kg CO2e,0.01499,01/01/2025,31/12/2025,UK DESNZ activity-based conversion factors 2025
2025,8_301_3060_9_1,Activity,Scope 2,UK electricity for EVs,Cars (by size),Medium car,Battery Electric Vehicle,UK electricity for EVs Cars (by size) Medium car Battery Electric Vehicle,miles,kg CO2e,0.05654,01/01/2025,31/12/2025,UK DESNZ activity-based conversion factors 2025
2025,8_301_3067_4_1,Activity,Scope 2,UK electricity for EVs,Cars (by size),Large car,Plug-in Hybrid Electric Vehicle,UK electricity for EVs Cars (by size) Large car Plug-in Hybrid Electric Vehicle,km,kg CO2e,0.01266,01/01/2025,31/12/2025,UK DESNZ activity-based conversion factors 2025
2025,8_301_3068_4_1,Activity,Scope 2,UK electricity for EVs,Cars (by size),Large car,Battery Electric Vehicle,UK electricity for EVs Cars (by size) Large car Battery Electric Vehicle,km,kg CO2e,0.03807,01/01/2025,31/12/2025,UK DESNZ activity-based conversion factors 2025
2025,8_301_3067_9_1,Activity,Scope 2,UK electricity for EVs,Cars (by size),Large car,Plug-in Hybrid Electric Vehicle,UK electricity for EVs Cars (by size) Large car Plug-in Hybrid Electric Vehicle,miles,kg CO2e,0.02037,01/01/2025,31/12/2025,UK DESNZ activity-based conversion factors 2025
2025,8_301_3068_9_1,Activity,Scope 2,UK electricity for EVs,Cars (by size),Large car,Battery Electric Vehicle,UK electricity for EVs Cars (by size) Large car Battery Electric Vehicle,miles,kg CO2e,0.06127,01/01/2025,31/12/2025,UK DESNZ activity-based conversion factors 2025
2025,8_301_3075_4_1,Activity,Scope 2,UK electricity for EVs,Cars (by size),Average car,Plug-in Hybrid Electric Vehicle,UK electricity for EVs Cars (by size) Average car Plug-in Hybrid Electric Vehicle,km,kg CO2e,0.01171,01/01/2025,31/12/2025,UK DESNZ activity-based conversion factors 2025
2025,8_301_3076_4_1,Activity,Scope 2,UK electricity for EVs,Cars (by size),Average car,Battery Electric Vehicle,UK electricity for EVs Cars (by size) Average car Battery Electric Vehicle,km,kg CO2e,0.03663,01/01/2025,31/12/2025,UK DESNZ activity-based conversion factors 2025
2025,8_301_3075_9_1,Activity,Scope 2,UK electricity for EVs,Cars (by size),Average car,Plug-in Hybrid Electric Vehicle,UK electricity for EVs Cars (by size) Average car Plug-in Hybrid Electric Vehicle,miles,kg CO2e,0.01885,01/01/2025,31/12/2025,UK DESNZ activity-based conversion factors 2025
2025,8_301_3076_9_1,Activity,Scope 2,UK electricity for EVs,Cars (by size),Average car,Battery Electric Vehicle,UK electricity for EVs Cars (by size) Average car Battery Electric Vehicle,miles,kg CO2e,0.05894,01/01/2025,31/12/2025,UK DESNZ activity-based conversion factors 2025
2025,8_303_3087_14_1,Activity,Scope 2,UK electricity for EVs,Vans,Class I (up to 1.305 tonnes),Battery Electric Vehicle,UK electricity for EVs Vans Class I (up to 1.305 tonnes) Battery Electric Vehicle,tonne.km,kg CO2e,0.11293,01/01/2025,31/12/2025,UK DESNZ activity-based conversion factors 2025
2025,8_303_3087_4_1,Activity,Scope 2,UK electricity for EVs,Vans,Class I (up to 1.305 tonnes),Battery Electric Vehicle,UK electricity for EVs Vans Class I (up to 1.305 tonnes) Battery Electric Vehicle,km,kg CO2e,0.03438,01/01/2025,31/12/2025,UK DESNZ activity-based conversion factors 2025
2025,8_303_3087_9_1,Activity,Scope 2,UK electricity for EVs,Vans,Class I (up to 1.305 tonnes),Battery Electric Vehicle,UK electricity for EVs Vans Class I (up to 1.305 tonnes) Battery Electric Vehicle,miles,kg CO2e,0.05534,01/01/2025,31/12/2025,UK DESNZ activity-based conversion factors 2025
2025,8_303_3094_14_1,Activity,Scope 2,UK electricity for EVs,Vans,Class II (1.305 to 1.74 tonnes),Battery Electric Vehicle,UK electricity for EVs Vans Class II (1.305 to 1.74 tonnes) Battery Electric Vehicle,tonne.km,kg CO2e,0.22553,01/01/2025,31/12/2025,UK DESNZ activity-based conversion factors 2025
2025,8_303_3094_4_1,Activity,Scope 2,UK electricity for EVs,Vans,Class II (1.305 to 1.74 tonnes),Battery Electric Vehicle,UK electricity for EVs Vans Class II (1.305 to 1.74 tonnes) Battery Electric Vehicle,km,kg CO2e,0.05229,01/01/2025,31/12/2025,UK DESNZ activity-based conversion factors 2025
2025,8_303_3094_9_1,Activity,Scope 2,UK electricity for EVs,Vans,Class II (1.305 to 1.74 tonnes),Battery Electric Vehicle,UK electricity for EVs Vans Class II (1.305 to 1.74 tonnes) Battery Electric Vehicle,miles,kg CO2e,0.08415,01/01/2025,31/12/2025,UK DESNZ activity-based conversion factors 2025
2025,8_303_3100_14_1,Activity,Scope 2,UK electricity for EVs,Vans,Class III (1.74 to 3.5 tonnes),Plug-in Hybrid Electric Vehicle,UK electricity for EVs Vans Class III (1.74 to 3.5 tonnes) Plug-in Hybrid Electric Vehicle,tonne.km,kg CO2e,0.03527,01/01/2025,31/12/2025,UK DESNZ activity-based conversion factors 2025
2025,8_303_3101_14_1,Activity,Scope 2,UK electricity for EVs,Vans,Class III (1.74 to 3.5 tonnes),Battery Electric Vehicle,UK electricity for EVs Vans Class III (1.74 to 3.5 tonnes) Battery Electric Vehicle,tonne.km,kg CO2e,0.18574,01/01/2025,31/12/2025,UK DESNZ activity-based conversion factors 2025
2025,8_303_3100_4_1,Activity,Scope 2,UK electricity for EVs,Vans,Class III (1.74 to 3.5 tonnes),Plug-in Hybrid Electric Vehicle,UK electricity for EVs Vans Class III (1.74 to 3.5 tonnes) Plug-in Hybrid Electric Vehicle,km,kg CO2e,0.01392,01/01/2025,31/12/2025,UK DESNZ activity-based conversion factors 2025
2025,8_303_3101_4_1,Activity,Scope 2,UK electricity for EVs,Vans,Class III (1.74 to 3.5 tonnes),Battery Electric Vehicle,UK electricity for EVs Vans Class III (1.74 to 3.5 tonnes) Battery Electric Vehicle,km,kg CO2e,0.06887,01/01/2025,31/12/2025,UK DESNZ activity-based conversion factors 2025
2025,8_303_3100_9_1,Activity,Scope 2,UK electricity for EVs,Vans,Class III (1.74 to 3.5 tonnes),Plug-in Hybrid Electric Vehicle,UK electricity for EVs Vans Class III (1.74 to 3.5 tonnes) Plug-in Hybrid Electric Vehicle,miles,kg CO2e,0.0224,01/01/2025,31/12/2025,UK DESNZ activity-based conversion factors 2025
2025,8_303_3101_9_1,Activity,Scope 2,UK electricity for EVs,Vans,Class III (1.74 to 3.5 tonnes),Battery Electric Vehicle,UK electricity for EVs Vans Class III (1.74 to 3.5 tonnes) Battery Electric Vehicle,miles,kg CO2e,0.11085,01/01/2025,31/12/2025,UK DESNZ activity-based conversion factors 2025
2025,8_303_3107_14_1,Activity,Scope 2,UK electricity for EVs,Vans,Average (up to 3.5 tonnes),Plug-in Hybrid Electric Vehicle,UK electricity for EVs Vans Average (up to 3.5 tonnes) Plug-in Hybrid Electric Vehicle,tonne.km,kg CO2e,0.03527,01/01/2025,31/12/2025,UK DESNZ activity-based conversion factors 2025
2025,8_303_3108_14_1,Activity,Scope 2,UK electricity for EVs,Vans,Average (up to 3.5 tonnes),Battery Electric Vehicle,UK electricity for EVs Vans Average (up to 3.5 tonnes) Battery Electric Vehicle,tonne.km,kg CO2e,0.19907,01/01/2025,31/12/2025,UK DESNZ activity-based conversion factors 2025
2025,8_303_3107_4_1,Activity,Scope 2,UK electricity for EVs,Vans,Average (up to 3.5 tonnes),Plug-in Hybrid Electric Vehicle,UK electricity for EVs Vans Average (up to 3.5 tonnes) Plug-in Hybrid Electric Vehicle,km,kg CO2e,0.01392,01/01/2025,31/12/2025,UK DESNZ activity-based conversion factors 2025
2025,8_303_3108_4_1,Activity,Scope 2,UK electricity for EVs,Vans,Average (up to 3.5 tonnes),Battery Electric Vehicle,UK electricity for EVs Vans Average (up to 3.5 tonnes) Battery Electric Vehicle,km,kg CO2e,0.06315,01/01/2025,31/12/2025,UK DESNZ activity-based conversion factors 2025
2025,8_303_3107_9_1,Activity,Scope 2,UK electricity for EVs,Vans,Average (up to 3.5 tonnes),Plug-in Hybrid Electric Vehicle,UK electricity for EVs Vans Average (up to 3.5 tonnes) Plug-in Hybrid Electric Vehicle,miles,kg CO2e,0.0224,01/01/2025,31/12/2025,UK DESNZ activity-based conversion factors 2025
2025,8_303_3108_9_1,Activity,Scope 2,UK electricity for EVs,Vans,Average (up to 3.5 tonnes),Battery Electric Vehicle,UK electricity for EVs Vans Average (up to 3.5 tonnes) Battery Electric Vehicle,miles,kg CO2e,0.10162,01/01/2025,31/12/2025,UK DESNZ activity-based conversion factors 2025
2025,9_301_3051_4_6,Activity,Scope 2,SECR kWh UK electricity for EVs,Cars (by size),Small car,Plug-in Hybrid Electric Vehicle,SECR kWh UK electricity for EVs Cars (by size) Small car Plug-in Hybrid Electric Vehicle,km,kWh (net),0.13599,01/01/2025,31/12/2025,UK DESNZ activity-based conversion factors 2025
2025,9_301_3052_4_6,Activity,Scope 2,SECR kWh UK electricity for EVs,Cars (by size),Small car,Battery Electric Vehicle,SECR kWh UK electricity for EVs Cars (by size) Small car Battery Electric Vehicle,km,kWh (net),0.18852,01/01/2025,31/12/2025,UK DESNZ activity-based conversion factors 2025
2025,9_301_3051_9_6,Activity,Scope 2,SECR kWh UK electricity for EVs,Cars (by size),Small car,Plug-in Hybrid Electric Vehicle,SECR kWh UK electricity for EVs Cars (by size) Small car Plug-in Hybrid Electric Vehicle,miles,kWh (net),0.21885,01/01/2025,31/12/2025,UK DESNZ activity-based conversion factors 2025
2025,9_301_3052_9_6,Activity,Scope 2,SECR kWh UK electricity for EVs,Cars (by size),Small car,Battery Electric Vehicle,SECR kWh UK electricity for EVs Cars (by size) Small car Battery Electric Vehicle,miles,kWh (net),0.30339,01/01/2025,31/12/2025,UK DESNZ activity-based conversion factors 2025
2025,9_301_3059_4_6,Activity,Scope 2,SECR kWh UK electricity for EVs,Cars (by size),Medium car,Plug-in Hybrid Electric Vehicle,SECR kWh UK electricity for EVs Cars (by size) Medium car Plug-in Hybrid Electric Vehicle,km,kWh (net),0.05216,01/01/2025,31/12/2025,UK DESNZ activity-based conversion factors 2025
2025,9_301_3060_4_6,Activity,Scope 2,SECR kWh UK electricity for EVs,Cars (by size),Medium car,Battery Electric Vehicle,SECR kWh UK electricity for EVs Cars (by size) Medium car Battery Electric Vehicle,km,kWh (net),0.19814,01/01/2025,31/12/2025,UK DESNZ activity-based conversion factors 2025
2025,9_301_3059_9_6,Activity,Scope 2,SECR kWh UK electricity for EVs,Cars (by size),Medium car,Plug-in Hybrid Electric Vehicle,SECR kWh UK electricity for EVs Cars (by size) Medium car Plug-in Hybrid Electric Vehicle,miles,kWh (net),0.08394,01/01/2025,31/12/2025,UK DESNZ activity-based conversion factors 2025
2025,9_301_3060_9_6,Activity,Scope 2,SECR kWh UK electricity for EVs,Cars (by size),Medium car,Battery Electric Vehicle,SECR kWh UK electricity for EVs Cars (by size) Medium car Battery Electric Vehicle,miles,kWh (net),0.31888,01/01/2025,31/12/2025,UK DESNZ activity-based conversion factors 2025
2025,9_301_3067_4_6,Activity,Scope 2,SECR kWh UK electricity for EVs,Cars (by size),Large car,Plug-in Hybrid Electric Vehicle,SECR kWh UK electricity for EVs Cars (by size) Large car Plug-in Hybrid Electric Vehicle,km,kWh (net),0.07088,01/01/2025,31/12/2025,UK DESNZ activity-based conversion factors 2025
2025,9_301_3068_4_6,Activity,Scope 2,SECR kWh UK electricity for EVs,Cars (by size),Large car,Battery Electric Vehicle,SECR kWh UK electricity for EVs Cars (by size) Large car Battery Electric Vehicle,km,kWh (net),0.21449,01/01/2025,31/12/2025,UK DESNZ activity-based conversion factors 2025
2025,9_301_3067_9_6,Activity,Scope 2,SECR kWh UK electricity for EVs,Cars (by size),Large car,Plug-in Hybrid Electric Vehicle,SECR kWh UK electricity for EVs Cars (by size) Large car Plug-in Hybrid Electric Vehicle,miles,kWh (net),0.11406,01/01/2025,31/12/2025,UK DESNZ activity-based conversion factors 2025
2025,9_301_3068_9_6,Activity,Scope 2,SECR kWh UK electricity for EVs,Cars (by size),Large car,Battery Electric Vehicle,SECR kWh UK electricity for EVs Cars (by size) Large car Battery Electric Vehicle,miles,kWh (net),0.34519,01/01/2025,31/12/2025,UK DESNZ activity-based conversion factors 2025
2025,9_301_3075_4_6,Activity,Scope 2,SECR kWh UK electricity for EVs,Cars (by size),Average car,Plug-in Hybrid Electric Vehicle,SECR kWh UK electricity for EVs Cars (by size) Average car Plug-in Hybrid Electric Vehicle,km,kWh (net),0.06562,01/01/2025,31/12/2025,UK DESNZ activity-based conversion factors 2025
2025,9_301_3076_4_6,Activity,Scope 2,SECR kWh UK electricity for EVs,Cars (by size),Average car,Battery Electric Vehicle,SECR kWh UK electricity for EVs Cars (by size) Average car Battery Electric Vehicle,km,kWh (net),0.20656,01/01/2025,31/12/2025,UK DESNZ activity-based conversion factors 2025
2025,9_301_3075_9_6,Activity,Scope 2,SECR kWh UK electricity for EVs,Cars (by size),Average car,Plug-in Hybrid Electric Vehicle,SECR kWh UK electricity for EVs Cars (by size) Average car Plug-in Hybrid Electric Vehicle,miles,kWh (net),0.10561,01/01/2025,31/12/2025,UK DESNZ activity-based conversion factors 2025
2025,9_301_3076_9_6,Activity,Scope 2,SECR kWh UK electricity for EVs,Cars (by size),Average car,Battery Electric Vehicle,SECR kWh UK electricity for EVs Cars (by size) Average car Battery Electric Vehicle,miles,kWh (net),0.33243,01/01/2025,31/12/2025,UK DESNZ activity-based conversion factors 2025
2025,9_303_3087_14_6,Activity,Scope 2,SECR kWh UK electricity for EVs,Vans,Class I (up to 1.305 tonnes),Battery Electric Vehicle,SECR kWh UK electricity for EVs Vans Class I (up to 1.305 tonnes) Battery Electric Vehicle,tonne.km,kWh (net),0.6359,01/01/2025,31/12/2025,UK DESNZ activity-based conversion factors 2025
2025,9_303_3087_4_6,Activity,Scope 2,SECR kWh UK electricity for EVs,Vans,Class I (up to 1.305 tonnes),Battery Electric Vehicle,SECR kWh UK electricity for EVs Vans Class I (up to 1.305 tonnes) Battery Electric Vehicle,km,kWh (net),0.19454,01/01/2025,31/12/2025,UK DESNZ activity-based conversion factors 2025
2025,9_303_3087_9_6,Activity,Scope 2,SECR kWh UK electricity for EVs,Vans,Class I (up to 1.305 tonnes),Battery Electric Vehicle,SECR kWh UK electricity for EVs Vans Class I (up to 1.305 tonnes) Battery Electric Vehicle,miles,kWh (net),0.31308,01/01/2025,31/12/2025,UK DESNZ activity-based conversion factors 2025
2025,9_303_3094_14_6,Activity,Scope 2,SECR kWh UK electricity for EVs,Vans,Class II (1.305 to 1.74 tonnes),Battery Electric Vehicle,SECR kWh UK electricity for EVs Vans Class II (1.305 to 1.74 tonnes) Battery Electric Vehicle,tonne.km,kWh (net),1.27672,01/01/2025,31/12/2025,UK DESNZ activity-based conversion factors 2025
2025,9_303_3094_4_6,Activity,Scope 2,SECR kWh UK electricity for EVs,Vans,Class II (1.305 to 1.74 tonnes),Battery Electric Vehicle,SECR kWh UK electricity for EVs Vans Class II (1.305 to 1.74 tonnes) Battery Electric Vehicle,km,kWh (net),0.29614,01/01/2025,31/12/2025,UK DESNZ activity-based conversion factors 2025
2025,9_303_3094_9_6,Activity,Scope 2,SECR kWh UK electricity for EVs,Vans,Class II (1.305 to 1.74 tonnes),Battery Electric Vehicle,SECR kWh UK electricity for EVs Vans Class II (1.305 to 1.74 tonnes) Battery Electric Vehicle,miles,kWh (net),0.47659,01/01/2025,31/12/2025,UK DESNZ activity-based conversion factors 2025
2025,9_303_3100_14_6,Activity,Scope 2,SECR kWh UK electricity for EVs,Vans,Class III (1.74 to 3.5 tonnes),Plug-in Hybrid Electric Vehicle,SECR kWh UK electricity for EVs Vans Class III (1.74 to 3.5 tonnes) Plug-in Hybrid Electric Vehicle,tonne.km,kWh (net),0.19938,01/01/2025,31/12/2025,UK DESNZ activity-based conversion factors 2025
2025,9_303_3101_14_6,Activity,Scope 2,SECR kWh UK electricity for EVs,Vans,Class III (1.74 to 3.5 tonnes),Battery Electric Vehicle,SECR kWh UK electricity for EVs Vans Class III (1.74 to 3.5 tonnes) Battery Electric Vehicle,tonne.km,kWh (net),1.05006,01/01/2025,31/12/2025,UK DESNZ activity-based conversion factors 2025
2025,9_303_3100_4_6,Activity,Scope 2,SECR kWh UK electricity for EVs,Vans,Class III (1.74 to 3.5 tonnes),Plug-in Hybrid Electric Vehicle,SECR kWh UK electricity for EVs Vans Class III (1.74 to 3.5 tonnes) Plug-in Hybrid Electric Vehicle,km,kWh (net),0.07866,01/01/2025,31/12/2025,UK DESNZ activity-based conversion factors 2025
2025,9_303_3101_4_6,Activity,Scope 2,SECR kWh UK electricity for EVs,Vans,Class III (1.74 to 3.5 tonnes),Battery Electric Vehicle,SECR kWh UK electricity for EVs Vans Class III (1.74 to 3.5 tonnes) Battery Electric Vehicle,km,kWh (net),0.38984,01/01/2025,31/12/2025,UK DESNZ activity-based conversion factors 2025
2025,9_303_3100_9_6,Activity,Scope 2,SECR kWh UK electricity for EVs,Vans,Class III (1.74 to 3.5 tonnes),Plug-in Hybrid Electric Vehicle,SECR kWh UK electricity for EVs Vans Class III (1.74 to 3.5 tonnes) Plug-in Hybrid Electric Vehicle,miles,kWh (net),0.12659,01/01/2025,31/12/2025,UK DESNZ activity-based conversion factors 2025
2025,9_303_3101_9_6,Activity,Scope 2,SECR kWh UK electricity for EVs,Vans,Class III (1.74 to 3.5 tonnes),Battery Electric Vehicle,SECR kWh UK electricity for EVs Vans Class III (1.74 to 3.5 tonnes) Battery Electric Vehicle,miles,kWh (net),0.62739,01/01/2025,31/12/2025,UK DESNZ activity-based conversion factors 2025
2025,9_303_3107_14_6,Activity,Scope 2,SECR kWh UK electricity for EVs,Vans,Average (up to 3.5 tonnes),Plug-in Hybrid Electric Vehicle,SECR kWh UK electricity for EVs Vans Average (up to 3.5 tonnes) Plug-in Hybrid Electric Vehicle,tonne.km,kWh (net),0.19938,01/01/2025,31/12/2025,UK DESNZ activity-based conversion factors 2025
2025,9_303_3108_14_6,Activity,Scope 2,SECR kWh UK electricity for EVs,Vans,Average (up to 3.5 tonnes),Battery Electric Vehicle,SECR kWh UK electricity for EVs Vans Average (up to 3.5 tonnes) Battery Electric Vehicle,tonne.km,kWh (net),1.12547,01/01/2025,31/12/2025,UK DESNZ activity-based conversion factors 2025
2025,9_303_3107_4_6,Activity,Scope 2,SECR kWh UK electricity for EVs,Vans,Average (up to 3.5 tonnes),Plug-in Hybrid Electric Vehicle,SECR kWh UK electricity for EVs Vans Average (up to 3.5 tonnes) Plug-in Hybrid Electric Vehicle,km,kWh (net),0.07866,01/01/2025,31/12/2025,UK DESNZ activity-based conversion factors 2025
2025,9_303_3108_4_6,Activity,Scope 2,SECR kWh UK electricity for EVs,Vans,Average (up to 3.5 tonnes),Battery Electric Vehicle,SECR kWh UK electricity for EVs Vans Average (up to 3.5 tonnes) Battery Electric Vehicle,km,kWh (net),0.3582,01/01/2025,31/12/2025,UK DESNZ activity-based conversion factors 2025
2025,9_303_3107_9_6,Activity,Scope 2,SECR kWh UK electricity for EVs,Vans,Average (up to 3.5 tonnes),Plug-in Hybrid Electric Vehicle,SECR kWh UK electricity for EVs Vans Average (up to 3.5 tonnes) Plug-in Hybrid Electric Vehicle,miles,kWh (net),0.12659,01/01/2025,31/12/2025,UK DESNZ activity-based conversion factors 2025
2025,9_303_3108_9_6,Activity,Scope 2,SECR kWh UK electricity for EVs,Vans,Average (up to 3.5 tonnes),Battery Electric Vehicle,SECR kWh UK electricity for EVs Vans Average (up to 3.5 tonnes) Battery Electric Vehicle,miles,kWh (net),0.57647,01/01/2025,31/12/2025,UK DESNZ activity-based conversion factors 2025
2025,10_401_4002_5_1,Activity,Scope 2,Heat and steam,Heat and steam,Onsite heat and steam,kWh,Heat and steam Heat and steam Onsite heat and steam kWh,kWh,kg CO2e,0.17529,01/01/2025,31/12/2025,UK DESNZ activity-based conversion factors 2025
2025,10_401_4003_5_1,Activity,Scope 2,Heat and steam,Heat and steam,District heat and steam,kWh,Heat and steam Heat and steam District heat and steam kWh,kWh,kg CO2e,0.17529,01/01/2025,31/12/2025,UK DESNZ activity-based conversion factors 2025
2025,11_100_1000_15_1,Activity,Scope 3,WTT- fuels,Gaseous fuels,Butane,,WTT- fuels Gaseous fuels Butane ,tonnes,kg CO2e,344.30947,01/01/2025,31/12/2025,UK DESNZ activity-based conversion factors 2025
2025,11_100_1000_8_1,Activity,Scope 3,WTT- fuels,Gaseous fuels,Butane,,WTT- fuels Gaseous fuels Butane ,litres,kg CO2e,0.19765,01/01/2025,31/12/2025,UK DESNZ activity-based conversion factors 2025
2025,11_100_1000_7_1,Activity,Scope 3,WTT- fuels,Gaseous fuels,Butane,,WTT- fuels Gaseous fuels Butane ,kWh (Net CV),kg CO2e,0.02736,01/01/2025,31/12/2025,UK DESNZ activity-based conversion factors 2025
2025,11_100_1001_15_1,Activity,Scope 3,WTT- fuels,Gaseous fuels,CNG,,WTT- fuels Gaseous fuels CNG ,tonnes,kg CO2e,530.77887,01/01/2025,31/12/2025,UK DESNZ activity-based conversion factors 2025
2025,11_100_1001_8_1,Activity,Scope 3,WTT- fuels,Gaseous fuels,CNG,,WTT- fuels Gaseous fuels CNG ,litres,kg CO2e,0.09289,01/01/2025,31/12/2025,UK DESNZ activity-based conversion factors 2025
2025,11_100_1001_7_1,Activity,Scope 3,WTT- fuels,Gaseous fuels,CNG,,WTT- fuels Gaseous fuels CNG ,kWh (Net CV),kg CO2e,0.04198,01/01/2025,31/12/2025,UK DESNZ activity-based conversion factors 2025
2025,11_100_1002_15_1,Activity,Scope 3,WTT- fuels,Gaseous fuels,LNG,,WTT- fuels Gaseous fuels LNG ,tonnes,kg CO2e,912.22817,01/01/2025,31/12/2025,UK DESNZ activity-based conversion factors 2025
2025,11_100_1002_8_1,Activity,Scope 3,WTT- fuels,Gaseous fuels,LNG,,WTT- fuels Gaseous fuels LNG ,litres,kg CO2e,0.41277,01/01/2025,31/12/2025,UK DESNZ activity-based conversion factors 2025
2025,11_100_1002_7_1,Activity,Scope 3,WTT- fuels,Gaseous fuels,LNG,,WTT- fuels Gaseous fuels LNG ,kWh (Net CV),kg CO2e,0.07214,01/01/2025,31/12/2025,UK DESNZ activity-based conversion factors 2025
2025,11_100_1003_15_1,Activity,Scope 3,WTT- fuels,Gaseous fuels,LPG,,WTT- fuels Gaseous fuels LPG ,tonnes,kg CO2e,349.29282,01/01/2025,31/12/2025,UK DESNZ activity-based conversion factors 2025
2025,11_100_1003_8_1,Activity,Scope 3,WTT- fuels,Gaseous fuels,LPG,,WTT- fuels Gaseous fuels LPG ,litres,kg CO2e,0.18551,01/01/2025,31/12/2025,UK DESNZ activity-based conversion factors 2025
2025,11_100_1003_7_1,Activity,Scope 3,WTT- fuels,Gaseous fuels,LPG,,WTT- fuels Gaseous fuels LPG ,kWh (Net CV),kg CO2e,0.02736,01/01/2025,31/12/2025,UK DESNZ activity-based conversion factors 2025
2025,11_100_1004_15_1,Activity,Scope 3,WTT- fuels,Gaseous fuels,Natural gas,,WTT- fuels Gaseous fuels Natural gas ,tonnes,kg CO2e,423.16368,01/01/2025,31/12/2025,UK DESNZ activity-based conversion factors 2025
2025,11_100_1004_1_1,Activity,Scope 3,WTT- fuels,Gaseous fuels,Natural gas,,WTT- fuels Gaseous fuels Natural gas ,cubic metres,kg CO2e,0.3366,01/01/2025,31/12/2025,UK DESNZ activity-based conversion factors 2025
2025,11_100_1004_7_1,Activity,Scope 3,WTT- fuels,Gaseous fuels,Natural gas,,WTT- fuels Gaseous fuels Natural gas ,kWh (Net CV),kg CO2e,0.03347,01/01/2025,31/12/2025,UK DESNZ activity-based conversion factors 2025
2025,11_100_1005_15_1,Activity,Scope 3,WTT- fuels,Gaseous fuels,Natural gas (100% mineral blend),,WTT- fuels Gaseous fuels Natural gas (100% mineral blend) ,tonnes,kg CO2e,423.16368,01/01/2025,31/12/2025,UK DESNZ activity-based conversion factors 2025
2025,11_100_1005_1_1,Activity,Scope 3,WTT- fuels,Gaseous fuels,Natural gas (100% mineral blend),,WTT- fuels Gaseous fuels Natural gas (100% mineral blend) ,cubic metres,kg CO2e,0.3366,01/01/2025,31/12/2025,UK DESNZ activity-based conversion factors 2025
2025,11_100_1005_7_1,Activity,Scope 3,WTT- fuels,Gaseous fuels,Natural gas (100% mineral blend),,WTT- fuels Gaseous fuels Natural gas (100% mineral blend) ,kWh (Net CV),kg CO2e,0.03347,01/01/2025,31/12/2025,UK DESNZ activity-based conversion factors 2025
2025,11_100_1006_15_1,Activity,Scope 3,WTT- fuels,Gaseous fuels,Other petroleum gas,,WTT- fuels Gaseous fuels Other petroleum gas ,tonnes,kg CO2e,302.95197,01/01/2025,31/12/2025,UK DESNZ activity-based conversion factors 2025
2025,11_100_1006_8_1,Activity,Scope 3,WTT- fuels,Gaseous fuels,Other petroleum gas,,WTT- fuels Gaseous fuels Other petroleum gas ,litres,kg CO2e,0.11097,01/01/2025,31/12/2025,UK DESNZ activity-based conversion factors 2025
2025,11_100_1006_7_1,Activity,Scope 3,WTT- fuels,Gaseous fuels,Other petroleum gas,,WTT- fuels Gaseous fuels Other petroleum gas ,kWh (Net CV),kg CO2e,0.0234,01/01/2025,31/12/2025,UK DESNZ activity-based conversion factors 2025
2025,11_100_1007_15_1,Activity,Scope 3,WTT- fuels,Gaseous fuels,Propane,,WTT- fuels Gaseous fuels Propane ,tonnes,kg CO2e,352.67018,01/01/2025,31/12/2025,UK DESNZ activity-based conversion factors 2025
2025,11_100_1007_8_1,Activity,Scope 3,WTT- fuels,Gaseous fuels,Propane,,WTT- fuels Gaseous fuels Propane ,litres,kg CO2e,0.1817,01/01/2025,31/12/2025,UK DESNZ activity-based conversion factors 2025
2025,11_100_1007_7_1,Activity,Scope 3,WTT- fuels,Gaseous fuels,Propane,,WTT- fuels Gaseous fuels Propane ,kWh (Net CV),kg CO2e,0.02736,01/01/2025,31/12/2025,UK DESNZ activity-based conversion factors 2025
2025,11_101_1008_15_1,Activity,Scope 3,WTT- fuels,Liquid fuels,Aviation spirit,,WTT- fuels Liquid fuels Aviation spirit ,tonnes,kg CO2e,813.26357,01/01/2025,31/12/2025,UK DESNZ activity-based conversion factors 2025
2025,11_101_1008_8_1,Activity,Scope 3,WTT- fuels,Liquid fuels,Aviation spirit,,WTT- fuels Liquid fuels Aviation spirit ,litres,kg CO2e,0.61425,01/01/2025,31/12/2025,UK DESNZ activity-based conversion factors 2025
2025,11_101_1008_7_1,Activity,Scope 3,WTT- fuels,Liquid fuels,Aviation spirit,,WTT- fuels Liquid fuels Aviation spirit ,kWh (Net CV),kg CO2e,0.06582,01/01/2025,31/12/2025,UK DESNZ activity-based conversion factors 2025
2025,11_101_1009_15_1,Activity,Scope 3,WTT- fuels,Liquid fuels,Aviation turbine fuel,,WTT- fuels Liquid fuels Aviation turbine fuel ,tonnes,kg CO2e,661.79468,01/01/2025,31/12/2025,UK DESNZ activity-based conversion factors 2025
2025,11_101_1009_8_1,Activity,Scope 3,WTT- fuels,Liquid fuels,Aviation turbine fuel,,WTT- fuels Liquid fuels Aviation turbine fuel ,litres,kg CO2e,0.52817,01/01/2025,31/12/2025,UK DESNZ activity-based conversion factors 2025
2025,11_101_1009_7_1,Activity,Scope 3,WTT- fuels,Liquid fuels,Aviation turbine fuel,,WTT- fuels Liquid fuels Aviation turbine fuel ,kWh (Net CV),kg CO2e,0.05424,01/01/2025,31/12/2025,UK DESNZ activity-based conversion factors 2025
2025,11_101_1010_15_1,Activity,Scope 3,WTT- fuels,Liquid fuels,Burning oil,,WTT- fuels Liquid fuels Burning oil ,tonnes,kg CO2e,660.82605,01/01/2025,31/12/2025,UK DESNZ activity-based conversion factors 2025
2025,11_101_1010_8_1,Activity,Scope 3,WTT- fuels,Liquid fuels,Burning oil,,WTT- fuels Liquid fuels Burning oil ,litres,kg CO2e,0.53078,01/01/2025,31/12/2025,UK DESNZ activity-based conversion factors 2025
2025,11_101_1010_7_1,Activity,Scope 3,WTT- fuels,Liquid fuels,Burning oil,,WTT- fuels Liquid fuels Burning oil ,kWh (Net CV),kg CO2e,0.05424,01/01/2025,31/12/2025,UK DESNZ activity-based conversion factors 2025
2025,11_101_1011_15_1,Activity,Scope 3,WTT- fuels,Liquid fuels,Diesel (average biofuel blend),,WTT- fuels Liquid fuels Diesel (average biofuel blend) ,tonnes,kg CO2e,733.64436,01/01/2025,31/12/2025,UK DESNZ activity-based conversion factors 2025
2025,11_101_1011_8_1,Activity,Scope 3,WTT- fuels,Liquid fuels,Diesel (average biofuel blend),,WTT- fuels Liquid fuels Diesel (average biofuel blend) ,litres,kg CO2e,0.61101,01/01/2025,31/12/2025,UK DESNZ activity-based conversion factors 2025
2025,11_101_1011_7_1,Activity,Scope 3,WTT- fuels,Liquid fuels,Diesel (average biofuel blend),,WTT- fuels Liquid fuels Diesel (average biofuel blend) ,kWh (Net CV),kg CO2e,0.06181,01/01/2025,31/12/2025,UK DESNZ activity-based conversion factors 2025
2025,11_101_1012_15_1,Activity,Scope 3,WTT- fuels,Liquid fuels,Diesel (100% mineral diesel),,WTT- fuels Liquid fuels Diesel (100% mineral diesel) ,tonnes,kg CO2e,752.0276,01/01/2025,31/12/2025,UK DESNZ activity-based conversion factors 2025
2025,11_101_1012_8_1,Activity,Scope 3,WTT- fuels,Liquid fuels,Diesel (100% mineral diesel),,WTT- fuels Liquid fuels Diesel (100% mineral diesel) ,litres,kg CO2e,0.62409,01/01/2025,31/12/2025,UK DESNZ activity-based conversion factors 2025
2025,11_101_1012_7_1,Activity,Scope 3,WTT- fuels,Liquid fuels,Diesel (100% mineral diesel),,WTT- fuels Liquid fuels Diesel (100% mineral diesel) ,kWh (Net CV),kg CO2e,0.06291,01/01/2025,31/12/2025,UK DESNZ activity-based conversion factors 2025
2025,11_101_1013_15_1,Activity,Scope 3,WTT- fuels,Liquid fuels,Fuel oil,,WTT- fuels Liquid fuels Fuel oil ,tonnes,kg CO2e,714.86545,01/01/2025,31/12/2025,UK DESNZ activity-based conversion factors 2025
2025,11_101_1013_8_1,Activity,Scope 3,WTT- fuels,Liquid fuels,Fuel oil,,WTT- fuels Liquid fuels Fuel oil ,litres,kg CO2e,0.69539,01/01/2025,31/12/2025,UK DESNZ activity-based conversion factors 2025
2025,11_101_1013_7_1,Activity,Scope 3,WTT- fuels,Liquid fuels,Fuel oil,,WTT- fuels Liquid fuels Fuel oil ,kWh (Net CV),kg CO2e,0.06291,01/01/2025,31/12/2025,UK DESNZ activity-based conversion factors 2025
2025,11_101_1014_15_1,Activity,Scope 3,WTT- fuels,Liquid fuels,Gas oil,,WTT- fuels Liquid fuels Gas oil ,tonnes,kg CO2e,743.83524,01/01/2025,31/12/2025,UK DESNZ activity-based conversion factors 2025
2025,11_101_1014_8_1,Activity,Scope 3,WTT- fuels,Liquid fuels,Gas oil,,WTT- fuels Liquid fuels Gas oil ,litres,kg CO2e,0.62665,01/01/2025,31/12/2025,UK DESNZ activity-based conversion factors 2025
2025,11_101_1014_7_1,Activity,Scope 3,WTT- fuels,Liquid fuels,Gas oil,,WTT- fuels Liquid fuels Gas oil ,kWh (Net CV),kg CO2e,0.06291,01/01/2025,31/12/2025,UK DESNZ activity-based conversion factors 2025
2025,11_101_1015_15_1,Activity,Scope 3,WTT- fuels,Liquid fuels,Lubricants,,WTT- fuels Liquid fuels Lubricants ,tonnes,kg CO2e,1116.83712,01/01/2025,31/12/2025,UK DESNZ activity-based conversion factors 2025
2025,11_101_1015_7_1,Activity,Scope 3,WTT- fuels,Liquid fuels,Lubricants,,WTT- fuels Liquid fuels Lubricants ,kWh (Net CV),kg CO2e,0.09828,01/01/2025,31/12/2025,UK DESNZ activity-based conversion factors 2025
2025,11_101_1016_15_1,Activity,Scope 3,WTT- fuels,Liquid fuels,Naphtha,,WTT- fuels Liquid fuels Naphtha ,tonnes,kg CO2e,640.41464,01/01/2025,31/12/2025,UK DESNZ activity-based conversion factors 2025
2025,11_101_1016_7_1,Activity,Scope 3,WTT- fuels,Liquid fuels,Naphtha,,WTT- fuels Liquid fuels Naphtha ,kWh (Net CV),kg CO2e,0.05076,01/01/2025,31/12/2025,UK DESNZ activity-based conversion factors 2025
2025,11_101_1017_15_1,Activity,Scope 3,WTT- fuels,Liquid fuels,Petrol (average biofuel blend),,WTT- fuels Liquid fuels Petrol (average biofuel blend) ,tonnes,kg CO2e,777.33392,01/01/2025,31/12/2025,UK DESNZ activity-based conversion factors 2025
2025,11_101_1017_8_1,Activity,Scope 3,WTT- fuels,Liquid fuels,Petrol (average biofuel blend),,WTT- fuels Liquid fuels Petrol (average biofuel blend) ,litres,kg CO2e,0.58094,01/01/2025,31/12/2025,UK DESNZ activity-based conversion factors 2025
2025,11_101_1017_7_1,Activity,Scope 3,WTT- fuels,Liquid fuels,Petrol (average biofuel blend),,WTT- fuels Liquid fuels Petrol (average biofuel blend) ,kWh (Net CV),kg CO2e,0.0648,01/01/2025,31/12/2025,UK DESNZ activity-based conversion factors 2025
2025,11_101_1018_15_1,Activity,Scope 3,WTT- fuels,Liquid fuels,Petrol (100% mineral petrol),,WTT- fuels Liquid fuels Petrol (100% mineral petrol) ,tonnes,kg CO2e,815.93523,01/01/2025,31/12/2025,UK DESNZ activity-based conversion factors 2025
2025,11_101_1018_8_1,Activity,Scope 3,WTT- fuels,Liquid fuels,Petrol (100% mineral petrol),,WTT- fuels Liquid fuels Petrol (100% mineral petrol) ,litres,kg CO2e,0.60664,01/01/2025,31/12/2025,UK DESNZ activity-based conversion factors 2025
2025,11_101_1018_7_1,Activity,Scope 3,WTT- fuels,Liquid fuels,Petrol (100% mineral petrol),,WTT- fuels Liquid fuels Petrol (100% mineral petrol) ,kWh (Net CV),kg CO2e,0.06582,01/01/2025,31/12/2025,UK DESNZ activity-based conversion factors 2025
2025,11_101_1019_15_1,Activity,Scope 3,WTT- fuels,Liquid fuels,Processed fuel oils - residual oil,,WTT- fuels Liquid fuels Processed fuel oils - residual oil ,tonnes,kg CO2e,1132.08149,01/01/2025,31/12/2025,UK DESNZ activity-based conversion factors 2025
2025,11_101_1019_8_1,Activity,Scope 3,WTT- fuels,Liquid fuels,Processed fuel oils - residual oil,,WTT- fuels Liquid fuels Processed fuel oils - residual oil ,litres,kg CO2e,1.10125,01/01/2025,31/12/2025,UK DESNZ activity-based conversion factors 2025
2025,11_101_1019_7_1,Activity,Scope 3,WTT- fuels,Liquid fuels,Processed fuel oils - residual oil,,WTT- fuels Liquid fuels Processed fuel oils - residual oil ,kWh (Net CV),kg CO2e,0.09962,01/01/2025,31/12/2025,UK DESNZ activity-based conversion factors 2025
2025,11_101_1020_15_1,Activity,Scope 3,WTT- fuels,Liquid fuels,Processed fuel oils - distillate oil,,WTT- fuels Liquid fuels Processed fuel oils - distillate oil ,tonnes,kg CO2e,1123.49881,01/01/2025,31/12/2025,UK DESNZ activity-based conversion factors 2025
2025,11_101_1020_8_1,Activity,Scope 3,WTT- fuels,Liquid fuels,Processed fuel oils - distillate oil,,WTT- fuels Liquid fuels Processed fuel oils - distillate oil ,litres,kg CO2e,0.9465,01/01/2025,31/12/2025,UK DESNZ activity-based conversion factors 2025
2025,11_101_1020_7_1,Activity,Scope 3,WTT- fuels,Liquid fuels,Processed fuel oils - distillate oil,,WTT- fuels Liquid fuels Processed fuel oils - distillate oil ,kWh (Net CV),kg CO2e,0.09501,01/01/2025,31/12/2025,UK DESNZ activity-based conversion factors 2025
2025,11_101_1021_15_1,Activity,Scope 3,WTT- fuels,Liquid fuels,Refinery miscellaneous,,WTT- fuels Liquid fuels Refinery miscellaneous ,tonnes,kg CO2e,348.98258,01/01/2025,31/12/2025,UK DESNZ activity-based conversion factors 2025
2025,11_101_1021_7_1,Activity,Scope 3,WTT- fuels,Liquid fuels,Refinery miscellaneous,,WTT- fuels Liquid fuels Refinery miscellaneous ,kWh (Net CV),kg CO2e,0.03077,01/01/2025,31/12/2025,UK DESNZ activity-based conversion factors 2025
2025,11_101_1022_15_1,Activity,Scope 3,WTT- fuels,Liquid fuels,Waste oils,,WTT- fuels Liquid fuels Waste oils ,tonnes,kg CO2e,1116.83712,01/01/2025,31/12/2025,UK DESNZ activity-based conversion factors 2025
2025,11_101_1022_7_1,Activity,Scope 3,WTT- fuels,Liquid fuels,Waste oils,,WTT- fuels Liquid fuels Waste oils ,kWh (Net CV),kg CO2e,0.09526,01/01/2025,31/12/2025,UK DESNZ activity-based conversion factors 2025
2025,11_101_1023_15_1,Activity,Scope 3,WTT- fuels,Liquid fuels,Marine gas oil,,WTT- fuels Liquid fuels Marine gas oil ,tonnes,kg CO2e,743.83524,01/01/2025,31/12/2025,UK DESNZ activity-based conversion factors 2025
2025,11_101_1023_8_1,Activity,Scope 3,WTT- fuels,Liquid fuels,Marine gas oil,,WTT- fuels Liquid fuels Marine gas oil ,litres,kg CO2e,0.62665,01/01/2025,31/12/2025,UK DESNZ activity-based conversion factors 2025
2025,11_101_1023_7_1,Activity,Scope 3,WTT- fuels,Liquid fuels,Marine gas oil,,WTT- fuels Liquid fuels Marine gas oil ,kWh (Net CV),kg CO2e,0.06291,01/01/2025,31/12/2025,UK DESNZ activity-based conversion factors 2025
2025,11_101_1024_15_1,Activity,Scope 3,WTT- fuels,Liquid fuels,Marine fuel oil,,WTT- fuels Liquid fuels Marine fuel oil ,tonnes,kg CO2e,714.86545,01/01/2025,31/12/2025,UK DESNZ activity-based conversion factors 2025
2025,11_101_1024_8_1,Activity,Scope 3,WTT- fuels,Liquid fuels,Marine fuel oil,,WTT- fuels Liquid fuels Marine fuel oil ,litres,kg CO2e,0.69539,01/01/2025,31/12/2025,UK DESNZ activity-based conversion factors 2025
2025,11_101_1024_7_1,Activity,Scope 3,WTT- fuels,Liquid fuels,Marine fuel oil,,WTT- fuels Liquid fuels Marine fuel oil ,kWh (Net CV),kg CO2e,0.06291,01/01/2025,31/12/2025,UK DESNZ activity-based conversion factors 2025
2025,11_102_1025_15_1,Activity,Scope 3,WTT- fuels,Solid fuels,Coal (industrial),,WTT- fuels Solid fuels Coal (industrial) ,tonnes,kg CO2e,418.14964,01/01/2025,31/12/2025,UK DESNZ activity-based conversion factors 2025
2025,11_102_1025_7_1,Activity,Scope 3,WTT- fuels,Solid fuels,Coal (industrial),,WTT- fuels Solid fuels Coal (industrial) ,kWh (Net CV),kg CO2e,0.05925,01/01/2025,31/12/2025,UK DESNZ activity-based conversion factors 2025
2025,11_102_1026_15_1,Activity,Scope 3,WTT- fuels,Solid fuels,Coal (electricity generation),,WTT- fuels Solid fuels Coal (electricity generation) ,tonnes,kg CO2e,390.06647,01/01/2025,31/12/2025,UK DESNZ activity-based conversion factors 2025
2025,11_102_1026_7_1,Activity,Scope 3,WTT- fuels,Solid fuels,Coal (electricity generation),,WTT- fuels Solid fuels Coal (electricity generation) ,kWh (Net CV),kg CO2e,0.05925,01/01/2025,31/12/2025,UK DESNZ activity-based conversion factors 2025
2025,11_102_1027_15_1,Activity,Scope 3,WTT- fuels,Solid fuels,Coal (domestic),,WTT- fuels Solid fuels Coal (domestic) ,tonnes,kg CO2e,470.95724,01/01/2025,31/12/2025,UK DESNZ activity-based conversion factors 2025
2025,11_102_1027_7_1,Activity,Scope 3,WTT- fuels,Solid fuels,Coal (domestic),,WTT- fuels Solid fuels Coal (domestic) ,kWh (Net CV),kg CO2e,0.05925,01/01/2025,31/12/2025,UK DESNZ activity-based conversion factors 2025
2025,11_102_1028_15_1,Activity,Scope 3,WTT- fuels,Solid fuels,Coking coal,,WTT- fuels Solid fuels Coking coal ,tonnes,kg CO2e,497.73658,01/01/2025,31/12/2025,UK DESNZ activity-based conversion factors 2025
2025,11_102_1028_7_1,Activity,Scope 3,WTT- fuels,Solid fuels,Coking coal,,WTT- fuels Solid fuels Coking coal ,kWh (Net CV),kg CO2e,0.05925,01/01/2025,31/12/2025,UK DESNZ activity-based conversion factors 2025
2025,11_102_1029_15_1,Activity,Scope 3,WTT- fuels,Solid fuels,Petroleum coke,,WTT- fuels Solid fuels Petroleum coke ,tonnes,kg CO2e,402.62468,01/01/2025,31/12/2025,UK DESNZ activity-based conversion factors 2025
2025,11_102_1029_7_1,Activity,Scope 3,WTT- fuels,Solid fuels,Petroleum coke,,WTT- fuels Solid fuels Petroleum coke ,kWh (Net CV),kg CO2e,0.04267,01/01/2025,31/12/2025,UK DESNZ activity-based conversion factors 2025
2025,11_102_1030_15_1,Activity,Scope 3,WTT- fuels,Solid fuels,Coal (electricity generation - home produced coal only),,WTT- fuels Solid fuels Coal (electricity generation - home produced coal only) ,tonnes,kg CO2e,389.45704,01/01/2025,31/12/2025,UK DESNZ activity-based conversion factors 2025
2025,11_102_1030_7_1,Activity,Scope 3,WTT- fuels,Solid fuels,Coal (electricity generation - home produced coal only),,WTT- fuels Solid fuels Coal (electricity generation - home produced coal only) ,kWh (Net CV),kg CO2e,0.05925,01/01/2025,31/12/2025,UK DESNZ activity-based conversion factors 2025
2025,12_900_1031_8_1,Activity,Scope 3,WTT- bioenergy,WTT- biofuel,Bioethanol,,WTT- bioenergy WTT- biofuel Bioethanol ,litres,kg CO2e,0.61516,01/01/2025,31/12/2025,UK DESNZ activity-based conversion factors 2025
2025,12_900_1031_3_1,Activity,Scope 3,WTT- bioenergy,WTT- biofuel,Bioethanol,,WTT- bioenergy WTT- biofuel Bioethanol ,kg,kg CO2e,0.77476,01/01/2025,31/12/2025,UK DESNZ activity-based conversion factors 2025
2025,12_900_1032_8_1,Activity,Scope 3,WTT- bioenergy,WTT- biofuel,Biodiesel ME,,WTT- bioenergy WTT- biofuel Biodiesel ME ,litres,kg CO2e,0.39508,01/01/2025,31/12/2025,UK DESNZ activity-based conversion factors 2025
2025,12_900_1032_3_1,Activity,Scope 3,WTT- bioenergy,WTT- biofuel,Biodiesel ME,,WTT- bioenergy WTT- biofuel Biodiesel ME ,kg,kg CO2e,0.44391,01/01/2025,31/12/2025,UK DESNZ activity-based conversion factors 2025
2025,12_900_1033_3_1,Activity,Scope 3,WTT- bioenergy,WTT- biofuel,Biomethane (compressed),,WTT- bioenergy WTT- biofuel Biomethane (compressed) ,kg,kg CO2e,0.77405,01/01/2025,31/12/2025,UK DESNZ activity-based conversion factors 2025
2025,12_900_1034_8_1,Activity,Scope 3,WTT- bioenergy,WTT- biofuel,Biodiesel ME (from used cooking oil),,WTT- bioenergy WTT- biofuel Biodiesel ME (from used cooking oil) ,litres,kg CO2e,0.3534,01/01/2025,31/12/2025,UK DESNZ activity-based conversion factors 2025
2025,12_900_1034_3_1,Activity,Scope 3,WTT- bioenergy,WTT- biofuel,Biodiesel ME (from used cooking oil),,WTT- bioenergy WTT- biofuel Biodiesel ME (from used cooking oil) ,kg,kg CO2e,0.39708,01/01/2025,31/12/2025,UK DESNZ activity-based conversion factors 2025
2025,12_900_1035_8_1,Activity,Scope 3,WTT- bioenergy,WTT- biofuel,Biodiesel ME (from Tallow),,WTT- bioenergy WTT- biofuel Biodiesel ME (from Tallow) ,litres,kg CO2e,0.53232,01/01/2025,31/12/2025,UK DESNZ activity-based conversion factors 2025
2025,12_900_1035_3_1,Activity,Scope 3,WTT- bioenergy,WTT- biofuel,Biodiesel ME (from Tallow),,WTT- bioenergy WTT- biofuel Biodiesel ME (from Tallow) ,kg,kg CO2e,0.59812,01/01/2025,31/12/2025,UK DESNZ activity-based conversion factors 2025
2025,12_900_1036_8_1,Activity,Scope 3,WTT- bioenergy,WTT- biofuel,Biodiesel HVO,,WTT- bioenergy WTT- biofuel Biodiesel HVO ,litres,kg CO2e,0.56439,01/01/2025,31/12/2025,UK DESNZ activity-based conversion factors 2025
2025,12_900_1036_3_1,Activity,Scope 3,WTT- bioenergy,WTT- biofuel,Biodiesel HVO,,WTT- bioenergy WTT- biofuel Biodiesel HVO ,kg,kg CO2e,0.72358,01/01/2025,31/12/2025,UK DESNZ activity-based conversion factors 2025
2025,12_900_1037_8_1,Activity,Scope 3,WTT- bioenergy,WTT- biofuel,Biopropane,,WTT- bioenergy WTT- biofuel Biopropane ,litres,kg CO2e,0.15752,01/01/2025,31/12/2025,UK DESNZ activity-based conversion factors 2025
2025,12_900_1037_3_1,Activity,Scope 3,WTT- bioenergy,WTT- biofuel,Biopropane,,WTT- bioenergy WTT- biofuel Biopropane ,kg,kg CO2e,0.30684,01/01/2025,31/12/2025,UK DESNZ activity-based conversion factors 2025
2025,12_900_1038_8_1,Activity,Scope 3,WTT- bioenergy,WTT- biofuel,Development diesel,,WTT- bioenergy WTT- biofuel Development diesel ,litres,kg CO2e,0.83338,01/01/2025,31/12/2025,UK DESNZ activity-based conversion factors 2025
2025,12_900_1038_3_1,Activity,Scope 3,WTT- bioenergy,WTT- biofuel,Development diesel,,WTT- bioenergy WTT- biofuel Development diesel ,kg,kg CO2e,1.0034,01/01/2025,31/12/2025,UK DESNZ activity-based conversion factors 2025
2025,12_900_1039_8_1,Activity,Scope 3,WTT- bioenergy,WTT- biofuel,Development petrol,,WTT- bioenergy WTT- biofuel Development petrol ,litres,kg CO2e,0.76505,01/01/2025,31/12/2025,UK DESNZ activity-based conversion factors 2025
2025,12_900_1039_3_1,Activity,Scope 3,WTT- bioenergy,WTT- biofuel,Development petrol,,WTT- bioenergy WTT- biofuel Development petrol ,kg,kg CO2e,1.03129,01/01/2025,31/12/2025,UK DESNZ activity-based conversion factors 2025
2025,12_900_1040_8_1,Activity,Scope 3,WTT- bioenergy,WTT- biofuel,Off road biodiesel,,WTT- bioenergy WTT- biofuel Off road biodiesel ,litres,kg CO2e,0.39508,01/01/2025,31/12/2025,UK DESNZ activity-based conversion factors 2025
2025,12_900_1040_3_1,Activity,Scope 3,WTT- bioenergy,WTT- biofuel,Off road biodiesel,,WTT- bioenergy WTT- biofuel Off road biodiesel ,kg,kg CO2e,0.44391,01/01/2025,31/12/2025,UK DESNZ activity-based conversion factors 2025
2025,12_900_1041_3_1,Activity,Scope 3,WTT- bioenergy,WTT- biofuel,Biomethane (liquified),,WTT- bioenergy WTT- biofuel Biomethane (liquified) ,kg,kg CO2e,1.17125,01/01/2025,31/12/2025,UK DESNZ activity-based conversion factors 2025
2025,12_900_1042_8_1,Activity,Scope 3,WTT- bioenergy,WTT- biofuel,Methanol (bio),,WTT- bioenergy WTT- biofuel Methanol (bio) ,litres,kg CO2e,0.59414,01/01/2025,31/12/2025,UK DESNZ activity-based conversion factors 2025
2025,12_900_1042_3_1,Activity,Scope 3,WTT- bioenergy,WTT- biofuel,Methanol (bio),,WTT- bioenergy WTT- biofuel Methanol (bio) ,kg,kg CO2e,0.74923,01/01/2025,31/12/2025,UK DESNZ activity-based conversion factors 2025
2025,12_900_1049_8_1,Activity,Scope 3,WTT- bioenergy,WTT- biofuel,Avtur (renewable),,WTT- bioenergy WTT- biofuel Avtur (renewable) ,litres,kg CO2e,0.53386,01/01/2025,31/12/2025,UK DESNZ activity-based conversion factors 2025
2025,12_900_1049_3_1,Activity,Scope 3,WTT- bioenergy,WTT- biofuel,Avtur (renewable),,WTT- bioenergy WTT- biofuel Avtur (renewable) ,kg,kg CO2e,0.67052,01/01/2025,31/12/2025,UK DESNZ activity-based conversion factors 2025
2025,12_901_1043_15_1,Activity,Scope 3,WTT- bioenergy,WTT- biomass,Wood logs,,WTT- bioenergy WTT- biomass Wood logs ,tonnes,kg CO2e,52.14,01/01/2025,31/12/2025,UK DESNZ activity-based conversion factors 2025
2025,12_901_1043_5_1,Activity,Scope 3,WTT- bioenergy,WTT- biomass,Wood logs,,WTT- bioenergy WTT- biomass Wood logs ,kWh,kg CO2e,0.01277,01/01/2025,31/12/2025,UK DESNZ activity-based conversion factors 2025
2025,12_901_1044_15_1,Activity,Scope 3,WTT- bioenergy,WTT- biomass,Wood chips,,WTT- bioenergy WTT- biomass Wood chips ,tonnes,kg CO2e,30.4,01/01/2025,31/12/2025,UK DESNZ activity-based conversion factors 2025
2025,12_901_1044_5_1,Activity,Scope 3,WTT- bioenergy,WTT- biomass,Wood chips,,WTT- bioenergy WTT- biomass Wood chips ,kWh,kg CO2e,0.00792,01/01/2025,31/12/2025,UK DESNZ activity-based conversion factors 2025
2025,12_901_1045_15_1,Activity,Scope 3,WTT- bioenergy,WTT- biomass,Wood pellets,,WTT- bioenergy WTT- biomass Wood pellets ,tonnes,kg CO2e,177,01/01/2025,31/12/2025,UK DESNZ activity-based conversion factors 2025
2025,12_901_1045_5_1,Activity,Scope 3,WTT- bioenergy,WTT- biomass,Wood pellets,,WTT- bioenergy WTT- biomass Wood pellets ,kWh,kg CO2e,0.03744,01/01/2025,31/12/2025,UK DESNZ activity-based conversion factors 2025
2025,12_901_1046_15_1,Activity,Scope 3,WTT- bioenergy,WTT- biomass,Grass/straw,,WTT- bioenergy WTT- biomass Grass/straw ,tonnes,kg CO2e,68.65,01/01/2025,31/12/2025,UK DESNZ activity-based conversion factors 2025
2025,12_901_1046_5_1,Activity,Scope 3,WTT- bioenergy,WTT- biomass,Grass/straw,,WTT- bioenergy WTT- biomass Grass/straw ,kWh,kg CO2e,0.01604,01/01/2025,31/12/2025,UK DESNZ activity-based conversion factors 2025
2025,12_902_1047_15_1,Activity,Scope 3,WTT- bioenergy,WTT- biogas,Biogas,,WTT- bioenergy WTT- biogas Biogas ,tonnes,kg CO2e,102.85714,01/01/2025,31/12/2025,UK DESNZ activity-based conversion factors 2025
2025,12_902_1047_5_1,Activity,Scope 3,WTT- bioenergy,WTT- biogas,Biogas,,WTT- bioenergy WTT- biogas Biogas ,kWh,kg CO2e,0.01851,01/01/2025,31/12/2025,UK DESNZ activity-based conversion factors 2025
2025,12_902_1048_15_1,Activity,Scope 3,WTT- bioenergy,WTT- biogas,Landfill gas,,WTT- bioenergy WTT- biogas Landfill gas ,tonnes,kg CO2e,0,01/01/2025,31/12/2025,UK DESNZ activity-based conversion factors 2025
2025,12_902_1048_5_1,Activity,Scope 3,WTT- bioenergy,WTT- biogas,Landfill gas,,WTT- bioenergy WTT- biogas Landfill gas ,kWh,kg CO2e,0,01/01/2025,31/12/2025,UK DESNZ activity-based conversion factors 2025
2025,13_402_4000_5_1,Activity,Scope 3,Transmission and distribution,T&D- UK electricity,Electricity: UK,kWh,Transmission and distribution T&D- UK electricity Electricity: UK kWh,kWh,kg CO2e,0.01853,01/01/2025,31/12/2025,UK DESNZ activity-based conversion factors 2025
2025,13_403_4004_5_1,Activity,Scope 3,Transmission and distribution,Distribution - district heat & steam,5% loss,kWh,Transmission and distribution Distribution - district heat & steam 5% loss kWh,kWh,kg CO2e,0.00945,01/01/2025,31/12/2025,UK DESNZ activity-based conversion factors 2025
2025,14_301_3051_4_1,Activity,Scope 3,UK electricity T&D for EVs,Cars (by size),Small car,Plug-in Hybrid Electric Vehicle,UK electricity T&D for EVs Cars (by size) Small car Plug-in Hybrid Electric Vehicle,km,kg CO2e,0.00252,01/01/2025,31/12/2025,UK DESNZ activity-based conversion factors 2025
2025,14_301_3052_4_1,Activity,Scope 3,UK electricity T&D for EVs,Cars (by size),Small car,Battery Electric Vehicle,UK electricity T&D for EVs Cars (by size) Small car Battery Electric Vehicle,km,kg CO2e,0.00349,01/01/2025,31/12/2025,UK DESNZ activity-based conversion factors 2025
2025,14_301_3051_9_1,Activity,Scope 3,UK electricity T&D for EVs,Cars (by size),Small car,Plug-in Hybrid Electric Vehicle,UK electricity T&D for EVs Cars (by size) Small car Plug-in Hybrid Electric Vehicle,miles,kg CO2e,0.00406,01/01/2025,31/12/2025,UK DESNZ activity-based conversion factors 2025
2025,14_301_3052_9_1,Activity,Scope 3,UK electricity T&D for EVs,Cars (by size),Small car,Battery Electric Vehicle,UK electricity T&D for EVs Cars (by size) Small car Battery Electric Vehicle,miles,kg CO2e,0.00563,01/01/2025,31/12/2025,UK DESNZ activity-based conversion factors 2025
2025,14_301_3059_4_1,Activity,Scope 3,UK electricity T&D for EVs,Cars (by size),Medium car,Plug-in Hybrid Electric Vehicle,UK electricity T&D for EVs Cars (by size) Medium car Plug-in Hybrid Electric Vehicle,km,kg CO2e,0.00098,01/01/2025,31/12/2025,UK DESNZ activity-based conversion factors 2025
2025,14_301_3060_4_1,Activity,Scope 3,UK electricity T&D for EVs,Cars (by size),Medium car,Battery Electric Vehicle,UK electricity T&D for EVs Cars (by size) Medium car Battery Electric Vehicle,km,kg CO2e,0.00368,01/01/2025,31/12/2025,UK DESNZ activity-based conversion factors 2025
2025,14_301_3059_9_1,Activity,Scope 3,UK electricity T&D for EVs,Cars (by size),Medium car,Plug-in Hybrid Electric Vehicle,UK electricity T&D for EVs Cars (by size) Medium car Plug-in Hybrid Electric Vehicle,miles,kg CO2e,0.00157,01/01/2025,31/12/2025,UK DESNZ activity-based conversion factors 2025
2025,14_301_3060_9_1,Activity,Scope 3,UK electricity T&D for EVs,Cars (by size),Medium car,Battery Electric Vehicle,UK electricity T&D for EVs Cars (by size) Medium car Battery Electric Vehicle,miles,kg CO2e,0.00592,01/01/2025,31/12/2025,UK DESNZ activity-based conversion factors 2025
2025,14_301_3067_4_1,Activity,Scope 3,UK electricity T&D for EVs,Cars (by size),Large car,Plug-in Hybrid Electric Vehicle,UK electricity T&D for EVs Cars (by size) Large car Plug-in Hybrid Electric Vehicle,km,kg CO2e,0.00132,01/01/2025,31/12/2025,UK DESNZ activity-based conversion factors 2025
2025,14_301_3068_4_1,Activity,Scope 3,UK electricity T&D for EVs,Cars (by size),Large car,Battery Electric Vehicle,UK electricity T&D for EVs Cars (by size) Large car Battery Electric Vehicle,km,kg CO2e,0.00398,01/01/2025,31/12/2025,UK DESNZ activity-based conversion factors 2025
2025,14_301_3067_9_1,Activity,Scope 3,UK electricity T&D for EVs,Cars (by size),Large car,Plug-in Hybrid Electric Vehicle,UK electricity T&D for EVs Cars (by size) Large car Plug-in Hybrid Electric Vehicle,miles,kg CO2e,0.00212,01/01/2025,31/12/2025,UK DESNZ activity-based conversion factors 2025
2025,14_301_3068_9_1,Activity,Scope 3,UK electricity T&D for EVs,Cars (by size),Large car,Battery Electric Vehicle,UK electricity T&D for EVs Cars (by size) Large car Battery Electric Vehicle,miles,kg CO2e,0.00641,01/01/2025,31/12/2025,UK DESNZ activity-based conversion factors 2025
2025,14_301_3075_4_1,Activity,Scope 3,UK electricity T&D for EVs,Cars (by size),Average car,Plug-in Hybrid Electric Vehicle,UK electricity T&D for EVs Cars (by size) Average car Plug-in Hybrid Electric Vehicle,km,kg CO2e,0.00122,01/01/2025,31/12/2025,UK DESNZ activity-based conversion factors 2025
2025,14_301_3076_4_1,Activity,Scope 3,UK electricity T&D for EVs,Cars (by size),Average car,Battery Electric Vehicle,UK electricity T&D for EVs Cars (by size) Average car Battery Electric Vehicle,km,kg CO2e,0.00384,01/01/2025,31/12/2025,UK DESNZ activity-based conversion factors 2025
2025,14_301_3075_9_1,Activity,Scope 3,UK electricity T&D for EVs,Cars (by size),Average car,Plug-in Hybrid Electric Vehicle,UK electricity T&D for EVs Cars (by size) Average car Plug-in Hybrid Electric Vehicle,miles,kg CO2e,0.00197,01/01/2025,31/12/2025,UK DESNZ activity-based conversion factors 2025
2025,14_301_3076_9_1,Activity,Scope 3,UK electricity T&D for EVs,Cars (by size),Average car,Battery Electric Vehicle,UK electricity T&D for EVs Cars (by size) Average car Battery Electric Vehicle,miles,kg CO2e,0.00618,01/01/2025,31/12/2025,UK DESNZ activity-based conversion factors 2025
2025,14_303_3087_14_1,Activity,Scope 3,UK electricity T&D for EVs,Vans,Class I (up to 1.305 tonnes),Battery Electric Vehicle,UK electricity T&D for EVs Vans Class I (up to 1.305 tonnes) Battery Electric Vehicle,tonne.km,kg CO2e,0.01183,01/01/2025,31/12/2025,UK DESNZ activity-based conversion factors 2025
2025,14_303_3087_4_1,Activity,Scope 3,UK electricity T&D for EVs,Vans,Class I (up to 1.305 tonnes),Battery Electric Vehicle,UK electricity T&D for EVs Vans Class I (up to 1.305 tonnes) Battery Electric Vehicle,km,kg CO2e,0.0036,01/01/2025,31/12/2025,UK DESNZ activity-based conversion factors 2025
2025,14_303_3087_9_1,Activity,Scope 3,UK electricity T&D for EVs,Vans,Class I (up to 1.305 tonnes),Battery Electric Vehicle,UK electricity T&D for EVs Vans Class I (up to 1.305 tonnes) Battery Electric Vehicle,miles,kg CO2e,0.00579,01/01/2025,31/12/2025,UK DESNZ activity-based conversion factors 2025
2025,14_303_3094_14_1,Activity,Scope 3,UK electricity T&D for EVs,Vans,Class II (1.305 to 1.74 tonnes),Battery Electric Vehicle,UK electricity T&D for EVs Vans Class II (1.305 to 1.74 tonnes) Battery Electric Vehicle,tonne.km,kg CO2e,0.02361,01/01/2025,31/12/2025,UK DESNZ activity-based conversion factors 2025
2025,14_303_3094_4_1,Activity,Scope 3,UK electricity T&D for EVs,Vans,Class II (1.305 to 1.74 tonnes),Battery Electric Vehicle,UK electricity T&D for EVs Vans Class II (1.305 to 1.74 tonnes) Battery Electric Vehicle,km,kg CO2e,0.00548,01/01/2025,31/12/2025,UK DESNZ activity-based conversion factors 2025
2025,14_303_3094_9_1,Activity,Scope 3,UK electricity T&D for EVs,Vans,Class II (1.305 to 1.74 tonnes),Battery Electric Vehicle,UK electricity T&D for EVs Vans Class II (1.305 to 1.74 tonnes) Battery Electric Vehicle,miles,kg CO2e,0.00882,01/01/2025,31/12/2025,UK DESNZ activity-based conversion factors 2025
2025,14_303_3100_14_1,Activity,Scope 3,UK electricity T&D for EVs,Vans,Class III (1.74 to 3.5 tonnes),Plug-in Hybrid Electric Vehicle,UK electricity T&D for EVs Vans Class III (1.74 to 3.5 tonnes) Plug-in Hybrid Electric Vehicle,tonne.km,kg CO2e,0.00369,01/01/2025,31/12/2025,UK DESNZ activity-based conversion factors 2025
2025,14_303_3101_14_1,Activity,Scope 3,UK electricity T&D for EVs,Vans,Class III (1.74 to 3.5 tonnes),Battery Electric Vehicle,UK electricity T&D for EVs Vans Class III (1.74 to 3.5 tonnes) Battery Electric Vehicle,tonne.km,kg CO2e,0.01945,01/01/2025,31/12/2025,UK DESNZ activity-based conversion factors 2025
2025,14_303_3100_4_1,Activity,Scope 3,UK electricity T&D for EVs,Vans,Class III (1.74 to 3.5 tonnes),Plug-in Hybrid Electric Vehicle,UK electricity T&D for EVs Vans Class III (1.74 to 3.5 tonnes) Plug-in Hybrid Electric Vehicle,km,kg CO2e,0.00146,01/01/2025,31/12/2025,UK DESNZ activity-based conversion factors 2025
2025,14_303_3101_4_1,Activity,Scope 3,UK electricity T&D for EVs,Vans,Class III (1.74 to 3.5 tonnes),Battery Electric Vehicle,UK electricity T&D for EVs Vans Class III (1.74 to 3.5 tonnes) Battery Electric Vehicle,km,kg CO2e,0.00721,01/01/2025,31/12/2025,UK DESNZ activity-based conversion factors 2025
2025,14_303_3100_9_1,Activity,Scope 3,UK electricity T&D for EVs,Vans,Class III (1.74 to 3.5 tonnes),Plug-in Hybrid Electric Vehicle,UK electricity T&D for EVs Vans Class III (1.74 to 3.5 tonnes) Plug-in Hybrid Electric Vehicle,miles,kg CO2e,0.00234,01/01/2025,31/12/2025,UK DESNZ activity-based conversion factors 2025
2025,14_303_3101_9_1,Activity,Scope 3,UK electricity T&D for EVs,Vans,Class III (1.74 to 3.5 tonnes),Battery Electric Vehicle,UK electricity T&D for EVs Vans Class III (1.74 to 3.5 tonnes) Battery Electric Vehicle,miles,kg CO2e,0.01161,01/01/2025,31/12/2025,UK DESNZ activity-based conversion factors 2025
2025,14_303_3107_14_1,Activity,Scope 3,UK electricity T&D for EVs,Vans,Average (up to 3.5 tonnes),Plug-in Hybrid Electric Vehicle,UK electricity T&D for EVs Vans Average (up to 3.5 tonnes) Plug-in Hybrid Electric Vehicle,tonne.km,kg CO2e,0.00369,01/01/2025,31/12/2025,UK DESNZ activity-based conversion factors 2025
2025,14_303_3108_14_1,Activity,Scope 3,UK electricity T&D for EVs,Vans,Average (up to 3.5 tonnes),Battery Electric Vehicle,UK electricity T&D for EVs Vans Average (up to 3.5 tonnes) Battery Electric Vehicle,tonne.km,kg CO2e,0.02084,01/01/2025,31/12/2025,UK DESNZ activity-based conversion factors 2025
2025,14_303_3107_4_1,Activity,Scope 3,UK electricity T&D for EVs,Vans,Average (up to 3.5 tonnes),Plug-in Hybrid Electric Vehicle,UK electricity T&D for EVs Vans Average (up to 3.5 tonnes) Plug-in Hybrid Electric Vehicle,km,kg CO2e,0.00146,01/01/2025,31/12/2025,UK DESNZ activity-based conversion factors 2025
2025,14_303_3108_4_1,Activity,Scope 3,UK electricity T&D for EVs,Vans,Average (up to 3.5 tonnes),Battery Electric Vehicle,UK electricity T&D for EVs Vans Average (up to 3.5 tonnes) Battery Electric Vehicle,km,kg CO2e,0.00662,01/01/2025,31/12/2025,UK DESNZ activity-based conversion factors 2025
2025,14_303_3107_9_1,Activity,Scope 3,UK electricity T&D for EVs,Vans,Average (up to 3.5 tonnes),Plug-in Hybrid Electric Vehicle,UK electricity T&D for EVs Vans Average (up to 3.5 tonnes) Plug-in Hybrid Electric Vehicle,miles,kg CO2e,0.00234,01/01/2025,31/12/2025,UK DESNZ activity-based conversion factors 2025
2025,14_303_3108_9_1,Activity,Scope 3,UK electricity T&D for EVs,Vans,Average (up to 3.5 tonnes),Battery Electric Vehicle,UK electricity T&D for EVs Vans Average (up to 3.5 tonnes) Battery Electric Vehicle,miles,kg CO2e,0.01066,01/01/2025,31/12/2025,UK DESNZ activity-based conversion factors 2025
2025,15_917_4000_5_1,Activity,Scope 3,WTT- UK electricity,WTT- UK electricity (generation),Electricity: UK,kWh,WTT- UK electricity WTT- UK electricity (generation) Electricity: UK kWh,kWh,kg CO2e,0.0459,01/01/2025,31/12/2025,UK DESNZ activity-based conversion factors 2025
2025,15_918_4000_5_1,Activity,Scope 3,WTT- UK electricity,WTT- UK electricity (T&D),Electricity: UK,kWh,WTT- UK electricity WTT- UK electricity (T&D) Electricity: UK kWh,kWh,kg CO2e,0.00397,01/01/2025,31/12/2025,UK DESNZ activity-based conversion factors 2025
2025,16_919_4002_5_1,Activity,Scope 3,WTT- heat and steam,WTT- heat and steam,Onsite heat and steam,kWh,WTT- heat and steam WTT- heat and steam Onsite heat and steam kWh,kWh,kg CO2e,0.03341,01/01/2025,31/12/2025,UK DESNZ activity-based conversion factors 2025
2025,16_919_4003_5_1,Activity,Scope 3,WTT- heat and steam,WTT- heat and steam,District heat and steam,kWh,WTT- heat and steam WTT- heat and steam District heat and steam kWh,kWh,kg CO2e,0.03341,01/01/2025,31/12/2025,UK DESNZ activity-based conversion factors 2025
2025,16_920_4004_5_1,Activity,Scope 3,WTT- heat and steam,WTT- district heat & steam distribution,5% loss,kWh,WTT- heat and steam WTT- district heat & steam distribution 5% loss kWh,kWh,kg CO2e,0.00176,01/01/2025,31/12/2025,UK DESNZ activity-based conversion factors 2025
2025,17_404_4005_1_1,Activity,Scope 3,Water supply,Water supply,Water supply,,Water supply Water supply Water supply ,cubic metres,kg CO2e,0.1913,01/01/2025,31/12/2025,UK DESNZ activity-based conversion factors 2025
2025,17_404_4005_10_1,Activity,Scope 3,Water supply,Water supply,Water supply,,Water supply Water supply Water supply ,million litres,kg CO2e,191.30156,01/01/2025,31/12/2025,UK DESNZ activity-based conversion factors 2025
2025,18_405_4006_1_1,Activity,Scope 3,Water treatment,Water treatment,Water treatment,,Water treatment Water treatment Water treatment ,cubic metres,kg CO2e,0.17088,01/01/2025,31/12/2025,UK DESNZ activity-based conversion factors 2025
2025,18_405_4006_10_1,Activity,Scope 3,Water treatment,Water treatment,Water treatment,,Water treatment Water treatment Water treatment ,million litres,kg CO2e,170.87549,01/01/2025,31/12/2025,UK DESNZ activity-based conversion factors 2025
2025,19_500_5000_15_1,Activity,Scope 3,Material use,Construction,Aggregates,Primary material production,Material use Construction Aggregates Primary material production,tonnes,kg CO2e,7.79306,01/01/2025,31/12/2025,UK DESNZ activity-based conversion factors 2025
2025,19_500_5001_15_1,Activity,Scope 3,Material use,Construction,Aggregates,Re-used,Material use Construction Aggregates Re-used,tonnes,kg CO2e,2.21,01/01/2025,31/12/2025,UK DESNZ activity-based conversion factors 2025
2025,19_500_5003_15_1,Activity,Scope 3,Material use,Construction,Aggregates,Closed-loop source,Material use Construction Aggregates Closed-loop source,tonnes,kg CO2e,3.21835,01/01/2025,31/12/2025,UK DESNZ activity-based conversion factors 2025
2025,19_500_5004_15_1,Activity,Scope 3,Material use,Construction,Average construction,Primary material production,Material use Construction Average construction Primary material production,tonnes,kg CO2e,75.00675,01/01/2025,31/12/2025,UK DESNZ activity-based conversion factors 2025
2025,19_500_5008_15_1,Activity,Scope 3,Material use,Construction,Asbestos,Primary material production,Material use Construction Asbestos Primary material production,tonnes,kg CO2e,27,01/01/2025,31/12/2025,UK DESNZ activity-based conversion factors 2025
2025,19_500_5012_15_1,Activity,Scope 3,Material use,Construction,Asphalt,Primary material production,Material use Construction Asphalt Primary material production,tonnes,kg CO2e,39.21249,01/01/2025,31/12/2025,UK DESNZ activity-based conversion factors 2025
2025,19_500_5013_15_1,Activity,Scope 3,Material use,Construction,Asphalt,Re-used,Material use Construction Asphalt Re-used,tonnes,kg CO2e,1.73826,01/01/2025,31/12/2025,UK DESNZ activity-based conversion factors 2025
2025,19_500_5015_15_1,Activity,Scope 3,Material use,Construction,Asphalt,Closed-loop source,Material use Construction Asphalt Closed-loop source,tonnes,kg CO2e,28.67835,01/01/2025,31/12/2025,UK DESNZ activity-based conversion factors 2025
2025,19_500_5016_15_1,Activity,Scope 3,Material use,Construction,Bricks,Primary material production,Material use Construction Bricks Primary material production,tonnes,kg CO2e,241.79306,01/01/2025,31/12/2025,UK DESNZ activity-based conversion factors 2025
2025,19_500_5020_15_1,Activity,Scope 3,Material use,Construction,Concrete,Primary material production,Material use Construction Concrete Primary material production,tonnes,kg CO2e,118.79306,01/01/2025,31/12/2025,UK DESNZ activity-based conversion factors 2025
2025,19_500_5023_15_1,Activity,Scope 3,Material use,Construction,Concrete,Closed-loop source,Material use Construction Concrete Closed-loop source,tonnes,kg CO2e,3.21835,01/01/2025,31/12/2025,UK DESNZ activity-based conversion factors 2025
2025,19_500_5024_15_1,Activity,Scope 3,Material use,Construction,Insulation,Primary material production,Material use Construction Insulation Primary material production,tonnes,kg CO2e,1861.79306,01/01/2025,31/12/2025,UK DESNZ activity-based conversion factors 2025
2025,19_500_5027_15_1,Activity,Scope 3,Material use,Construction,Insulation,Closed-loop source,Material use Construction Insulation Closed-loop source,tonnes,kg CO2e,1852.12293,01/01/2025,31/12/2025,UK DESNZ activity-based conversion factors 2025
2025,19_500_5028_15_1,Activity,Scope 3,Material use,Construction,Metals,Primary material production,Material use Construction Metals Primary material production,tonnes,kg CO2e,3824.09335,01/01/2025,31/12/2025,UK DESNZ activity-based conversion factors 2025
2025,19_500_5031_15_1,Activity,Scope 3,Material use,Construction,Metals,Closed-loop source,Material use Construction Metals Closed-loop source,tonnes,kg CO2e,1638.74406,01/01/2025,31/12/2025,UK DESNZ activity-based conversion factors 2025
2025,19_500_5035_15_1,Activity,Scope 3,Material use,Construction,Soils,Closed-loop source,Material use Construction Soils Closed-loop source,tonnes,kg CO2e,1.00835,01/01/2025,31/12/2025,UK DESNZ activity-based conversion factors 2025
2025,19_500_5036_15_1,Activity,Scope 3,Material use,Construction,Mineral oil,Primary material production,Material use Construction Mineral oil Primary material production,tonnes,kg CO2e,1401,01/01/2025,31/12/2025,UK DESNZ activity-based conversion factors 2025
2025,19_500_5039_15_1,Activity,Scope 3,Material use,Construction,Mineral oil,Closed-loop source,Material use Construction Mineral oil Closed-loop source,tonnes,kg CO2e,676,01/01/2025,31/12/2025,UK DESNZ activity-based conversion factors 2025
2025,19_500_5040_15_1,Activity,Scope 3,Material use,Construction,Plasterboard,Primary material production,Material use Construction Plasterboard Primary material production,tonnes,kg CO2e,120.05,01/01/2025,31/12/2025,UK DESNZ activity-based conversion factors 2025
2025,19_500_5043_15_1,Activity,Scope 3,Material use,Construction,Plasterboard,Closed-loop source,Material use Construction Plasterboard Closed-loop source,tonnes,kg CO2e,32.17,01/01/2025,31/12/2025,UK DESNZ activity-based conversion factors 2025
2025,19_500_5044_15_1,Activity,Scope 3,Material use,Construction,Tyres,Primary material production,Material use Construction Tyres Primary material production,tonnes,kg CO2e,3335.5719,01/01/2025,31/12/2025,UK DESNZ activity-based conversion factors 2025
2025,19_500_5045_15_1,Activity,Scope 3,Material use,Construction,Tyres,Re-used,Material use Construction Tyres Re-used,tonnes,kg CO2e,731.21789,01/01/2025,31/12/2025,UK DESNZ activity-based conversion factors 2025
2025,19_500_5048_15_1,Activity,Scope 3,Material use,Construction,Wood,Primary material production,Material use Construction Wood Primary material production,tonnes,kg CO2e,269.50416,01/01/2025,31/12/2025,UK DESNZ activity-based conversion factors 2025
2025,19_500_5049_15_1,Activity,Scope 3,Material use,Construction,Wood,Re-used,Material use Construction Wood Re-used,tonnes,kg CO2e,38.54288,01/01/2025,31/12/2025,UK DESNZ activity-based conversion factors 2025
2025,19_501_5056_15_1,Activity,Scope 3,Material use,Other,Glass,Primary material production,Material use Other Glass Primary material production,tonnes,kg CO2e,1402.76667,01/01/2025,31/12/2025,UK DESNZ activity-based conversion factors 2025
2025,19_501_5059_15_1,Activity,Scope 3,Material use,Other,Glass,Closed-loop source,Material use Other Glass Closed-loop source,tonnes,kg CO2e,823.18954,01/01/2025,31/12/2025,UK DESNZ activity-based conversion factors 2025
2025,19_501_5060_15_1,Activity,Scope 3,Material use,Other,Clothing,Primary material production,Material use Other Clothing Primary material production,tonnes,kg CO2e,22310,01/01/2025,31/12/2025,UK DESNZ activity-based conversion factors 2025
2025,19_501_5061_15_1,Activity,Scope 3,Material use,Other,Clothing,Re-used,Material use Other Clothing Re-used,tonnes,kg CO2e,152.25,01/01/2025,31/12/2025,UK DESNZ activity-based conversion factors 2025
2025,19_501_5064_15_1,Activity,Scope 3,Material use,Other,Food and drink,Primary material production,Material use Other Food and drink Primary material production,tonnes,kg CO2e,3701.40359,01/01/2025,31/12/2025,UK DESNZ activity-based conversion factors 2025
2025,19_502_5068_15_1,Activity,Scope 3,Material use,Organic,Compost derived from garden waste,Primary material production,Material use Organic Compost derived from garden waste Primary material production,tonnes,kg CO2e,112.08811,01/01/2025,31/12/2025,UK DESNZ activity-based conversion factors 2025
2025,19_502_5072_15_1,Activity,Scope 3,Material use,Organic,Compost derived from food and garden waste,Primary material production,Material use Organic Compost derived from food and garden waste Primary material production,tonnes,kg CO2e,114.90473,01/01/2025,31/12/2025,UK DESNZ activity-based conversion factors 2025
2025,19_503_5076_15_1,Activity,Scope 3,Material use,Electrical items,Electrical items - fridges and freezers,Primary material production,Material use Electrical items Electrical items - fridges and freezers Primary material production,tonnes,kg CO2e,4363.33333,01/01/2025,31/12/2025,UK DESNZ activity-based conversion factors 2025
2025,19_503_5080_15_1,Activity,Scope 3,Material use,Electrical items,Electrical items - large,Primary material production,Material use Electrical items Electrical items - large Primary material production,tonnes,kg CO2e,3267,01/01/2025,31/12/2025,UK DESNZ activity-based conversion factors 2025
2025,19_503_5084_15_1,Activity,Scope 3,Material use,Electrical items,Electrical items - IT,Primary material production,Material use Electrical items Electrical items - IT Primary material production,tonnes,kg CO2e,24865.47556,01/01/2025,31/12/2025,UK DESNZ activity-based conversion factors 2025
2025,19_503_5088_15_1,Activity,Scope 3,Material use,Electrical items,Electrical items - small,Primary material production,Material use Electrical items Electrical items - small Primary material production,tonnes,kg CO2e,5647.94563,01/01/2025,31/12/2025,UK DESNZ activity-based conversion factors 2025
2025,19_503_5092_15_1,Activity,Scope 3,Material use,Electrical items,Batteries - Alkaline,Primary material production,Material use Electrical items Batteries - Alkaline Primary material production,tonnes,kg CO2e,4633.47826,01/01/2025,31/12/2025,UK DESNZ activity-based conversion factors 2025
2025,19_503_5096_15_1,Activity,Scope 3,Material use,Electrical items,Batteries - Li ion,Primary material production,Material use Electrical items Batteries - Li ion Primary material production,tonnes,kg CO2e,6308,01/01/2025,31/12/2025,UK DESNZ activity-based conversion factors 2025
2025,19_503_5100_15_1,Activity,Scope 3,Material use,Electrical items,Batteries - NiMh,Primary material production,Material use Electrical items Batteries - NiMh Primary material production,tonnes,kg CO2e,28380,01/01/2025,31/12/2025,UK DESNZ activity-based conversion factors 2025
2025,19_504_5104_15_1,Activity,Scope 3,Material use,Metal,Metal: aluminium cans and foil (excl. forming),Primary material production,Material use Metal Metal: aluminium cans and foil (excl. forming) Primary material production,tonnes,kg CO2e,9115.90131,01/01/2025,31/12/2025,UK DESNZ activity-based conversion factors 2025
2025,19_504_5107_15_1,Activity,Scope 3,Material use,Metal,Metal: aluminium cans and foil (excl. forming),Closed-loop source,Material use Metal Metal: aluminium cans and foil (excl. forming) Closed-loop source,tonnes,kg CO2e,995.0779,01/01/2025,31/12/2025,UK DESNZ activity-based conversion factors 2025
2025,19_504_5108_15_1,Activity,Scope 3,Material use,Metal,Metal: mixed cans,Primary material production,Material use Metal Metal: mixed cans Primary material production,tonnes,kg CO2e,5114.62131,01/01/2025,31/12/2025,UK DESNZ activity-based conversion factors 2025
2025,19_504_5111_15_1,Activity,Scope 3,Material use,Metal,Metal: mixed cans,Closed-loop source,Material use Metal Metal: mixed cans Closed-loop source,tonnes,kg CO2e,1525.52488,01/01/2025,31/12/2025,UK DESNZ activity-based conversion factors 2025
2025,19_504_5112_15_1,Activity,Scope 3,Material use,Metal,Metal: scrap metal,Primary material production,Material use Metal Metal: scrap metal Primary material production,tonnes,kg CO2e,3473.11953,01/01/2025,31/12/2025,UK DESNZ activity-based conversion factors 2025
2025,19_504_5115_15_1,Activity,Scope 3,Material use,Metal,Metal: scrap metal,Closed-loop source,Material use Metal Metal: scrap metal Closed-loop source,tonnes,kg CO2e,1706.42359,01/01/2025,31/12/2025,UK DESNZ activity-based conversion factors 2025
2025,19_504_5116_15_1,Activity,Scope 3,Material use,Metal,Metal: steel cans,Primary material production,Material use Metal Metal: steel cans Primary material production,tonnes,kg CO2e,2863.90131,01/01/2025,31/12/2025,UK DESNZ activity-based conversion factors 2025
2025,19_504_5119_15_1,Activity,Scope 3,Material use,Metal,Metal: steel cans,Closed-loop source,Material use Metal Metal: steel cans Closed-loop source,tonnes,kg CO2e,1823.90131,01/01/2025,31/12/2025,UK DESNZ activity-based conversion factors 2025
2025,19_505_5120_15_1,Activity,Scope 3,Material use,Plastic,Plastics: average plastics,Primary material production,Material use Plastic Plastics: average plastics Primary material production,tonnes,kg CO2e,3172.49932,01/01/2025,31/12/2025,UK DESNZ activity-based conversion factors 2025
2025,19_505_5123_15_1,Activity,Scope 3,Material use,Plastic,Plastics: average plastics,Closed-loop source,Material use Plastic Plastics: average plastics Closed-loop source,tonnes,kg CO2e,1575.39106,01/01/2025,31/12/2025,UK DESNZ activity-based conversion factors 2025
2025,19_505_5124_15_1,Activity,Scope 3,Material use,Plastic,Plastics: average plastic film,Primary material production,Material use Plastic Plastics: average plastic film Primary material production,tonnes,kg CO2e,2916.50513,01/01/2025,31/12/2025,UK DESNZ activity-based conversion factors 2025
2025,19_505_5127_15_1,Activity,Scope 3,Material use,Plastic,Plastics: average plastic film,Closed-loop source,Material use Plastic Plastics: average plastic film Closed-loop source,tonnes,kg CO2e,1103.56537,01/01/2025,31/12/2025,UK DESNZ activity-based conversion factors 2025
2025,19_505_5128_15_1,Activity,Scope 3,Material use,Plastic,Plastics: average plastic rigid,Primary material production,Material use Plastic Plastics: average plastic rigid Primary material production,tonnes,kg CO2e,3354.28062,01/01/2025,31/12/2025,UK DESNZ activity-based conversion factors 2025
2025,19_505_5131_15_1,Activity,Scope 3,Material use,Plastic,Plastics: average plastic rigid,Closed-loop source,Material use Plastic Plastics: average plastic rigid Closed-loop source,tonnes,kg CO2e,1915.72549,01/01/2025,31/12/2025,UK DESNZ activity-based conversion factors 2025
2025,19_505_5132_15_1,Activity,Scope 3,Material use,Plastic,Plastics: HDPE (incl. forming),Primary material production,Material use Plastic Plastics: HDPE (incl. forming) Primary material production,tonnes,kg CO2e,3095.15524,01/01/2025,31/12/2025,UK DESNZ activity-based conversion factors 2025
2025,19_505_5135_15_1,Activity,Scope 3,Material use,Plastic,Plastics: HDPE (incl. forming),Closed-loop source,Material use Plastic Plastics: HDPE (incl. forming) Closed-loop source,tonnes,kg CO2e,1770.79099,01/01/2025,31/12/2025,UK DESNZ activity-based conversion factors 2025
2025,19_505_5136_15_1,Activity,Scope 3,Material use,Plastic,Plastics: LDPE and LLDPE (incl. forming),Primary material production,Material use Plastic Plastics: LDPE and LLDPE (incl. forming) Primary material production,tonnes,kg CO2e,2965.0779,01/01/2025,31/12/2025,UK DESNZ activity-based conversion factors 2025
2025,19_505_5139_15_1,Activity,Scope 3,Material use,Plastic,Plastics: LDPE and LLDPE (incl. forming),Closed-loop source,Material use Plastic Plastics: LDPE and LLDPE (incl. forming) Closed-loop source,tonnes,kg CO2e,1097.90131,01/01/2025,31/12/2025,UK DESNZ activity-based conversion factors 2025
2025,19_505_5140_15_1,Activity,Scope 3,Material use,Plastic,Plastics: PET (incl. forming),Primary material production,Material use Plastic Plastics: PET (incl. forming) Primary material production,tonnes,kg CO2e,3863.90131,01/01/2025,31/12/2025,UK DESNZ activity-based conversion factors 2025
2025,19_505_5143_15_1,Activity,Scope 3,Material use,Plastic,Plastics: PET (incl. forming),Closed-loop source,Material use Plastic Plastics: PET (incl. forming) Closed-loop source,tonnes,kg CO2e,2213.90131,01/01/2025,31/12/2025,UK DESNZ activity-based conversion factors 2025
2025,19_505_5144_15_1,Activity,Scope 3,Material use,Plastic,Plastics: PP (incl. forming),Primary material production,Material use Plastic Plastics: PP (incl. forming) Primary material production,tonnes,kg CO2e,2577.57172,01/01/2025,31/12/2025,UK DESNZ activity-based conversion factors 2025
2025,19_505_5147_15_1,Activity,Scope 3,Material use,Plastic,Plastics: PP (incl. forming),Closed-loop source,Material use Plastic Plastics: PP (incl. forming) Closed-loop source,tonnes,kg CO2e,1312.57172,01/01/2025,31/12/2025,UK DESNZ activity-based conversion factors 2025
2025,19_505_5148_15_1,Activity,Scope 3,Material use,Plastic,Plastics: PS (incl. forming),Primary material production,Material use Plastic Plastics: PS (incl. forming) Primary material production,tonnes,kg CO2e,4376.80391,01/01/2025,31/12/2025,UK DESNZ activity-based conversion factors 2025
2025,19_505_5151_15_1,Activity,Scope 3,Material use,Plastic,Plastics: PS (incl. forming),Closed-loop source,Material use Plastic Plastics: PS (incl. forming) Closed-loop source,tonnes,kg CO2e,2669.76255,01/01/2025,31/12/2025,UK DESNZ activity-based conversion factors 2025
2025,19_505_5152_15_1,Activity,Scope 3,Material use,Plastic,Plastics: PVC (incl. forming),Primary material production,Material use Plastic Plastics: PVC (incl. forming) Primary material production,tonnes,kg CO2e,2944.75615,01/01/2025,31/12/2025,UK DESNZ activity-based conversion factors 2025
2025,19_505_5155_15_1,Activity,Scope 3,Material use,Plastic,Plastics: PVC (incl. forming),Closed-loop source,Material use Plastic Plastics: PVC (incl. forming) Closed-loop source,tonnes,kg CO2e,1847.82267,01/01/2025,31/12/2025,UK DESNZ activity-based conversion factors 2025
2025,19_506_5156_15_1,Activity,Scope 3,Material use,Paper,Paper and board: board,Primary material production,Material use Paper Paper and board: board Primary material production,tonnes,kg CO2e,1199.72542,01/01/2025,31/12/2025,UK DESNZ activity-based conversion factors 2025
2025,19_506_5159_15_1,Activity,Scope 3,Material use,Paper,Paper and board: board,Closed-loop source,Material use Paper Paper and board: board Closed-loop source,tonnes,kg CO2e,1098.11442,01/01/2025,31/12/2025,UK DESNZ activity-based conversion factors 2025
2025,19_506_5160_15_1,Activity,Scope 3,Material use,Paper,Paper and board: mixed,Primary material production,Material use Paper Paper and board: mixed Primary material production,tonnes,kg CO2e,1288.50358,01/01/2025,31/12/2025,UK DESNZ activity-based conversion factors 2025
2025,19_506_5163_15_1,Activity,Scope 3,Material use,Paper,Paper and board: mixed,Closed-loop source,Material use Paper Paper and board: mixed Closed-loop source,tonnes,kg CO2e,1068.77475,01/01/2025,31/12/2025,UK DESNZ activity-based conversion factors 2025
2025,19_506_5164_15_1,Activity,Scope 3,Material use,Paper,Paper and board: paper,Primary material production,Material use Paper Paper and board: paper Primary material production,tonnes,kg CO2e,1345.0779,01/01/2025,31/12/2025,UK DESNZ activity-based conversion factors 2025
2025,19_506_5167_15_1,Activity,Scope 3,Material use,Paper,Paper and board: paper,Closed-loop source,Material use Paper Paper and board: paper Closed-loop source,tonnes,kg CO2e,1050.0779,01/01/2025,31/12/2025,UK DESNZ activity-based conversion factors 2025
2025,20_500_5169_15_1,Activity,Scope 3,Waste disposal,Construction,Aggregates,Open-loop,Waste disposal Construction Aggregates Open-loop,tonnes,kg CO2e,1.00835,01/01/2025,31/12/2025,UK DESNZ activity-based conversion factors 2025
2025,20_500_5170_15_1,Activity,Scope 3,Waste disposal,Construction,Aggregates,Closed-loop,Waste disposal Construction Aggregates Closed-loop,tonnes,kg CO2e,1.00835,01/01/2025,31/12/2025,UK DESNZ activity-based conversion factors 2025
2025,20_500_5173_15_1,Activity,Scope 3,Waste disposal,Construction,Aggregates,Landfill,Waste disposal Construction Aggregates Landfill,tonnes,kg CO2e,1.26338,01/01/2025,31/12/2025,UK DESNZ activity-based conversion factors 2025
2025,20_500_5176_15_1,Activity,Scope 3,Waste disposal,Construction,Average construction,Open-loop,Waste disposal Construction Average construction Open-loop,tonnes,kg CO2e,1.00835,01/01/2025,31/12/2025,UK DESNZ activity-based conversion factors 2025
2025,20_500_5177_15_1,Activity,Scope 3,Waste disposal,Construction,Average construction,Closed-loop,Waste disposal Construction Average construction Closed-loop,tonnes,kg CO2e,1.00835,01/01/2025,31/12/2025,UK DESNZ activity-based conversion factors 2025
2025,20_500_5178_15_1,Activity,Scope 3,Waste disposal,Construction,Average construction,Incineration with Energy Recovery,Waste disposal Construction Average construction Incineration with Energy Recovery,tonnes,kg CO2e,4.68568,01/01/2025,31/12/2025,UK DESNZ activity-based conversion factors 2025
2025,20_500_5187_15_1,Activity,Scope 3,Waste disposal,Construction,Asbestos,Landfill,Waste disposal Construction Asbestos Landfill,tonnes,kg CO2e,5.9416,01/01/2025,31/12/2025,UK DESNZ activity-based conversion factors 2025
2025,20_500_5190_15_1,Activity,Scope 3,Waste disposal,Construction,Asphalt,Open-loop,Waste disposal Construction Asphalt Open-loop,tonnes,kg CO2e,1.00835,01/01/2025,31/12/2025,UK DESNZ activity-based conversion factors 2025
2025,20_500_5191_15_1,Activity,Scope 3,Waste disposal,Construction,Asphalt,Closed-loop,Waste disposal Construction Asphalt Closed-loop,tonnes,kg CO2e,1.00835,01/01/2025,31/12/2025,UK DESNZ activity-based conversion factors 2025
2025,20_500_5194_15_1,Activity,Scope 3,Waste disposal,Construction,Asphalt,Landfill,Waste disposal Construction Asphalt Landfill,tonnes,kg CO2e,1.26338,01/01/2025,31/12/2025,UK DESNZ activity-based conversion factors 2025
2025,20_500_5197_15_1,Activity,Scope 3,Waste disposal,Construction,Bricks,Open-loop,Waste disposal Construction Bricks Open-loop,tonnes,kg CO2e,1.00835,01/01/2025,31/12/2025,UK DESNZ activity-based conversion factors 2025
2025,20_500_5201_15_1,Activity,Scope 3,Waste disposal,Construction,Bricks,Landfill,Waste disposal Construction Bricks Landfill,tonnes,kg CO2e,1.26338,01/01/2025,31/12/2025,UK DESNZ activity-based conversion factors 2025
2025,20_500_5204_15_1,Activity,Scope 3,Waste disposal,Construction,Concrete,Open-loop,Waste disposal Construction Concrete Open-loop,tonnes,kg CO2e,1.00835,01/01/2025,31/12/2025,UK DESNZ activity-based conversion factors 2025
2025,20_500_5205_15_1,Activity,Scope 3,Waste disposal,Construction,Concrete,Closed-loop,Waste disposal Construction Concrete Closed-loop,tonnes,kg CO2e,1.00835,01/01/2025,31/12/2025,UK DESNZ activity-based conversion factors 2025
2025,20_500_5208_15_1,Activity,Scope 3,Waste disposal,Construction,Concrete,Landfill,Waste disposal Construction Concrete Landfill,tonnes,kg CO2e,1.26338,01/01/2025,31/12/2025,UK DESNZ activity-based conversion factors 2025
2025,20_500_5212_15_1,Activity,Scope 3,Waste disposal,Construction,Insulation,Closed-loop,Waste disposal Construction Insulation Closed-loop,tonnes,kg CO2e,1.00835,01/01/2025,31/12/2025,UK DESNZ activity-based conversion factors 2025
2025,20_500_5215_15_1,Activity,Scope 3,Waste disposal,Construction,Insulation,Landfill,Waste disposal Construction Insulation Landfill,tonnes,kg CO2e,1.26338,01/01/2025,31/12/2025,UK DESNZ activity-based conversion factors 2025
2025,20_500_5219_15_1,Activity,Scope 3,Waste disposal,Construction,Metals,Closed-loop,Waste disposal Construction Metals Closed-loop,tonnes,kg CO2e,1.00835,01/01/2025,31/12/2025,UK DESNZ activity-based conversion factors 2025
2025,20_500_5222_15_1,Activity,Scope 3,Waste disposal,Construction,Metals,Landfill,Waste disposal Construction Metals Landfill,tonnes,kg CO2e,1.26435,01/01/2025,31/12/2025,UK DESNZ activity-based conversion factors 2025
2025,20_500_5226_15_1,Activity,Scope 3,Waste disposal,Construction,Soils,Closed-loop,Waste disposal Construction Soils Closed-loop,tonnes,kg CO2e,1.00835,01/01/2025,31/12/2025,UK DESNZ activity-based conversion factors 2025
2025,20_500_5229_15_1,Activity,Scope 3,Waste disposal,Construction,Soils,Landfill,Waste disposal Construction Soils Landfill,tonnes,kg CO2e,19.54671,01/01/2025,31/12/2025,UK DESNZ activity-based conversion factors 2025
2025,20_500_5233_15_1,Activity,Scope 3,Waste disposal,Construction,Mineral oil,Closed-loop,Waste disposal Construction Mineral oil Closed-loop,tonnes,kg CO2e,4.68568,01/01/2025,31/12/2025,UK DESNZ activity-based conversion factors 2025
2025,20_500_5234_15_1,Activity,Scope 3,Waste disposal,Construction,Mineral oil,Incineration with Energy Recovery,Waste disposal Construction Mineral oil Incineration with Energy Recovery,tonnes,kg CO2e,4.68568,01/01/2025,31/12/2025,UK DESNZ activity-based conversion factors 2025
2025,20_500_5240_15_1,Activity,Scope 3,Waste disposal,Construction,Plasterboard,Closed-loop,Waste disposal Construction Plasterboard Closed-loop,tonnes,kg CO2e,4.68568,01/01/2025,31/12/2025,UK DESNZ activity-based conversion factors 2025
2025,20_500_5243_15_1,Activity,Scope 3,Waste disposal,Construction,Plasterboard,Landfill,Waste disposal Construction Plasterboard Landfill,tonnes,kg CO2e,71.95,01/01/2025,31/12/2025,UK DESNZ activity-based conversion factors 2025
2025,20_500_5247_15_1,Activity,Scope 3,Waste disposal,Construction,Tyres,Closed-loop,Waste disposal Construction Tyres Closed-loop,tonnes,kg CO2e,4.68568,01/01/2025,31/12/2025,UK DESNZ activity-based conversion factors 2025
2025,20_500_5254_15_1,Activity,Scope 3,Waste disposal,Construction,Wood,Closed-loop,Waste disposal Construction Wood Closed-loop,tonnes,kg CO2e,4.68568,01/01/2025,31/12/2025,UK DESNZ activity-based conversion factors 2025
2025,20_500_5255_15_1,Activity,Scope 3,Waste disposal,Construction,Wood,Incineration with Energy Recovery,Waste disposal Construction Wood Incineration with Energy Recovery,tonnes,kg CO2e,4.68568,01/01/2025,31/12/2025,UK DESNZ activity-based conversion factors 2025
2025,20_500_5256_15_1,Activity,Scope 3,Waste disposal,Construction,Wood,Composting,Waste disposal Construction Wood Composting,tonnes,kg CO2e,8.98311,01/01/2025,31/12/2025,UK DESNZ activity-based conversion factors 2025
2025,20_500_5257_15_1,Activity,Scope 3,Waste disposal,Construction,Wood,Landfill,Waste disposal Construction Wood Landfill,tonnes,kg CO2e,925.34348,01/01/2025,31/12/2025,UK DESNZ activity-based conversion factors 2025
2025,20_501_5261_15_1,Activity,Scope 3,Waste disposal,Other,Books,Closed-loop,Waste disposal Other Books Closed-loop,tonnes,kg CO2e,4.68568,01/01/2025,31/12/2025,UK DESNZ activity-based conversion factors 2025
2025,20_501_5262_15_1,Activity,Scope 3,Waste disposal,Other,Books,Incineration with Energy Recovery,Waste disposal Other Books Incineration with Energy Recovery,tonnes,kg CO2e,4.68568,01/01/2025,31/12/2025,UK DESNZ activity-based conversion factors 2025
2025,20_501_5263_15_1,Activity,Scope 3,Waste disposal,Other,Books,Composting,Waste disposal Other Books Composting,tonnes,kg CO2e,8.98311,01/01/2025,31/12/2025,UK DESNZ activity-based conversion factors 2025
2025,20_501_5264_15_1,Activity,Scope 3,Waste disposal,Other,Books,Landfill,Waste disposal Other Books Landfill,tonnes,kg CO2e,1164.4894,01/01/2025,31/12/2025,UK DESNZ activity-based conversion factors 2025
2025,20_501_5267_15_1,Activity,Scope 3,Waste disposal,Other,Glass,Open-loop,Waste disposal Other Glass Open-loop,tonnes,kg CO2e,4.68568,01/01/2025,31/12/2025,UK DESNZ activity-based conversion factors 2025
2025,20_501_5268_15_1,Activity,Scope 3,Waste disposal,Other,Glass,Closed-loop,Waste disposal Other Glass Closed-loop,tonnes,kg CO2e,4.68568,01/01/2025,31/12/2025,UK DESNZ activity-based conversion factors 2025
2025,20_501_5269_15_1,Activity,Scope 3,Waste disposal,Other,Glass,Incineration with Energy Recovery,Waste disposal Other Glass Incineration with Energy Recovery,tonnes,kg CO2e,4.68568,01/01/2025,31/12/2025,UK DESNZ activity-based conversion factors 2025
2025,20_501_5271_15_1,Activity,Scope 3,Waste disposal,Other,Glass,Landfill,Waste disposal Other Glass Landfill,tonnes,kg CO2e,8.98311,01/01/2025,31/12/2025,UK DESNZ activity-based conversion factors 2025
2025,20_501_5275_15_1,Activity,Scope 3,Waste disposal,Other,Clothing,Closed-loop,Waste disposal Other Clothing Closed-loop,tonnes,kg CO2e,4.68568,01/01/2025,31/12/2025,UK DESNZ activity-based conversion factors 2025
2025,20_501_5276_15_1,Activity,Scope 3,Waste disposal,Other,Clothing,Incineration with Energy Recovery,Waste disposal Other Clothing Incineration with Energy Recovery,tonnes,kg CO2e,4.68568,01/01/2025,31/12/2025,UK DESNZ activity-based conversion factors 2025
2025,20_501_5278_15_1,Activity,Scope 3,Waste disposal,Other,Clothing,Landfill,Waste disposal Other Clothing Landfill,tonnes,kg CO2e,496.78228,01/01/2025,31/12/2025,UK DESNZ activity-based conversion factors 2025
2025,20_507_5283_15_1,Activity,Scope 3,Waste disposal,Refuse,Household residual waste,Incineration with Energy Recovery,Waste disposal Refuse Household residual waste Incineration with Energy Recovery,tonnes,kg CO2e,4.68568,01/01/2025,31/12/2025,UK DESNZ activity-based conversion factors 2025
2025,20_507_5285_15_1,Activity,Scope 3,Waste disposal,Refuse,Household residual waste,Landfill,Waste disposal Refuse Household residual waste Landfill,tonnes,kg CO2e,497.24244,01/01/2025,31/12/2025,UK DESNZ activity-based conversion factors 2025
2025,20_507_5290_15_1,Activity,Scope 3,Waste disposal,Refuse,Organic: food and drink waste,Incineration with Energy Recovery,Waste disposal Refuse Organic: food and drink waste Incineration with Energy Recovery,tonnes,kg CO2e,4.68568,01/01/2025,31/12/2025,UK DESNZ activity-based conversion factors 2025
2025,20_507_5291_15_1,Activity,Scope 3,Waste disposal,Refuse,Organic: food and drink waste,Composting,Waste disposal Refuse Organic: food and drink waste Composting,tonnes,kg CO2e,8.98311,01/01/2025,31/12/2025,UK DESNZ activity-based conversion factors 2025
2025,20_507_5292_15_1,Activity,Scope 3,Waste disposal,Refuse,Organic: food and drink waste,Landfill,Waste disposal Refuse Organic: food and drink waste Landfill,tonnes,kg CO2e,700.30886,01/01/2025,31/12/2025,UK DESNZ activity-based conversion factors 2025
2025,20_507_5293_15_1,Activity,Scope 3,Waste disposal,Refuse,Organic: food and drink waste,Anaerobic digestion,Waste disposal Refuse Organic: food and drink waste Anaerobic digestion,tonnes,kg CO2e,8.98311,01/01/2025,31/12/2025,UK DESNZ activity-based conversion factors 2025
2025,20_507_5297_15_1,Activity,Scope 3,Waste disposal,Refuse,Organic: garden waste,Incineration with Energy Recovery,Waste disposal Refuse Organic: garden waste Incineration with Energy Recovery,tonnes,kg CO2e,4.68568,01/01/2025,31/12/2025,UK DESNZ activity-based conversion factors 2025
2025,20_507_5298_15_1,Activity,Scope 3,Waste disposal,Refuse,Organic: garden waste,Composting,Waste disposal Refuse Organic: garden waste Composting,tonnes,kg CO2e,8.98311,01/01/2025,31/12/2025,UK DESNZ activity-based conversion factors 2025
2025,20_507_5299_15_1,Activity,Scope 3,Waste disposal,Refuse,Organic: garden waste,Landfill,Waste disposal Refuse Organic: garden waste Landfill,tonnes,kg CO2e,646.70557,01/01/2025,31/12/2025,UK DESNZ activity-based conversion factors 2025
2025,20_507_5300_15_1,Activity,Scope 3,Waste disposal,Refuse,Organic: garden waste,Anaerobic digestion,Waste disposal Refuse Organic: garden waste Anaerobic digestion,tonnes,kg CO2e,8.98311,01/01/2025,31/12/2025,UK DESNZ activity-based conversion factors 2025
2025,20_507_5304_15_1,Activity,Scope 3,Waste disposal,Refuse,Organic: mixed food and garden waste,Incineration with Energy Recovery,Waste disposal Refuse Organic: mixed food and garden waste Incineration with Energy Recovery,tonnes,kg CO2e,4.68568,01/01/2025,31/12/2025,UK DESNZ activity-based conversion factors 2025
2025,20_507_5305_15_1,Activity,Scope 3,Waste disposal,Refuse,Organic: mixed food and garden waste,Composting,Waste disposal Refuse Organic: mixed food and garden waste Composting,tonnes,kg CO2e,8.98311,01/01/2025,31/12/2025,UK DESNZ activity-based conversion factors 2025
2025,20_507_5306_15_1,Activity,Scope 3,Waste disposal,Refuse,Organic: mixed food and garden waste,Landfill,Waste disposal Refuse Organic: mixed food and garden waste Landfill,tonnes,kg CO2e,656.08614,01/01/2025,31/12/2025,UK DESNZ activity-based conversion factors 2025
2025,20_507_5307_15_1,Activity,Scope 3,Waste disposal,Refuse,Organic: mixed food and garden waste,Anaerobic digestion,Waste disposal Refuse Organic: mixed food and garden waste Anaerobic digestion,tonnes,kg CO2e,8.98311,01/01/2025,31/12/2025,UK DESNZ activity-based conversion factors 2025
2025,20_507_5311_15_1,Activity,Scope 3,Waste disposal,Refuse,Commercial and industrial waste,Incineration with Energy Recovery,Waste disposal Refuse Commercial and industrial waste Incineration with Energy Recovery,tonnes,kg CO2e,4.68568,01/01/2025,31/12/2025,UK DESNZ activity-based conversion factors 2025
2025,20_507_5313_15_1,Activity,Scope 3,Waste disposal,Refuse,Commercial and industrial waste,Landfill,Waste disposal Refuse Commercial and industrial waste Landfill,tonnes,kg CO2e,520.5327,01/01/2025,31/12/2025,UK DESNZ activity-based conversion factors 2025
2025,20_503_5316_15_1,Activity,Scope 3,Waste disposal,Electrical items,WEEE - fridges and freezers,Open-loop,Waste disposal Electrical items WEEE - fridges and freezers Open-loop,tonnes,kg CO2e,4.68568,01/01/2025,31/12/2025,UK DESNZ activity-based conversion factors 2025
2025,20_503_5320_15_1,Activity,Scope 3,Waste disposal,Electrical items,WEEE - fridges and freezers,Landfill,Waste disposal Electrical items WEEE - fridges and freezers Landfill,tonnes,kg CO2e,8.98311,01/01/2025,31/12/2025,UK DESNZ activity-based conversion factors 2025
2025,20_503_5323_15_1,Activity,Scope 3,Waste disposal,Electrical items,WEEE - large,Open-loop,Waste disposal Electrical items WEEE - large Open-loop,tonnes,kg CO2e,4.68568,01/01/2025,31/12/2025,UK DESNZ activity-based conversion factors 2025
2025,20_503_5325_15_1,Activity,Scope 3,Waste disposal,Electrical items,WEEE - large,Incineration with Energy Recovery,Waste disposal Electrical items WEEE - large Incineration with Energy Recovery,tonnes,kg CO2e,4.68568,01/01/2025,31/12/2025,UK DESNZ activity-based conversion factors 2025
2025,20_503_5327_15_1,Activity,Scope 3,Waste disposal,Electrical items,WEEE - large,Landfill,Waste disposal Electrical items WEEE - large Landfill,tonnes,kg CO2e,8.98311,01/01/2025,31/12/2025,UK DESNZ activity-based conversion factors 2025
2025,20_503_5330_15_1,Activity,Scope 3,Waste disposal,Electrical items,WEEE - mixed,Open-loop,Waste disposal Electrical items WEEE - mixed Open-loop,tonnes,kg CO2e,4.68568,01/01/2025,31/12/2025,UK DESNZ activity-based conversion factors 2025
2025,20_503_5332_15_1,Activity,Scope 3,Waste disposal,Electrical items,WEEE - mixed,Incineration with Energy Recovery,Waste disposal Electrical items WEEE - mixed Incineration with Energy Recovery,tonnes,kg CO2e,4.68568,01/01/2025,31/12/2025,UK DESNZ activity-based conversion factors 2025
2025,20_503_5334_15_1,Activity,Scope 3,Waste disposal,Electrical items,WEEE - mixed,Landfill,Waste disposal Electrical items WEEE - mixed Landfill,tonnes,kg CO2e,8.98311,01/01/2025,31/12/2025,UK DESNZ activity-based conversion factors 2025
2025,20_503_5337_15_1,Activity,Scope 3,Waste disposal,Electrical items,WEEE - small,Open-loop,Waste disposal Electrical items WEEE - small Open-loop,tonnes,kg CO2e,4.68568,01/01/2025,31/12/2025,UK DESNZ activity-based conversion factors 2025
2025,20_503_5339_15_1,Activity,Scope 3,Waste disposal,Electrical items,WEEE - small,Incineration with Energy Recovery,Waste disposal Electrical items WEEE - small Incineration with Energy Recovery,tonnes,kg CO2e,4.68568,01/01/2025,31/12/2025,UK DESNZ activity-based conversion factors 2025
2025,20_503_5341_15_1,Activity,Scope 3,Waste disposal,Electrical items,WEEE - small,Landfill,Waste disposal Electrical items WEEE - small Landfill,tonnes,kg CO2e,8.98311,01/01/2025,31/12/2025,UK DESNZ activity-based conversion factors 2025
2025,20_503_5344_15_1,Activity,Scope 3,Waste disposal,Electrical items,Batteries,Open-loop,Waste disposal Electrical items Batteries Open-loop,tonnes,kg CO2e,4.68568,01/01/2025,31/12/2025,UK DESNZ activity-based conversion factors 2025
2025,20_503_5348_15_1,Activity,Scope 3,Waste disposal,Electrical items,Batteries,Landfill,Waste disposal Electrical items Batteries Landfill,tonnes,kg CO2e,8.98311,01/01/2025,31/12/2025,UK DESNZ activity-based conversion factors 2025
2025,20_504_5351_15_1,Activity,Scope 3,Waste disposal,Metal,Metal: aluminium cans and foil (excl. forming),Open-loop,Waste disposal Metal Metal: aluminium cans and foil (excl. forming) Open-loop,tonnes,kg CO2e,4.68568,01/01/2025,31/12/2025,UK DESNZ activity-based conversion factors 2025
2025,20_504_5352_15_1,Activity,Scope 3,Waste disposal,Metal,Metal: aluminium cans and foil (excl. forming),Closed-loop,Waste disposal Metal Metal: aluminium cans and foil (excl. forming) Closed-loop,tonnes,kg CO2e,4.68568,01/01/2025,31/12/2025,UK DESNZ activity-based conversion factors 2025
2025,20_504_5353_15_1,Activity,Scope 3,Waste disposal,Metal,Metal: aluminium cans and foil (excl. forming),Incineration with Energy Recovery,Waste disposal Metal Metal: aluminium cans and foil (excl. forming) Incineration with Energy Recovery,tonnes,kg CO2e,4.68568,01/01/2025,31/12/2025,UK DESNZ activity-based conversion factors 2025
2025,20_504_5355_15_1,Activity,Scope 3,Waste disposal,Metal,Metal: aluminium cans and foil (excl. forming),Landfill,Waste disposal Metal Metal: aluminium cans and foil (excl. forming) Landfill,tonnes,kg CO2e,8.98311,01/01/2025,31/12/2025,UK DESNZ activity-based conversion factors 2025
2025,20_504_5358_15_1,Activity,Scope 3,Waste disposal,Metal,Metal: mixed cans,Open-loop,Waste disposal Metal Metal: mixed cans Open-loop,tonnes,kg CO2e,4.68568,01/01/2025,31/12/2025,UK DESNZ activity-based conversion factors 2025
2025,20_504_5359_15_1,Activity,Scope 3,Waste disposal,Metal,Metal: mixed cans,Closed-loop,Waste disposal Metal Metal: mixed cans Closed-loop,tonnes,kg CO2e,4.68568,01/01/2025,31/12/2025,UK DESNZ activity-based conversion factors 2025
2025,20_504_5360_15_1,Activity,Scope 3,Waste disposal,Metal,Metal: mixed cans,Incineration with Energy Recovery,Waste disposal Metal Metal: mixed cans Incineration with Energy Recovery,tonnes,kg CO2e,4.68568,01/01/2025,31/12/2025,UK DESNZ activity-based conversion factors 2025
2025,20_504_5362_15_1,Activity,Scope 3,Waste disposal,Metal,Metal: mixed cans,Landfill,Waste disposal Metal Metal: mixed cans Landfill,tonnes,kg CO2e,8.98311,01/01/2025,31/12/2025,UK DESNZ activity-based conversion factors 2025
2025,20_504_5365_15_1,Activity,Scope 3,Waste disposal,Metal,Metal: scrap metal,Open-loop,Waste disposal Metal Metal: scrap metal Open-loop,tonnes,kg CO2e,4.68568,01/01/2025,31/12/2025,UK DESNZ activity-based conversion factors 2025
2025,20_504_5366_15_1,Activity,Scope 3,Waste disposal,Metal,Metal: scrap metal,Closed-loop,Waste disposal Metal Metal: scrap metal Closed-loop,tonnes,kg CO2e,4.68568,01/01/2025,31/12/2025,UK DESNZ activity-based conversion factors 2025
2025,20_504_5367_15_1,Activity,Scope 3,Waste disposal,Metal,Metal: scrap metal,Incineration with Energy Recovery,Waste disposal Metal Metal: scrap metal Incineration with Energy Recovery,tonnes,kg CO2e,4.68568,01/01/2025,31/12/2025,UK DESNZ activity-based conversion factors 2025
2025,20_504_5369_15_1,Activity,Scope 3,Waste disposal,Metal,Metal: scrap metal,Landfill,Waste disposal Metal Metal: scrap metal Landfill,tonnes,kg CO2e,8.98311,01/01/2025,31/12/2025,UK DESNZ activity-based conversion factors 2025
2025,20_504_5372_15_1,Activity,Scope 3,Waste disposal,Metal,Metal: steel cans,Open-loop,Waste disposal Metal Metal: steel cans Open-loop,tonnes,kg CO2e,4.68568,01/01/2025,31/12/2025,UK DESNZ activity-based conversion factors 2025
2025,20_504_5373_15_1,Activity,Scope 3,Waste disposal,Metal,Metal: steel cans,Closed-loop,Waste disposal Metal Metal: steel cans Closed-loop,tonnes,kg CO2e,4.68568,01/01/2025,31/12/2025,UK DESNZ activity-based conversion factors 2025
2025,20_504_5374_15_1,Activity,Scope 3,Waste disposal,Metal,Metal: steel cans,Incineration with Energy Recovery,Waste disposal Metal Metal: steel cans Incineration with Energy Recovery,tonnes,kg CO2e,4.68568,01/01/2025,31/12/2025,UK DESNZ activity-based conversion factors 2025
2025,20_504_5376_15_1,Activity,Scope 3,Waste disposal,Metal,Metal: steel cans,Landfill,Waste disposal Metal Metal: steel cans Landfill,tonnes,kg CO2e,8.98311,01/01/2025,31/12/2025,UK DESNZ activity-based conversion factors 2025
2025,20_505_5379_15_1,Activity,Scope 3,Waste disposal,Plastic,Plastics: average plastics,Open-loop,Waste disposal Plastic Plastics: average plastics Open-loop,tonnes,kg CO2e,4.68568,01/01/2025,31/12/2025,UK DESNZ activity-based conversion factors 2025
2025,20_505_5380_15_1,Activity,Scope 3,Waste disposal,Plastic,Plastics: average plastics,Closed-loop,Waste disposal Plastic Plastics: average plastics Closed-loop,tonnes,kg CO2e,4.68568,01/01/2025,31/12/2025,UK DESNZ activity-based conversion factors 2025
2025,20_505_5381_15_1,Activity,Scope 3,Waste disposal,Plastic,Plastics: average plastics,Incineration with Energy Recovery,Waste disposal Plastic Plastics: average plastics Incineration with Energy Recovery,tonnes,kg CO2e,4.68568,01/01/2025,31/12/2025,UK DESNZ activity-based conversion factors 2025
2025,20_505_5383_15_1,Activity,Scope 3,Waste disposal,Plastic,Plastics: average plastics,Landfill,Waste disposal Plastic Plastics: average plastics Landfill,tonnes,kg CO2e,8.98311,01/01/2025,31/12/2025,UK DESNZ activity-based conversion factors 2025
2025,20_505_5386_15_1,Activity,Scope 3,Waste disposal,Plastic,Plastics: average plastic film,Open-loop,Waste disposal Plastic Plastics: average plastic film Open-loop,tonnes,kg CO2e,4.68568,01/01/2025,31/12/2025,UK DESNZ activity-based conversion factors 2025
2025,20_505_5387_15_1,Activity,Scope 3,Waste disposal,Plastic,Plastics: average plastic film,Closed-loop,Waste disposal Plastic Plastics: average plastic film Closed-loop,tonnes,kg CO2e,4.68568,01/01/2025,31/12/2025,UK DESNZ activity-based conversion factors 2025
2025,20_505_5388_15_1,Activity,Scope 3,Waste disposal,Plastic,Plastics: average plastic film,Incineration with Energy Recovery,Waste disposal Plastic Plastics: average plastic film Incineration with Energy Recovery,tonnes,kg CO2e,4.68568,01/01/2025,31/12/2025,UK DESNZ activity-based conversion factors 2025
2025,20_505_5390_15_1,Activity,Scope 3,Waste disposal,Plastic,Plastics: average plastic film,Landfill,Waste disposal Plastic Plastics: average plastic film Landfill,tonnes,kg CO2e,8.98311,01/01/2025,31/12/2025,UK DESNZ activity-based conversion factors 2025
2025,20_505_5393_15_1,Activity,Scope 3,Waste disposal,Plastic,Plastics: average plastic rigid,Open-loop,Waste disposal Plastic Plastics: average plastic rigid Open-loop,tonnes,kg CO2e,4.68568,01/01/2025,31/12/2025,UK DESNZ activity-based conversion factors 2025
2025,20_505_5394_15_1,Activity,Scope 3,Waste disposal,Plastic,Plastics: average plastic rigid,Closed-loop,Waste disposal Plastic Plastics: average plastic rigid Closed-loop,tonnes,kg CO2e,4.68568,01/01/2025,31/12/2025,UK DESNZ activity-based conversion factors 2025
2025,20_505_5395_15_1,Activity,Scope 3,Waste disposal,Plastic,Plastics: average plastic rigid,Incineration with Energy Recovery,Waste disposal Plastic Plastics: average plastic rigid Incineration with Energy Recovery,tonnes,kg CO2e,4.68568,01/01/2025,31/12/2025,UK DESNZ activity-based conversion factors 2025
2025,20_505_5397_15_1,Activity,Scope 3,Waste disposal,Plastic,Plastics: average plastic rigid,Landfill,Waste disposal Plastic Plastics: average plastic rigid Landfill,tonnes,kg CO2e,8.98311,01/01/2025,31/12/2025,UK DESNZ activity-based conversion factors 2025
2025,20_505_5400_15_1,Activity,Scope 3,Waste disposal,Plastic,Plastics: HDPE (incl. forming),Open-loop,Waste disposal Plastic Plastics: HDPE (incl. forming) Open-loop,tonnes,kg CO2e,4.68568,01/01/2025,31/12/2025,UK DESNZ activity-based conversion factors 2025
2025,20_505_5401_15_1,Activity,Scope 3,Waste disposal,Plastic,Plastics: HDPE (incl. forming),Closed-loop,Waste disposal Plastic Plastics: HDPE (incl. forming) Closed-loop,tonnes,kg CO2e,4.68568,01/01/2025,31/12/2025,UK DESNZ activity-based conversion factors 2025
2025,20_505_5402_15_1,Activity,Scope 3,Waste disposal,Plastic,Plastics: HDPE (incl. forming),Incineration with Energy Recovery,Waste disposal Plastic Plastics: HDPE (incl. forming) Incineration with Energy Recovery,tonnes,kg CO2e,4.68568,01/01/2025,31/12/2025,UK DESNZ activity-based conversion factors 2025
2025,20_505_5404_15_1,Activity,Scope 3,Waste disposal,Plastic,Plastics: HDPE (incl. forming),Landfill,Waste disposal Plastic Plastics: HDPE (incl. forming) Landfill,tonnes,kg CO2e,8.98311,01/01/2025,31/12/2025,UK DESNZ activity-based conversion factors 2025
2025,20_505_5407_15_1,Activity,Scope 3,Waste disposal,Plastic,Plastics: LDPE and LLDPE (incl. forming),Open-loop,Waste disposal Plastic Plastics: LDPE and LLDPE (incl. forming) Open-loop,tonnes,kg CO2e,4.68568,01/01/2025,31/12/2025,UK DESNZ activity-based conversion factors 2025
2025,20_505_5408_15_1,Activity,Scope 3,Waste disposal,Plastic,Plastics: LDPE and LLDPE (incl. forming),Closed-loop,Waste disposal Plastic Plastics: LDPE and LLDPE (incl. forming) Closed-loop,tonnes,kg CO2e,4.68568,01/01/2025,31/12/2025,UK DESNZ activity-based conversion factors 2025
2025,20_505_5409_15_1,Activity,Scope 3,Waste disposal,Plastic,Plastics: LDPE and LLDPE (incl. forming),Incineration with Energy Recovery,Waste disposal Plastic Plastics: LDPE and LLDPE (incl. forming) Incineration with Energy Recovery,tonnes,kg CO2e,4.68568,01/01/2025,31/12/2025,UK DESNZ activity-based conversion factors 2025
2025,20_505_5411_15_1,Activity,Scope 3,Waste disposal,Plastic,Plastics: LDPE and LLDPE (incl. forming),Landfill,Waste disposal Plastic Plastics: LDPE and LLDPE (incl. forming) Landfill,tonnes,kg CO2e,8.98311,01/01/2025,31/12/2025,UK DESNZ activity-based conversion factors 2025
2025,20_505_5414_15_1,Activity,Scope 3,Waste disposal,Plastic,Plastics: PET (incl. forming),Open-loop,Waste disposal Plastic Plastics: PET (incl. forming) Open-loop,tonnes,kg CO2e,4.68568,01/01/2025,31/12/2025,UK DESNZ activity-based conversion factors 2025
2025,20_505_5415_15_1,Activity,Scope 3,Waste disposal,Plastic,Plastics: PET (incl. forming),Closed-loop,Waste disposal Plastic Plastics: PET (incl. forming) Closed-loop,tonnes,kg CO2e,4.68568,01/01/2025,31/12/2025,UK DESNZ activity-based conversion factors 2025
2025,20_505_5416_15_1,Activity,Scope 3,Waste disposal,Plastic,Plastics: PET (incl. forming),Incineration with Energy Recovery,Waste disposal Plastic Plastics: PET (incl. forming) Incineration with Energy Recovery,tonnes,kg CO2e,4.68568,01/01/2025,31/12/2025,UK DESNZ activity-based conversion factors 2025
2025,20_505_5418_15_1,Activity,Scope 3,Waste disposal,Plastic,Plastics: PET (incl. forming),Landfill,Waste disposal Plastic Plastics: PET (incl. forming) Landfill,tonnes,kg CO2e,8.98311,01/01/2025,31/12/2025,UK DESNZ activity-based conversion factors 2025
2025,20_505_5421_15_1,Activity,Scope 3,Waste disposal,Plastic,Plastics: PP (incl. forming),Open-loop,Waste disposal Plastic Plastics: PP (incl. forming) Open-loop,tonnes,kg CO2e,4.68568,01/01/2025,31/12/2025,UK DESNZ activity-based conversion factors 2025
2025,20_505_5422_15_1,Activity,Scope 3,Waste disposal,Plastic,Plastics: PP (incl. forming),Closed-loop,Waste disposal Plastic Plastics: PP (incl. forming) Closed-loop,tonnes,kg CO2e,4.68568,01/01/2025,31/12/2025,UK DESNZ activity-based conversion factors 2025
2025,20_505_5423_15_1,Activity,Scope 3,Waste disposal,Plastic,Plastics: PP (incl. forming),Incineration with Energy Recovery,Waste disposal Plastic Plastics: PP (incl. forming) Incineration with Energy Recovery,tonnes,kg CO2e,4.68568,01/01/2025,31/12/2025,UK DESNZ activity-based conversion factors 2025
2025,20_505_5425_15_1,Activity,Scope 3,Waste disposal,Plastic,Plastics: PP (incl. forming),Landfill,Waste disposal Plastic Plastics: PP (incl. forming) Landfill,tonnes,kg CO2e,8.98311,01/01/2025,31/12/2025,UK DESNZ activity-based conversion factors 2025
2025,20_505_5428_15_1,Activity,Scope 3,Waste disposal,Plastic,Plastics: PS (incl. forming),Open-loop,Waste disposal Plastic Plastics: PS (incl. forming) Open-loop,tonnes,kg CO2e,4.68568,01/01/2025,31/12/2025,UK DESNZ activity-based conversion factors 2025
2025,20_505_5429_15_1,Activity,Scope 3,Waste disposal,Plastic,Plastics: PS (incl. forming),Closed-loop,Waste disposal Plastic Plastics: PS (incl. forming) Closed-loop,tonnes,kg CO2e,4.68568,01/01/2025,31/12/2025,UK DESNZ activity-based conversion factors 2025
2025,20_505_5430_15_1,Activity,Scope 3,Waste disposal,Plastic,Plastics: PS (incl. forming),Incineration with Energy Recovery,Waste disposal Plastic Plastics: PS (incl. forming) Incineration with Energy Recovery,tonnes,kg CO2e,4.68568,01/01/2025,31/12/2025,UK DESNZ activity-based conversion factors 2025
2025,20_505_5432_15_1,Activity,Scope 3,Waste disposal,Plastic,Plastics: PS (incl. forming),Landfill,Waste disposal Plastic Plastics: PS (incl. forming) Landfill,tonnes,kg CO2e,8.98311,01/01/2025,31/12/2025,UK DESNZ activity-based conversion factors 2025
2025,20_505_5435_15_1,Activity,Scope 3,Waste disposal,Plastic,Plastics: PVC (incl. forming),Open-loop,Waste disposal Plastic Plastics: PVC (incl. forming) Open-loop,tonnes,kg CO2e,4.68568,01/01/2025,31/12/2025,UK DESNZ activity-based conversion factors 2025
2025,20_505_5436_15_1,Activity,Scope 3,Waste disposal,Plastic,Plastics: PVC (incl. forming),Closed-loop,Waste disposal Plastic Plastics: PVC (incl. forming) Closed-loop,tonnes,kg CO2e,4.68568,01/01/2025,31/12/2025,UK DESNZ activity-based conversion factors 2025
2025,20_505_5437_15_1,Activity,Scope 3,Waste disposal,Plastic,Plastics: PVC (incl. forming),Incineration with Energy Recovery,Waste disposal Plastic Plastics: PVC (incl. forming) Incineration with Energy Recovery,tonnes,kg CO2e,4.68568,01/01/2025,31/12/2025,UK DESNZ activity-based conversion factors 2025
2025,20_505_5439_15_1,Activity,Scope 3,Waste disposal,Plastic,Plastics: PVC (incl. forming),Landfill,Waste disposal Plastic Plastics: PVC (incl. forming) Landfill,tonnes,kg CO2e,8.98311,01/01/2025,31/12/2025,UK DESNZ activity-based conversion factors 2025
2025,20_506_5443_15_1,Activity,Scope 3,Waste disposal,Paper,Paper and board: board,Closed-loop,Waste disposal Paper Paper and board: board Closed-loop,tonnes,kg CO2e,4.68568,01/01/2025,31/12/2025,UK DESNZ activity-based conversion factors 2025
2025,20_506_5444_15_1,Activity,Scope 3,Waste disposal,Paper,Paper and board: board,Incineration with Energy Recovery,Waste disposal Paper Paper and board: board Incineration with Energy Recovery,tonnes,kg CO2e,4.68568,01/01/2025,31/12/2025,UK DESNZ activity-based conversion factors 2025
2025,20_506_5445_15_1,Activity,Scope 3,Waste disposal,Paper,Paper and board: board,Composting,Waste disposal Paper Paper and board: board Composting,tonnes,kg CO2e,8.98311,01/01/2025,31/12/2025,UK DESNZ activity-based conversion factors 2025
2025,20_506_5446_15_1,Activity,Scope 3,Waste disposal,Paper,Paper and board: board,Landfill,Waste disposal Paper Paper and board: board Landfill,tonnes,kg CO2e,1164.4894,01/01/2025,31/12/2025,UK DESNZ activity-based conversion factors 2025
2025,20_506_5450_15_1,Activity,Scope 3,Waste disposal,Paper,Paper and board: mixed,Closed-loop,Waste disposal Paper Paper and board: mixed Closed-loop,tonnes,kg CO2e,4.68568,01/01/2025,31/12/2025,UK DESNZ activity-based conversion factors 2025
2025,20_506_5451_15_1,Activity,Scope 3,Waste disposal,Paper,Paper and board: mixed,Incineration with Energy Recovery,Waste disposal Paper Paper and board: mixed Incineration with Energy Recovery,tonnes,kg CO2e,4.68568,01/01/2025,31/12/2025,UK DESNZ activity-based conversion factors 2025
2025,20_506_5452_15_1,Activity,Scope 3,Waste disposal,Paper,Paper and board: mixed,Composting,Waste disposal Paper Paper and board: mixed Composting,tonnes,kg CO2e,8.98311,01/01/2025,31/12/2025,UK DESNZ activity-based conversion factors 2025
2025,20_506_5453_15_1,Activity,Scope 3,Waste disposal,Paper,Paper and board: mixed,Landfill,Waste disposal Paper Paper and board: mixed Landfill,tonnes,kg CO2e,1164.4894,01/01/2025,31/12/2025,UK DESNZ activity-based conversion factors 2025
2025,20_506_5457_15_1,Activity,Scope 3,Waste disposal,Paper,Paper and board: paper,Closed-loop,Waste disposal Paper Paper and board: paper Closed-loop,tonnes,kg CO2e,4.68568,01/01/2025,31/12/2025,UK DESNZ activity-based conversion factors 2025
2025,20_506_5458_15_1,Activity,Scope 3,Waste disposal,Paper,Paper and board: paper,Incineration with Energy Recovery,Waste disposal Paper Paper and board: paper Incineration with Energy Recovery,tonnes,kg CO2e,4.68568,01/01/2025,31/12/2025,UK DESNZ activity-based conversion factors 2025
2025,20_506_5459_15_1,Activity,Scope 3,Waste disposal,Paper,Paper and board: paper,Composting,Waste disposal Paper Paper and board: paper Composting,tonnes,kg CO2e,8.98311,01/01/2025,31/12/2025,UK DESNZ activity-based conversion factors 2025
2025,20_506_5460_15_1,Activity,Scope 3,Waste disposal,Paper,Paper and board: paper,Landfill,Waste disposal Paper Paper and board: paper Landfill,tonnes,kg CO2e,1164.4894,01/01/2025,31/12/2025,UK DESNZ activity-based conversion factors 2025
2025,21_316_3160_11_1,Activity,Scope 3,Business travel- air,Flights,"Domestic, to/from UK",Average passenger,"Business travel- air Flights Domestic, to/from UK Average passenger",passenger.km,kg CO2e,0.22928,01/01/2025,31/12/2025,UK DESNZ activity-based conversion factors 2025
2025,21_316_3161_11_1,Activity,Scope 3,Business travel- air,Flights,"Domestic, to/from UK",Average passenger,"Business travel- air Flights Domestic, to/from UK Average passenger",passenger.km,kg CO2e,0.13552,01/01/2025,31/12/2025,UK DESNZ activity-based conversion factors 2025
2025,21_316_3162_11_1,Activity,Scope 3,Business travel- air,Flights,"Short-haul, to/from UK",Average passenger,"Business travel- air Flights Short-haul, to/from UK Average passenger",passenger.km,kg CO2e,0.12786,01/01/2025,31/12/2025,UK DESNZ activity-based conversion factors 2025
2025,21_316_3163_11_1,Activity,Scope 3,Business travel- air,Flights,"Short-haul, to/from UK",Average passenger,"Business travel- air Flights Short-haul, to/from UK Average passenger",passenger.km,kg CO2e,0.07559,01/01/2025,31/12/2025,UK DESNZ activity-based conversion factors 2025
2025,21_316_3164_11_1,Activity,Scope 3,Business travel- air,Flights,"Short-haul, to/from UK",Economy class,"Business travel- air Flights Short-haul, to/from UK Economy class",passenger.km,kg CO2e,0.12576,01/01/2025,31/12/2025,UK DESNZ activity-based conversion factors 2025
2025,21_316_3165_11_1,Activity,Scope 3,Business travel- air,Flights,"Short-haul, to/from UK",Economy class,"Business travel- air Flights Short-haul, to/from UK Economy class",passenger.km,kg CO2e,0.07435,01/01/2025,31/12/2025,UK DESNZ activity-based conversion factors 2025
2025,21_316_3166_11_1,Activity,Scope 3,Business travel- air,Flights,"Short-haul, to/from UK",Business class,"Business travel- air Flights Short-haul, to/from UK Business class",passenger.km,kg CO2e,0.18863,01/01/2025,31/12/2025,UK DESNZ activity-based conversion factors 2025
2025,21_316_3167_11_1,Activity,Scope 3,Business travel- air,Flights,"Short-haul, to/from UK",Business class,"Business travel- air Flights Short-haul, to/from UK Business class",passenger.km,kg CO2e,0.11152,01/01/2025,31/12/2025,UK DESNZ activity-based conversion factors 2025
2025,21_316_3168_11_1,Activity,Scope 3,Business travel- air,Flights,"Long-haul, to/from UK",Average passenger,"Business travel- air Flights Long-haul, to/from UK Average passenger",passenger.km,kg CO2e,0.15282,01/01/2025,31/12/2025,UK DESNZ activity-based conversion factors 2025
2025,21_316_3169_11_1,Activity,Scope 3,Business travel- air,Flights,"Long-haul, to/from UK",Average passenger,"Business travel- air Flights Long-haul, to/from UK Average passenger",passenger.km,kg CO2e,0.09043,01/01/2025,31/12/2025,UK DESNZ activity-based conversion factors 2025
2025,21_316_3170_11_1,Activity,Scope 3,Business travel- air,Flights,"Long-haul, to/from UK",Economy class,"Business travel- air Flights Long-haul, to/from UK Economy class",passenger.km,kg CO2e,0.11704,01/01/2025,31/12/2025,UK DESNZ activity-based conversion factors 2025
2025,21_316_3171_11_1,Activity,Scope 3,Business travel- air,Flights,"Long-haul, to/from UK",Economy class,"Business travel- air Flights Long-haul, to/from UK Economy class",passenger.km,kg CO2e,0.06926,01/01/2025,31/12/2025,UK DESNZ activity-based conversion factors 2025
2025,21_316_3172_11_1,Activity,Scope 3,Business travel- air,Flights,"Long-haul, to/from UK",Premium economy class,"Business travel- air Flights Long-haul, to/from UK Premium economy class",passenger.km,kg CO2e,0.18726,01/01/2025,31/12/2025,UK DESNZ activity-based conversion factors 2025
2025,21_316_3173_11_1,Activity,Scope 3,Business travel- air,Flights,"Long-haul, to/from UK",Premium economy class,"Business travel- air Flights Long-haul, to/from UK Premium economy class",passenger.km,kg CO2e,0.11081,01/01/2025,31/12/2025,UK DESNZ activity-based conversion factors 2025
2025,21_316_3174_11_1,Activity,Scope 3,Business travel- air,Flights,"Long-haul, to/from UK",Business class,"Business travel- air Flights Long-haul, to/from UK Business class",passenger.km,kg CO2e,0.3394,01/01/2025,31/12/2025,UK DESNZ activity-based conversion factors 2025
2025,21_316_3175_11_1,Activity,Scope 3,Business travel- air,Flights,"Long-haul, to/from UK",Business class,"Business travel- air Flights Long-haul, to/from UK Business class",passenger.km,kg CO2e,0.20083,01/01/2025,31/12/2025,UK DESNZ activity-based conversion factors 2025
2025,21_316_3176_11_1,Activity,Scope 3,Business travel- air,Flights,"Long-haul, to/from UK",First class,"Business travel- air Flights Long-haul, to/from UK First class",passenger.km,kg CO2e,0.46814,01/01/2025,31/12/2025,UK DESNZ activity-based conversion factors 2025
2025,21_316_3177_11_1,Activity,Scope 3,Business travel- air,Flights,"Long-haul, to/from UK",First class,"Business travel- air Flights Long-haul, to/from UK First class",passenger.km,kg CO2e,0.27701,01/01/2025,31/12/2025,UK DESNZ activity-based conversion factors 2025
2025,21_316_3178_11_1,Activity,Scope 3,Business travel- air,Flights,"International, to/from non-UK",Average passenger,"Business travel- air Flights International, to/from non-UK Average passenger",passenger.km,kg CO2e,0.14253,01/01/2025,31/12/2025,UK DESNZ activity-based conversion factors 2025
2025,21_316_3179_11_1,Activity,Scope 3,Business travel- air,Flights,"International, to/from non-UK",Average passenger,"Business travel- air Flights International, to/from non-UK Average passenger",passenger.km,kg CO2e,0.0842,01/01/2025,31/12/2025,UK DESNZ activity-based conversion factors 2025
2025,21_316_3180_11_1,Activity,Scope 3,Business travel- air,Flights,"International, to/from non-UK",Economy class,"Business travel- air Flights International, to/from non-UK Economy class",passenger.km,kg CO2e,0.10916,01/01/2025,31/12/2025,UK DESNZ activity-based conversion factors 2025
2025,21_316_3181_11_1,Activity,Scope 3,Business travel- air,Flights,"International, to/from non-UK",Economy class,"Business travel- air Flights International, to/from non-UK Economy class",passenger.km,kg CO2e,0.06449,01/01/2025,31/12/2025,UK DESNZ activity-based conversion factors 2025
2025,21_316_3182_11_1,Activity,Scope 3,Business travel- air,Flights,"International, to/from non-UK",Premium economy class,"Business travel- air Flights International, to/from non-UK Premium economy class",passenger.km,kg CO2e,0.17465,01/01/2025,31/12/2025,UK DESNZ activity-based conversion factors 2025
2025,21_316_3183_11_1,Activity,Scope 3,Business travel- air,Flights,"International, to/from non-UK",Premium economy class,"Business travel- air Flights International, to/from non-UK Premium economy class",passenger.km,kg CO2e,0.10318,01/01/2025,31/12/2025,UK DESNZ activity-based conversion factors 2025
2025,21_316_3184_11_1,Activity,Scope 3,Business travel- air,Flights,"International, to/from non-UK",Business class,"Business travel- air Flights International, to/from non-UK Business class",passenger.km,kg CO2e,0.31656,01/01/2025,31/12/2025,UK DESNZ activity-based conversion factors 2025
2025,21_316_3185_11_1,Activity,Scope 3,Business travel- air,Flights,"International, to/from non-UK",Business class,"Business travel- air Flights International, to/from non-UK Business class",passenger.km,kg CO2e,0.18701,01/01/2025,31/12/2025,UK DESNZ activity-based conversion factors 2025
2025,21_316_3186_11_1,Activity,Scope 3,Business travel- air,Flights,"International, to/from non-UK",First class,"Business travel- air Flights International, to/from non-UK First class",passenger.km,kg CO2e,0.43663,01/01/2025,31/12/2025,UK DESNZ activity-based conversion factors 2025
2025,21_316_3187_11_1,Activity,Scope 3,Business travel- air,Flights,"International, to/from non-UK",First class,"Business travel- air Flights International, to/from non-UK First class",passenger.km,kg CO2e,0.25794,01/01/2025,31/12/2025,UK DESNZ activity-based conversion factors 2025
2025,22_912_3160_11_1,Activity,Scope 3,WTT- business travel- air,WTT- flights,"Domestic, to/from UK",Average passenger,"WTT- business travel- air WTT- flights Domestic, to/from UK Average passenger",passenger.km,kg CO2e,0.0335,01/01/2025,31/12/2025,UK DESNZ activity-based conversion factors 2025
2025,22_912_3161_11_1,Activity,Scope 3,WTT- business travel- air,WTT- flights,"Domestic, to/from UK",Average passenger,"WTT- business travel- air WTT- flights Domestic, to/from UK Average passenger",passenger.km,kg CO2e,0.0335,01/01/2025,31/12/2025,UK DESNZ activity-based conversion factors 2025
2025,22_912_3162_11_1,Activity,Scope 3,WTT- business travel- air,WTT- flights,"Short-haul, to/from UK",Average passenger,"WTT- business travel- air WTT- flights Short-haul, to/from UK Average passenger",passenger.km,kg CO2e,0.02286,01/01/2025,31/12/2025,UK DESNZ activity-based conversion factors 2025
2025,22_912_3163_11_1,Activity,Scope 3,WTT- business travel- air,WTT- flights,"Short-haul, to/from UK",Average passenger,"WTT- business travel- air WTT- flights Short-haul, to/from UK Average passenger",passenger.km,kg CO2e,0.02286,01/01/2025,31/12/2025,UK DESNZ activity-based conversion factors 2025
2025,22_912_3164_11_1,Activity,Scope 3,WTT- business travel- air,WTT- flights,"Short-haul, to/from UK",Economy class,"WTT- business travel- air WTT- flights Short-haul, to/from UK Economy class",passenger.km,kg CO2e,0.02249,01/01/2025,31/12/2025,UK DESNZ activity-based conversion factors 2025
2025,22_912_3165_11_1,Activity,Scope 3,WTT- business travel- air,WTT- flights,"Short-haul, to/from UK",Economy class,"WTT- business travel- air WTT- flights Short-haul, to/from UK Economy class",passenger.km,kg CO2e,0.02249,01/01/2025,31/12/2025,UK DESNZ activity-based conversion factors 2025
2025,22_912_3166_11_1,Activity,Scope 3,WTT- business travel- air,WTT- flights,"Short-haul, to/from UK",Business class,"WTT- business travel- air WTT- flights Short-haul, to/from UK Business class",passenger.km,kg CO2e,0.03373,01/01/2025,31/12/2025,UK DESNZ activity-based conversion factors 2025
2025,22_912_3167_11_1,Activity,Scope 3,WTT- business travel- air,WTT- flights,"Short-haul, to/from UK",Business class,"WTT- business travel- air WTT- flights Short-haul, to/from UK Business class",passenger.km,kg CO2e,0.03373,01/01/2025,31/12/2025,UK DESNZ activity-based conversion factors 2025
2025,22_912_3168_11_1,Activity,Scope 3,WTT- business travel- air,WTT- flights,"Long-haul, to/from UK",Average passenger,"WTT- business travel- air WTT- flights Long-haul, to/from UK Average passenger",passenger.km,kg CO2e,0.03213,01/01/2025,31/12/2025,UK DESNZ activity-based conversion factors 2025
2025,22_912_3169_11_1,Activity,Scope 3,WTT- business travel- air,WTT- flights,"Long-haul, to/from UK",Average passenger,"WTT- business travel- air WTT- flights Long-haul, to/from UK Average passenger",passenger.km,kg CO2e,0.03213,01/01/2025,31/12/2025,UK DESNZ activity-based conversion factors 2025
2025,22_912_3170_11_1,Activity,Scope 3,WTT- business travel- air,WTT- flights,"Long-haul, to/from UK",Economy class,"WTT- business travel- air WTT- flights Long-haul, to/from UK Economy class",passenger.km,kg CO2e,0.02461,01/01/2025,31/12/2025,UK DESNZ activity-based conversion factors 2025
2025,22_912_3171_11_1,Activity,Scope 3,WTT- business travel- air,WTT- flights,"Long-haul, to/from UK",Economy class,"WTT- business travel- air WTT- flights Long-haul, to/from UK Economy class",passenger.km,kg CO2e,0.02461,01/01/2025,31/12/2025,UK DESNZ activity-based conversion factors 2025
2025,22_912_3172_11_1,Activity,Scope 3,WTT- business travel- air,WTT- flights,"Long-haul, to/from UK",Premium economy class,"WTT- business travel- air WTT- flights Long-haul, to/from UK Premium economy class",passenger.km,kg CO2e,0.03937,01/01/2025,31/12/2025,UK DESNZ activity-based conversion factors 2025
2025,22_912_3173_11_1,Activity,Scope 3,WTT- business travel- air,WTT- flights,"Long-haul, to/from UK",Premium economy class,"WTT- business travel- air WTT- flights Long-haul, to/from UK Premium economy class",passenger.km,kg CO2e,0.03937,01/01/2025,31/12/2025,UK DESNZ activity-based conversion factors 2025
2025,22_912_3174_11_1,Activity,Scope 3,WTT- business travel- air,WTT- flights,"Long-haul, to/from UK",Business class,"WTT- business travel- air WTT- flights Long-haul, to/from UK Business class",passenger.km,kg CO2e,0.07137,01/01/2025,31/12/2025,UK DESNZ activity-based conversion factors 2025
2025,22_912_3175_11_1,Activity,Scope 3,WTT- business travel- air,WTT- flights,"Long-haul, to/from UK",Business class,"WTT- business travel- air WTT- flights Long-haul, to/from UK Business class",passenger.km,kg CO2e,0.07137,01/01/2025,31/12/2025,UK DESNZ activity-based conversion factors 2025
2025,22_912_3176_11_1,Activity,Scope 3,WTT- business travel- air,WTT- flights,"Long-haul, to/from UK",First class,"WTT- business travel- air WTT- flights Long-haul, to/from UK First class",passenger.km,kg CO2e,0.09844,01/01/2025,31/12/2025,UK DESNZ activity-based conversion factors 2025
2025,22_912_3177_11_1,Activity,Scope 3,WTT- business travel- air,WTT- flights,"Long-haul, to/from UK",First class,"WTT- business travel- air WTT- flights Long-haul, to/from UK First class",passenger.km,kg CO2e,0.09844,01/01/2025,31/12/2025,UK DESNZ activity-based conversion factors 2025
2025,22_912_3178_11_1,Activity,Scope 3,WTT- business travel- air,WTT- flights,"International, to/from non-UK",Average passenger,"WTT- business travel- air WTT- flights International, to/from non-UK Average passenger",passenger.km,kg CO2e,0.02162,01/01/2025,31/12/2025,UK DESNZ activity-based conversion factors 2025
2025,22_912_3179_11_1,Activity,Scope 3,WTT- business travel- air,WTT- flights,"International, to/from non-UK",Average passenger,"WTT- business travel- air WTT- flights International, to/from non-UK Average passenger",passenger.km,kg CO2e,0.02162,01/01/2025,31/12/2025,UK DESNZ activity-based conversion factors 2025
2025,22_912_3180_11_1,Activity,Scope 3,WTT- business travel- air,WTT- flights,"International, to/from non-UK",Economy class,"WTT- business travel- air WTT- flights International, to/from non-UK Economy class",passenger.km,kg CO2e,0.01656,01/01/2025,31/12/2025,UK DESNZ activity-based conversion factors 2025
2025,22_912_3181_11_1,Activity,Scope 3,WTT- business travel- air,WTT- flights,"International, to/from non-UK",Economy class,"WTT- business travel- air WTT- flights International, to/from non-UK Economy class",passenger.km,kg CO2e,0.01656,01/01/2025,31/12/2025,UK DESNZ activity-based conversion factors 2025
2025,22_912_3182_11_1,Activity,Scope 3,WTT- business travel- air,WTT- flights,"International, to/from non-UK",Premium economy class,"WTT- business travel- air WTT- flights International, to/from non-UK Premium economy class",passenger.km,kg CO2e,0.02649,01/01/2025,31/12/2025,UK DESNZ activity-based conversion factors 2025
2025,22_912_3183_11_1,Activity,Scope 3,WTT- business travel- air,WTT- flights,"International, to/from non-UK",Premium economy class,"WTT- business travel- air WTT- flights International, to/from non-UK Premium economy class",passenger.km,kg CO2e,0.02649,01/01/2025,31/12/2025,UK DESNZ activity-based conversion factors 2025
2025,22_912_3184_11_1,Activity,Scope 3,WTT- business travel- air,WTT- flights,"International, to/from non-UK",Business class,"WTT- business travel- air WTT- flights International, to/from non-UK Business class",passenger.km,kg CO2e,0.04802,01/01/2025,31/12/2025,UK DESNZ activity-based conversion factors 2025
2025,22_912_3185_11_1,Activity,Scope 3,WTT- business travel- air,WTT- flights,"International, to/from non-UK",Business class,"WTT- business travel- air WTT- flights International, to/from non-UK Business class",passenger.km,kg CO2e,0.04802,01/01/2025,31/12/2025,UK DESNZ activity-based conversion factors 2025
2025,22_912_3186_11_1,Activity,Scope 3,WTT- business travel- air,WTT- flights,"International, to/from non-UK",First class,"WTT- business travel- air WTT- flights International, to/from non-UK First class",passenger.km,kg CO2e,0.06623,01/01/2025,31/12/2025,UK DESNZ activity-based conversion factors 2025
2025,22_912_3187_11_1,Activity,Scope 3,WTT- business travel- air,WTT- flights,"International, to/from non-UK",First class,"WTT- business travel- air WTT- flights International, to/from non-UK First class",passenger.km,kg CO2e,0.06623,01/01/2025,31/12/2025,UK DESNZ activity-based conversion factors 2025
2025,23_318_3188_11_1,Activity,Scope 3,Business travel- sea,Ferry,Foot passenger,,Business travel- sea Ferry Foot passenger ,passenger.km,kg CO2e,0.01871,01/01/2025,31/12/2025,UK DESNZ activity-based conversion factors 2025
2025,23_318_3189_11_1,Activity,Scope 3,Business travel- sea,Ferry,Car passenger,,Business travel- sea Ferry Car passenger ,passenger.km,kg CO2e,0.12933,01/01/2025,31/12/2025,UK DESNZ activity-based conversion factors 2025
2025,23_318_3190_11_1,Activity,Scope 3,Business travel- sea,Ferry,Average (all passenger),,Business travel- sea Ferry Average (all passenger) ,passenger.km,kg CO2e,0.1127,01/01/2025,31/12/2025,UK DESNZ activity-based conversion factors 2025
2025,24_914_3188_11_1,Activity,Scope 3,WTT- business travel- sea,WTT- ferry,Foot passenger,,WTT- business travel- sea WTT- ferry Foot passenger ,passenger.km,kg CO2e,0.00424,01/01/2025,31/12/2025,UK DESNZ activity-based conversion factors 2025
2025,24_914_3189_11_1,Activity,Scope 3,WTT- business travel- sea,WTT- ferry,Car passenger,,WTT- business travel- sea WTT- ferry Car passenger ,passenger.km,kg CO2e,0.02932,01/01/2025,31/12/2025,UK DESNZ activity-based conversion factors 2025
2025,24_914_3190_11_1,Activity,Scope 3,WTT- business travel- sea,WTT- ferry,Average (all passenger),,WTT- business travel- sea WTT- ferry Average (all passenger) ,passenger.km,kg CO2e,0.02555,01/01/2025,31/12/2025,UK DESNZ activity-based conversion factors 2025
2025,25_301_3045_4_1,Activity,Scope 3,Business travel- land,Cars (by size),Small car,Diesel,Business travel- land Cars (by size) Small car Diesel,km,kg CO2e,0.1434,01/01/2025,31/12/2025,UK DESNZ activity-based conversion factors 2025
2025,25_301_3046_4_1,Activity,Scope 3,Business travel- land,Cars (by size),Small car,Petrol,Business travel- land Cars (by size) Small car Petrol,km,kg CO2e,0.14308,01/01/2025,31/12/2025,UK DESNZ activity-based conversion factors 2025
2025,25_301_3047_4_1,Activity,Scope 3,Business travel- land,Cars (by size),Small car,Hybrid,Business travel- land Cars (by size) Small car Hybrid,km,kg CO2e,0.11413,01/01/2025,31/12/2025,UK DESNZ activity-based conversion factors 2025
2025,25_301_3050_4_1,Activity,Scope 3,Business travel- land,Cars (by size),Small car,Unknown,Business travel- land Cars (by size) Small car Unknown,km,kg CO2e,0.14322,01/01/2025,31/12/2025,UK DESNZ activity-based conversion factors 2025
2025,25_301_3051_4_1,Activity,Scope 3,Business travel- land,Cars (by size),Small car,Plug-in Hybrid Electric Vehicle,Business travel- land Cars (by size) Small car Plug-in Hybrid Electric Vehicle,km,kg CO2e,0.05669,01/01/2025,31/12/2025,UK DESNZ activity-based conversion factors 2025
2025,25_301_3052_4_1,Activity,Scope 3,Business travel- land,Cars (by size),Small car,Battery Electric Vehicle,Business travel- land Cars (by size) Small car Battery Electric Vehicle,km,kg CO2e,0.03688,01/01/2025,31/12/2025,UK DESNZ activity-based conversion factors 2025
2025,25_301_3045_9_1,Activity,Scope 3,Business travel- land,Cars (by size),Small car,Diesel,Business travel- land Cars (by size) Small car Diesel,miles,kg CO2e,0.23078,01/01/2025,31/12/2025,UK DESNZ activity-based conversion factors 2025
2025,25_301_3046_9_1,Activity,Scope 3,Business travel- land,Cars (by size),Small car,Petrol,Business travel- land Cars (by size) Small car Petrol,miles,kg CO2e,0.23027,01/01/2025,31/12/2025,UK DESNZ activity-based conversion factors 2025
2025,25_301_3047_9_1,Activity,Scope 3,Business travel- land,Cars (by size),Small car,Hybrid,Business travel- land Cars (by size) Small car Hybrid,miles,kg CO2e,0.18368,01/01/2025,31/12/2025,UK DESNZ activity-based conversion factors 2025
2025,25_301_3050_9_1,Activity,Scope 3,Business travel- land,Cars (by size),Small car,Unknown,Business travel- land Cars (by size) Small car Unknown,miles,kg CO2e,0.23049,01/01/2025,31/12/2025,UK DESNZ activity-based conversion factors 2025
2025,25_301_3051_9_1,Activity,Scope 3,Business travel- land,Cars (by size),Small car,Plug-in Hybrid Electric Vehicle,Business travel- land Cars (by size) Small car Plug-in Hybrid Electric Vehicle,miles,kg CO2e,0.09123,01/01/2025,31/12/2025,UK DESNZ activity-based conversion factors 2025
2025,25_301_3052_9_1,Activity,Scope 3,Business travel- land,Cars (by size),Small car,Battery Electric Vehicle,Business travel- land Cars (by size) Small car Battery Electric Vehicle,miles,kg CO2e,0.05936,01/01/2025,31/12/2025,UK DESNZ activity-based conversion factors 2025
2025,25_301_3053_4_1,Activity,Scope 3,Business travel- land,Cars (by size),Medium car,Diesel,Business travel- land Cars (by size) Medium car Diesel,km,kg CO2e,0.17174,01/01/2025,31/12/2025,UK DESNZ activity-based conversion factors 2025
2025,25_301_3054_4_1,Activity,Scope 3,Business travel- land,Cars (by size),Medium car,Petrol,Business travel- land Cars (by size) Medium car Petrol,km,kg CO2e,0.17474,01/01/2025,31/12/2025,UK DESNZ activity-based conversion factors 2025
2025,25_301_3055_4_1,Activity,Scope 3,Business travel- land,Cars (by size),Medium car,Hybrid,Business travel- land Cars (by size) Medium car Hybrid,km,kg CO2e,0.11724,01/01/2025,31/12/2025,UK DESNZ activity-based conversion factors 2025
2025,25_301_3056_4_1,Activity,Scope 3,Business travel- land,Cars (by size),Medium car,CNG,Business travel- land Cars (by size) Medium car CNG,km,kg CO2e,0.15504,01/01/2025,31/12/2025,UK DESNZ activity-based conversion factors 2025
2025,25_301_3057_4_1,Activity,Scope 3,Business travel- land,Cars (by size),Medium car,LPG,Business travel- land Cars (by size) Medium car LPG,km,kg CO2e,0.17427,01/01/2025,31/12/2025,UK DESNZ activity-based conversion factors 2025
2025,25_301_3058_4_1,Activity,Scope 3,Business travel- land,Cars (by size),Medium car,Unknown,Business travel- land Cars (by size) Medium car Unknown,km,kg CO2e,0.17322,01/01/2025,31/12/2025,UK DESNZ activity-based conversion factors 2025
2025,25_301_3059_4_1,Activity,Scope 3,Business travel- land,Cars (by size),Medium car,Plug-in Hybrid Electric Vehicle,Business travel- land Cars (by size) Medium car Plug-in Hybrid Electric Vehicle,km,kg CO2e,0.0882,01/01/2025,31/12/2025,UK DESNZ activity-based conversion factors 2025
2025,25_301_3060_4_1,Activity,Scope 3,Business travel- land,Cars (by size),Medium car,Battery Electric Vehicle,Business travel- land Cars (by size) Medium car Battery Electric Vehicle,km,kg CO2e,0.03882,01/01/2025,31/12/2025,UK DESNZ activity-based conversion factors 2025
2025,25_301_3053_9_1,Activity,Scope 3,Business travel- land,Cars (by size),Medium car,Diesel,Business travel- land Cars (by size) Medium car Diesel,miles,kg CO2e,0.27639,01/01/2025,31/12/2025,UK DESNZ activity-based conversion factors 2025
2025,25_301_3054_9_1,Activity,Scope 3,Business travel- land,Cars (by size),Medium car,Petrol,Business travel- land Cars (by size) Medium car Petrol,miles,kg CO2e,0.28121,01/01/2025,31/12/2025,UK DESNZ activity-based conversion factors 2025
2025,25_301_3055_9_1,Activity,Scope 3,Business travel- land,Cars (by size),Medium car,Hybrid,Business travel- land Cars (by size) Medium car Hybrid,miles,kg CO2e,0.18869,01/01/2025,31/12/2025,UK DESNZ activity-based conversion factors 2025
2025,25_301_3056_9_1,Activity,Scope 3,Business travel- land,Cars (by size),Medium car,CNG,Business travel- land Cars (by size) Medium car CNG,miles,kg CO2e,0.24952,01/01/2025,31/12/2025,UK DESNZ activity-based conversion factors 2025
2025,25_301_3057_9_1,Activity,Scope 3,Business travel- land,Cars (by size),Medium car,LPG,Business travel- land Cars (by size) Medium car LPG,miles,kg CO2e,0.28046,01/01/2025,31/12/2025,UK DESNZ activity-based conversion factors 2025
2025,25_301_3058_9_1,Activity,Scope 3,Business travel- land,Cars (by size),Medium car,Unknown,Business travel- land Cars (by size) Medium car Unknown,miles,kg CO2e,0.27877,01/01/2025,31/12/2025,UK DESNZ activity-based conversion factors 2025
2025,25_301_3059_9_1,Activity,Scope 3,Business travel- land,Cars (by size),Medium car,Plug-in Hybrid Electric Vehicle,Business travel- land Cars (by size) Medium car Plug-in Hybrid Electric Vehicle,miles,kg CO2e,0.14193,01/01/2025,31/12/2025,UK DESNZ activity-based conversion factors 2025
2025,25_301_3060_9_1,Activity,Scope 3,Business travel- land,Cars (by size),Medium car,Battery Electric Vehicle,Business travel- land Cars (by size) Medium car Battery Electric Vehicle,miles,kg CO2e,0.06246,01/01/2025,31/12/2025,UK DESNZ activity-based conversion factors 2025
2025,25_301_3061_4_1,Activity,Scope 3,Business travel- land,Cars (by size),Large car,Diesel,Business travel- land Cars (by size) Large car Diesel,km,kg CO2e,0.21007,01/01/2025,31/12/2025,UK DESNZ activity-based conversion factors 2025
2025,25_301_3062_4_1,Activity,Scope 3,Business travel- land,Cars (by size),Large car,Petrol,Business travel- land Cars (by size) Large car Petrol,km,kg CO2e,0.26828,01/01/2025,31/12/2025,UK DESNZ activity-based conversion factors 2025
2025,25_301_3063_4_1,Activity,Scope 3,Business travel- land,Cars (by size),Large car,Hybrid,Business travel- land Cars (by size) Large car Hybrid,km,kg CO2e,0.1565,01/01/2025,31/12/2025,UK DESNZ activity-based conversion factors 2025
2025,25_301_3064_4_1,Activity,Scope 3,Business travel- land,Cars (by size),Large car,CNG,Business travel- land Cars (by size) Large car CNG,km,kg CO2e,0.23722,01/01/2025,31/12/2025,UK DESNZ activity-based conversion factors 2025
2025,25_301_3065_4_1,Activity,Scope 3,Business travel- land,Cars (by size),Large car,LPG,Business travel- land Cars (by size) Large car LPG,km,kg CO2e,0.26771,01/01/2025,31/12/2025,UK DESNZ activity-based conversion factors 2025
2025,25_301_3066_4_1,Activity,Scope 3,Business travel- land,Cars (by size),Large car,Unknown,Business travel- land Cars (by size) Large car Unknown,km,kg CO2e,0.22678,01/01/2025,31/12/2025,UK DESNZ activity-based conversion factors 2025
2025,25_301_3067_4_1,Activity,Scope 3,Business travel- land,Cars (by size),Large car,Plug-in Hybrid Electric Vehicle,Business travel- land Cars (by size) Large car Plug-in Hybrid Electric Vehicle,km,kg CO2e,0.1143,01/01/2025,31/12/2025,UK DESNZ activity-based conversion factors 2025
2025,25_301_3068_4_1,Activity,Scope 3,Business travel- land,Cars (by size),Large car,Battery Electric Vehicle,Business travel- land Cars (by size) Large car Battery Electric Vehicle,km,kg CO2e,0.04205,01/01/2025,31/12/2025,UK DESNZ activity-based conversion factors 2025
2025,25_301_3061_9_1,Activity,Scope 3,Business travel- land,Cars (by size),Large car,Diesel,Business travel- land Cars (by size) Large car Diesel,miles,kg CO2e,0.33808,01/01/2025,31/12/2025,UK DESNZ activity-based conversion factors 2025
2025,25_301_3062_9_1,Activity,Scope 3,Business travel- land,Cars (by size),Large car,Petrol,Business travel- land Cars (by size) Large car Petrol,miles,kg CO2e,0.43175,01/01/2025,31/12/2025,UK DESNZ activity-based conversion factors 2025
2025,25_301_3063_9_1,Activity,Scope 3,Business travel- land,Cars (by size),Large car,Hybrid,Business travel- land Cars (by size) Large car Hybrid,miles,kg CO2e,0.25184,01/01/2025,31/12/2025,UK DESNZ activity-based conversion factors 2025
2025,25_301_3064_9_1,Activity,Scope 3,Business travel- land,Cars (by size),Large car,CNG,Business travel- land Cars (by size) Large car CNG,miles,kg CO2e,0.38177,01/01/2025,31/12/2025,UK DESNZ activity-based conversion factors 2025
2025,25_301_3065_9_1,Activity,Scope 3,Business travel- land,Cars (by size),Large car,LPG,Business travel- land Cars (by size) Large car LPG,miles,kg CO2e,0.43082,01/01/2025,31/12/2025,UK DESNZ activity-based conversion factors 2025
2025,25_301_3066_9_1,Activity,Scope 3,Business travel- land,Cars (by size),Large car,Unknown,Business travel- land Cars (by size) Large car Unknown,miles,kg CO2e,0.36495,01/01/2025,31/12/2025,UK DESNZ activity-based conversion factors 2025
2025,25_301_3067_9_1,Activity,Scope 3,Business travel- land,Cars (by size),Large car,Plug-in Hybrid Electric Vehicle,Business travel- land Cars (by size) Large car Plug-in Hybrid Electric Vehicle,miles,kg CO2e,0.18396,01/01/2025,31/12/2025,UK DESNZ activity-based conversion factors 2025
2025,25_301_3068_9_1,Activity,Scope 3,Business travel- land,Cars (by size),Large car,Battery Electric Vehicle,Business travel- land Cars (by size) Large car Battery Electric Vehicle,miles,kg CO2e,0.06767,01/01/2025,31/12/2025,UK DESNZ activity-based conversion factors 2025
2025,25_301_3069_4_1,Activity,Scope 3,Business travel- land,Cars (by size),Average car,Diesel,Business travel- land Cars (by size) Average car Diesel,km,kg CO2e,0.17304,01/01/2025,31/12/2025,UK DESNZ activity-based conversion factors 2025
2025,25_301_3070_4_1,Activity,Scope 3,Business travel- land,Cars (by size),Average car,Petrol,Business travel- land Cars (by size) Average car Petrol,km,kg CO2e,0.16272,01/01/2025,31/12/2025,UK DESNZ activity-based conversion factors 2025
2025,25_301_3071_4_1,Activity,Scope 3,Business travel- land,Cars (by size),Average car,Hybrid,Business travel- land Cars (by size) Average car Hybrid,km,kg CO2e,0.12825,01/01/2025,31/12/2025,UK DESNZ activity-based conversion factors 2025
2025,25_301_3072_4_1,Activity,Scope 3,Business travel- land,Cars (by size),Average car,CNG,Business travel- land Cars (by size) Average car CNG,km,kg CO2e,0.17414,01/01/2025,31/12/2025,UK DESNZ activity-based conversion factors 2025
2025,25_301_3073_4_1,Activity,Scope 3,Business travel- land,Cars (by size),Average car,LPG,Business travel- land Cars (by size) Average car LPG,km,kg CO2e,0.19599,01/01/2025,31/12/2025,UK DESNZ activity-based conversion factors 2025
2025,25_301_3074_4_1,Activity,Scope 3,Business travel- land,Cars (by size),Average car,Unknown,Business travel- land Cars (by size) Average car Unknown,km,kg CO2e,0.16725,01/01/2025,31/12/2025,UK DESNZ activity-based conversion factors 2025
2025,25_301_3075_4_1,Activity,Scope 3,Business travel- land,Cars (by size),Average car,Plug-in Hybrid Electric Vehicle,Business travel- land Cars (by size) Average car Plug-in Hybrid Electric Vehicle,km,kg CO2e,0.10461,01/01/2025,31/12/2025,UK DESNZ activity-based conversion factors 2025
2025,25_301_3076_4_1,Activity,Scope 3,Business travel- land,Cars (by size),Average car,Battery Electric Vehicle,Business travel- land Cars (by size) Average car Battery Electric Vehicle,km,kg CO2e,0.04047,01/01/2025,31/12/2025,UK DESNZ activity-based conversion factors 2025
2025,25_301_3069_9_1,Activity,Scope 3,Business travel- land,Cars (by size),Average car,Diesel,Business travel- land Cars (by size) Average car Diesel,miles,kg CO2e,0.27849,01/01/2025,31/12/2025,UK DESNZ activity-based conversion factors 2025
2025,25_301_3070_9_1,Activity,Scope 3,Business travel- land,Cars (by size),Average car,Petrol,Business travel- land Cars (by size) Average car Petrol,miles,kg CO2e,0.26187,01/01/2025,31/12/2025,UK DESNZ activity-based conversion factors 2025
2025,25_301_3071_9_1,Activity,Scope 3,Business travel- land,Cars (by size),Average car,Hybrid,Business travel- land Cars (by size) Average car Hybrid,miles,kg CO2e,0.20639,01/01/2025,31/12/2025,UK DESNZ activity-based conversion factors 2025
2025,25_301_3072_9_1,Activity,Scope 3,Business travel- land,Cars (by size),Average car,CNG,Business travel- land Cars (by size) Average car CNG,miles,kg CO2e,0.28025,01/01/2025,31/12/2025,UK DESNZ activity-based conversion factors 2025
2025,25_301_3073_9_1,Activity,Scope 3,Business travel- land,Cars (by size),Average car,LPG,Business travel- land Cars (by size) Average car LPG,miles,kg CO2e,0.31541,01/01/2025,31/12/2025,UK DESNZ activity-based conversion factors 2025
2025,25_301_3074_9_1,Activity,Scope 3,Business travel- land,Cars (by size),Average car,Unknown,Business travel- land Cars (by size) Average car Unknown,miles,kg CO2e,0.26915,01/01/2025,31/12/2025,UK DESNZ activity-based conversion factors 2025
2025,25_301_3075_9_1,Activity,Scope 3,Business travel- land,Cars (by size),Average car,Plug-in Hybrid Electric Vehicle,Business travel- land Cars (by size) Average car Plug-in Hybrid Electric Vehicle,miles,kg CO2e,0.16834,01/01/2025,31/12/2025,UK DESNZ activity-based conversion factors 2025
2025,25_301_3076_9_1,Activity,Scope 3,Business travel- land,Cars (by size),Average car,Battery Electric Vehicle,Business travel- land Cars (by size) Average car Battery Electric Vehicle,miles,kg CO2e,0.06512,01/01/2025,31/12/2025,UK DESNZ activity-based conversion factors 2025
2025,25_302_3077_4_1,Activity,Scope 3,Business travel- land,Motorbike,Small,,Business travel- land Motorbike Small ,km,kg CO2e,0.08319,01/01/2025,31/12/2025,UK DESNZ activity-based conversion factors 2025
2025,25_302_3077_9_1,Activity,Scope 3,Business travel- land,Motorbike,Small,,Business travel- land Motorbike Small ,miles,kg CO2e,0.13389,01/01/2025,31/12/2025,UK DESNZ activity-based conversion factors 2025
2025,25_302_3078_4_1,Activity,Scope 3,Business travel- land,Motorbike,Medium,,Business travel- land Motorbike Medium ,km,kg CO2e,0.10108,01/01/2025,31/12/2025,UK DESNZ activity-based conversion factors 2025
2025,25_302_3078_9_1,Activity,Scope 3,Business travel- land,Motorbike,Medium,,Business travel- land Motorbike Medium ,miles,kg CO2e,0.16266,01/01/2025,31/12/2025,UK DESNZ activity-based conversion factors 2025
2025,25_302_3079_4_1,Activity,Scope 3,Business travel- land,Motorbike,Large,,Business travel- land Motorbike Large ,km,kg CO2e,0.13252,01/01/2025,31/12/2025,UK DESNZ activity-based conversion factors 2025
2025,25_302_3079_9_1,Activity,Scope 3,Business travel- land,Motorbike,Large,,Business travel- land Motorbike Large ,miles,kg CO2e,0.21326,01/01/2025,31/12/2025,UK DESNZ activity-based conversion factors 2025
2025,25_302_3080_4_1,Activity,Scope 3,Business travel- land,Motorbike,Average,,Business travel- land Motorbike Average ,km,kg CO2e,0.11367,01/01/2025,31/12/2025,UK DESNZ activity-based conversion factors 2025
2025,25_302_3080_9_1,Activity,Scope 3,Business travel- land,Motorbike,Average,,Business travel- land Motorbike Average ,miles,kg CO2e,0.18294,01/01/2025,31/12/2025,UK DESNZ activity-based conversion factors 2025
2025,25_313_3141_11_1,Activity,Scope 3,Business travel- land,Taxis,Regular taxi,,Business travel- land Taxis Regular taxi ,passenger.km,kg CO2e,0.14861,01/01/2025,31/12/2025,UK DESNZ activity-based conversion factors 2025
2025,25_313_3141_4_1,Activity,Scope 3,Business travel- land,Taxis,Regular taxi,,Business travel- land Taxis Regular taxi ,km,kg CO2e,0.20806,01/01/2025,31/12/2025,UK DESNZ activity-based conversion factors 2025
2025,25_313_3142_11_1,Activity,Scope 3,Business travel- land,Taxis,Black cab,,Business travel- land Taxis Black cab ,passenger.km,kg CO2e,0.20402,01/01/2025,31/12/2025,UK DESNZ activity-based conversion factors 2025
2025,25_313_3142_4_1,Activity,Scope 3,Business travel- land,Taxis,Black cab,,Business travel- land Taxis Black cab ,km,kg CO2e,0.30604,01/01/2025,31/12/2025,UK DESNZ activity-based conversion factors 2025
2025,25_314_3143_11_1,Activity,Scope 3,Business travel- land,Bus,Local bus (not London),,Business travel- land Bus Local bus (not London) ,passenger.km,kg CO2e,0.12525,01/01/2025,31/12/2025,UK DESNZ activity-based conversion factors 2025
2025,25_314_3144_11_1,Activity,Scope 3,Business travel- land,Bus,Local London bus,,Business travel- land Bus Local London bus ,passenger.km,kg CO2e,0.06875,01/01/2025,31/12/2025,UK DESNZ activity-based conversion factors 2025
2025,25_314_3145_11_1,Activity,Scope 3,Business travel- land,Bus,Average local bus,,Business travel- land Bus Average local bus ,passenger.km,kg CO2e,0.10385,01/01/2025,31/12/2025,UK DESNZ activity-based conversion factors 2025
2025,25_314_3146_11_1,Activity,Scope 3,Business travel- land,Bus,Coach,,Business travel- land Bus Coach ,passenger.km,kg CO2e,0.02776,01/01/2025,31/12/2025,UK DESNZ activity-based conversion factors 2025
2025,25_315_3147_11_1,Activity,Scope 3,Business travel- land,Rail,National rail,,Business travel- land Rail National rail ,passenger.km,kg CO2e,0.03546,01/01/2025,31/12/2025,UK DESNZ activity-based conversion factors 2025
2025,25_315_3148_11_1,Activity,Scope 3,Business travel- land,Rail,International rail,,Business travel- land Rail International rail ,passenger.km,kg CO2e,0.00446,01/01/2025,31/12/2025,UK DESNZ activity-based conversion factors 2025
2025,25_315_3149_11_1,Activity,Scope 3,Business travel- land,Rail,Light rail and tram,,Business travel- land Rail Light rail and tram ,passenger.km,kg CO2e,0.0286,01/01/2025,31/12/2025,UK DESNZ activity-based conversion factors 2025
2025,25_315_3150_11_1,Activity,Scope 3,Business travel- land,Rail,London Underground,,Business travel- land Rail London Underground ,passenger.km,kg CO2e,0.0278,01/01/2025,31/12/2025,UK DESNZ activity-based conversion factors 2025
2025,26_903_3000_4_1,Activity,Scope 3,WTT- pass vehs & travel- land,WTT- cars (by market segment),Mini,Diesel,WTT- pass vehs & travel- land WTT- cars (by market segment) Mini Diesel,km,kg CO2e,0.02613,01/01/2025,31/12/2025,UK DESNZ activity-based conversion factors 2025
2025,26_903_3001_4_1,Activity,Scope 3,WTT- pass vehs & travel- land,WTT- cars (by market segment),Mini,Petrol,WTT- pass vehs & travel- land WTT- cars (by market segment) Mini Petrol,km,kg CO2e,0.03655,01/01/2025,31/12/2025,UK DESNZ activity-based conversion factors 2025
2025,26_903_3002_4_1,Activity,Scope 3,WTT- pass vehs & travel- land,WTT- cars (by market segment),Mini,Unknown,WTT- pass vehs & travel- land WTT- cars (by market segment) Mini Unknown,km,kg CO2e,0.03648,01/01/2025,31/12/2025,UK DESNZ activity-based conversion factors 2025
2025,26_903_3004_4_1,Activity,Scope 3,WTT- pass vehs & travel- land,WTT- cars (by market segment),Mini,Battery Electric Vehicle,WTT- pass vehs & travel- land WTT- cars (by market segment) Mini Battery Electric Vehicle,km,kg CO2e,0.00851,01/01/2025,31/12/2025,UK DESNZ activity-based conversion factors 2025
2025,26_903_3000_9_1,Activity,Scope 3,WTT- pass vehs & travel- land,WTT- cars (by market segment),Mini,Diesel,WTT- pass vehs & travel- land WTT- cars (by market segment) Mini Diesel,miles,kg CO2e,0.04205,01/01/2025,31/12/2025,UK DESNZ activity-based conversion factors 2025
2025,26_903_3001_9_1,Activity,Scope 3,WTT- pass vehs & travel- land,WTT- cars (by market segment),Mini,Petrol,WTT- pass vehs & travel- land WTT- cars (by market segment) Mini Petrol,miles,kg CO2e,0.05881,01/01/2025,31/12/2025,UK DESNZ activity-based conversion factors 2025
2025,26_903_3002_9_1,Activity,Scope 3,WTT- pass vehs & travel- land,WTT- cars (by market segment),Mini,Unknown,WTT- pass vehs & travel- land WTT- cars (by market segment) Mini Unknown,miles,kg CO2e,0.05871,01/01/2025,31/12/2025,UK DESNZ activity-based conversion factors 2025
2025,26_903_3004_9_1,Activity,Scope 3,WTT- pass vehs & travel- land,WTT- cars (by market segment),Mini,Battery Electric Vehicle,WTT- pass vehs & travel- land WTT- cars (by market segment) Mini Battery Electric Vehicle,miles,kg CO2e,0.0137,01/01/2025,31/12/2025,UK DESNZ activity-based conversion factors 2025
2025,26_903_3005_4_1,Activity,Scope 3,WTT- pass vehs & travel- land,WTT- cars (by market segment),Supermini,Diesel,WTT- pass vehs & travel- land WTT- cars (by market segment) Supermini Diesel,km,kg CO2e,0.03208,01/01/2025,31/12/2025,UK DESNZ activity-based conversion factors 2025
2025,26_903_3006_4_1,Activity,Scope 3,WTT- pass vehs & travel- land,WTT- cars (by market segment),Supermini,Petrol,WTT- pass vehs & travel- land WTT- cars (by market segment) Supermini Petrol,km,kg CO2e,0.04019,01/01/2025,31/12/2025,UK DESNZ activity-based conversion factors 2025
2025,26_903_3007_4_1,Activity,Scope 3,WTT- pass vehs & travel- land,WTT- cars (by market segment),Supermini,Unknown,WTT- pass vehs & travel- land WTT- cars (by market segment) Supermini Unknown,km,kg CO2e,0.03929,01/01/2025,31/12/2025,UK DESNZ activity-based conversion factors 2025
2025,26_903_3008_4_1,Activity,Scope 3,WTT- pass vehs & travel- land,WTT- cars (by market segment),Supermini,Plug-in Hybrid Electric Vehicle,WTT- pass vehs & travel- land WTT- cars (by market segment) Supermini Plug-in Hybrid Electric Vehicle,km,kg CO2e,0.0152,01/01/2025,31/12/2025,UK DESNZ activity-based conversion factors 2025
2025,26_903_3009_4_1,Activity,Scope 3,WTT- pass vehs & travel- land,WTT- cars (by market segment),Supermini,Battery Electric Vehicle,WTT- pass vehs & travel- land WTT- cars (by market segment) Supermini Battery Electric Vehicle,km,kg CO2e,0.00971,01/01/2025,31/12/2025,UK DESNZ activity-based conversion factors 2025
2025,26_903_3005_9_1,Activity,Scope 3,WTT- pass vehs & travel- land,WTT- cars (by market segment),Supermini,Diesel,WTT- pass vehs & travel- land WTT- cars (by market segment) Supermini Diesel,miles,kg CO2e,0.05162,01/01/2025,31/12/2025,UK DESNZ activity-based conversion factors 2025
2025,26_903_3006_9_1,Activity,Scope 3,WTT- pass vehs & travel- land,WTT- cars (by market segment),Supermini,Petrol,WTT- pass vehs & travel- land WTT- cars (by market segment) Supermini Petrol,miles,kg CO2e,0.06469,01/01/2025,31/12/2025,UK DESNZ activity-based conversion factors 2025
2025,26_903_3007_9_1,Activity,Scope 3,WTT- pass vehs & travel- land,WTT- cars (by market segment),Supermini,Unknown,WTT- pass vehs & travel- land WTT- cars (by market segment) Supermini Unknown,miles,kg CO2e,0.06324,01/01/2025,31/12/2025,UK DESNZ activity-based conversion factors 2025
2025,26_903_3008_9_1,Activity,Scope 3,WTT- pass vehs & travel- land,WTT- cars (by market segment),Supermini,Plug-in Hybrid Electric Vehicle,WTT- pass vehs & travel- land WTT- cars (by market segment) Supermini Plug-in Hybrid Electric Vehicle,miles,kg CO2e,0.02446,01/01/2025,31/12/2025,UK DESNZ activity-based conversion factors 2025
2025,26_903_3009_9_1,Activity,Scope 3,WTT- pass vehs & travel- land,WTT- cars (by market segment),Supermini,Battery Electric Vehicle,WTT- pass vehs & travel- land WTT- cars (by market segment) Supermini Battery Electric Vehicle,miles,kg CO2e,0.01563,01/01/2025,31/12/2025,UK DESNZ activity-based conversion factors 2025
2025,26_903_3010_4_1,Activity,Scope 3,WTT- pass vehs & travel- land,WTT- cars (by market segment),Lower medium,Diesel,WTT- pass vehs & travel- land WTT- cars (by market segment) Lower medium Diesel,km,kg CO2e,0.03482,01/01/2025,31/12/2025,UK DESNZ activity-based conversion factors 2025
2025,26_903_3011_4_1,Activity,Scope 3,WTT- pass vehs & travel- land,WTT- cars (by market segment),Lower medium,Petrol,WTT- pass vehs & travel- land WTT- cars (by market segment) Lower medium Petrol,km,kg CO2e,0.04582,01/01/2025,31/12/2025,UK DESNZ activity-based conversion factors 2025
2025,26_903_3012_4_1,Activity,Scope 3,WTT- pass vehs & travel- land,WTT- cars (by market segment),Lower medium,Unknown,WTT- pass vehs & travel- land WTT- cars (by market segment) Lower medium Unknown,km,kg CO2e,0.04114,01/01/2025,31/12/2025,UK DESNZ activity-based conversion factors 2025
2025,26_903_3013_4_1,Activity,Scope 3,WTT- pass vehs & travel- land,WTT- cars (by market segment),Lower medium,Plug-in Hybrid Electric Vehicle,WTT- pass vehs & travel- land WTT- cars (by market segment) Lower medium Plug-in Hybrid Electric Vehicle,km,kg CO2e,0.0242,01/01/2025,31/12/2025,UK DESNZ activity-based conversion factors 2025
2025,26_903_3014_4_1,Activity,Scope 3,WTT- pass vehs & travel- land,WTT- cars (by market segment),Lower medium,Battery Electric Vehicle,WTT- pass vehs & travel- land WTT- cars (by market segment) Lower medium Battery Electric Vehicle,km,kg CO2e,0.0102,01/01/2025,31/12/2025,UK DESNZ activity-based conversion factors 2025
2025,26_903_3010_9_1,Activity,Scope 3,WTT- pass vehs & travel- land,WTT- cars (by market segment),Lower medium,Diesel,WTT- pass vehs & travel- land WTT- cars (by market segment) Lower medium Diesel,miles,kg CO2e,0.05603,01/01/2025,31/12/2025,UK DESNZ activity-based conversion factors 2025
2025,26_903_3011_9_1,Activity,Scope 3,WTT- pass vehs & travel- land,WTT- cars (by market segment),Lower medium,Petrol,WTT- pass vehs & travel- land WTT- cars (by market segment) Lower medium Petrol,miles,kg CO2e,0.07375,01/01/2025,31/12/2025,UK DESNZ activity-based conversion factors 2025
2025,26_903_3012_9_1,Activity,Scope 3,WTT- pass vehs & travel- land,WTT- cars (by market segment),Lower medium,Unknown,WTT- pass vehs & travel- land WTT- cars (by market segment) Lower medium Unknown,miles,kg CO2e,0.0662,01/01/2025,31/12/2025,UK DESNZ activity-based conversion factors 2025
2025,26_903_3013_9_1,Activity,Scope 3,WTT- pass vehs & travel- land,WTT- cars (by market segment),Lower medium,Plug-in Hybrid Electric Vehicle,WTT- pass vehs & travel- land WTT- cars (by market segment) Lower medium Plug-in Hybrid Electric Vehicle,miles,kg CO2e,0.03894,01/01/2025,31/12/2025,UK DESNZ activity-based conversion factors 2025
2025,26_903_3014_9_1,Activity,Scope 3,WTT- pass vehs & travel- land,WTT- cars (by market segment),Lower medium,Battery Electric Vehicle,WTT- pass vehs & travel- land WTT- cars (by market segment) Lower medium Battery Electric Vehicle,miles,kg CO2e,0.01642,01/01/2025,31/12/2025,UK DESNZ activity-based conversion factors 2025
2025,26_903_3015_4_1,Activity,Scope 3,WTT- pass vehs & travel- land,WTT- cars (by market segment),Upper medium,Diesel,WTT- pass vehs & travel- land WTT- cars (by market segment) Upper medium Diesel,km,kg CO2e,0.03915,01/01/2025,31/12/2025,UK DESNZ activity-based conversion factors 2025
2025,26_903_3016_4_1,Activity,Scope 3,WTT- pass vehs & travel- land,WTT- cars (by market segment),Upper medium,Petrol,WTT- pass vehs & travel- land WTT- cars (by market segment) Upper medium Petrol,km,kg CO2e,0.05301,01/01/2025,31/12/2025,UK DESNZ activity-based conversion factors 2025
2025,26_903_3017_4_1,Activity,Scope 3,WTT- pass vehs & travel- land,WTT- cars (by market segment),Upper medium,Unknown,WTT- pass vehs & travel- land WTT- cars (by market segment) Upper medium Unknown,km,kg CO2e,0.04255,01/01/2025,31/12/2025,UK DESNZ activity-based conversion factors 2025
2025,26_903_3018_4_1,Activity,Scope 3,WTT- pass vehs & travel- land,WTT- cars (by market segment),Upper medium,Plug-in Hybrid Electric Vehicle,WTT- pass vehs & travel- land WTT- cars (by market segment) Upper medium Plug-in Hybrid Electric Vehicle,km,kg CO2e,0.02629,01/01/2025,31/12/2025,UK DESNZ activity-based conversion factors 2025
2025,26_903_3019_4_1,Activity,Scope 3,WTT- pass vehs & travel- land,WTT- cars (by market segment),Upper medium,Battery Electric Vehicle,WTT- pass vehs & travel- land WTT- cars (by market segment) Upper medium Battery Electric Vehicle,km,kg CO2e,0.01044,01/01/2025,31/12/2025,UK DESNZ activity-based conversion factors 2025
2025,26_903_3015_9_1,Activity,Scope 3,WTT- pass vehs & travel- land,WTT- cars (by market segment),Upper medium,Diesel,WTT- pass vehs & travel- land WTT- cars (by market segment) Upper medium Diesel,miles,kg CO2e,0.06301,01/01/2025,31/12/2025,UK DESNZ activity-based conversion factors 2025
2025,26_903_3016_9_1,Activity,Scope 3,WTT- pass vehs & travel- land,WTT- cars (by market segment),Upper medium,Petrol,WTT- pass vehs & travel- land WTT- cars (by market segment) Upper medium Petrol,miles,kg CO2e,0.08531,01/01/2025,31/12/2025,UK DESNZ activity-based conversion factors 2025
2025,26_903_3017_9_1,Activity,Scope 3,WTT- pass vehs & travel- land,WTT- cars (by market segment),Upper medium,Unknown,WTT- pass vehs & travel- land WTT- cars (by market segment) Upper medium Unknown,miles,kg CO2e,0.06847,01/01/2025,31/12/2025,UK DESNZ activity-based conversion factors 2025
2025,26_903_3018_9_1,Activity,Scope 3,WTT- pass vehs & travel- land,WTT- cars (by market segment),Upper medium,Plug-in Hybrid Electric Vehicle,WTT- pass vehs & travel- land WTT- cars (by market segment) Upper medium Plug-in Hybrid Electric Vehicle,miles,kg CO2e,0.04231,01/01/2025,31/12/2025,UK DESNZ activity-based conversion factors 2025
2025,26_903_3019_9_1,Activity,Scope 3,WTT- pass vehs & travel- land,WTT- cars (by market segment),Upper medium,Battery Electric Vehicle,WTT- pass vehs & travel- land WTT- cars (by market segment) Upper medium Battery Electric Vehicle,miles,kg CO2e,0.0168,01/01/2025,31/12/2025,UK DESNZ activity-based conversion factors 2025
2025,26_903_3020_4_1,Activity,Scope 3,WTT- pass vehs & travel- land,WTT- cars (by market segment),Executive,Diesel,WTT- pass vehs & travel- land WTT- cars (by market segment) Executive Diesel,km,kg CO2e,0.0415,01/01/2025,31/12/2025,UK DESNZ activity-based conversion factors 2025
2025,26_903_3021_4_1,Activity,Scope 3,WTT- pass vehs & travel- land,WTT- cars (by market segment),Executive,Petrol,WTT- pass vehs & travel- land WTT- cars (by market segment) Executive Petrol,km,kg CO2e,0.05824,01/01/2025,31/12/2025,UK DESNZ activity-based conversion factors 2025
2025,26_903_3022_4_1,Activity,Scope 3,WTT- pass vehs & travel- land,WTT- cars (by market segment),Executive,Unknown,WTT- pass vehs & travel- land WTT- cars (by market segment) Executive Unknown,km,kg CO2e,0.04557,01/01/2025,31/12/2025,UK DESNZ activity-based conversion factors 2025
2025,26_903_3023_4_1,Activity,Scope 3,WTT- pass vehs & travel- land,WTT- cars (by market segment),Executive,Plug-in Hybrid Electric Vehicle,WTT- pass vehs & travel- land WTT- cars (by market segment) Executive Plug-in Hybrid Electric Vehicle,km,kg CO2e,0.02588,01/01/2025,31/12/2025,UK DESNZ activity-based conversion factors 2025
2025,26_903_3024_4_1,Activity,Scope 3,WTT- pass vehs & travel- land,WTT- cars (by market segment),Executive,Battery Electric Vehicle,WTT- pass vehs & travel- land WTT- cars (by market segment) Executive Battery Electric Vehicle,km,kg CO2e,0.00944,01/01/2025,31/12/2025,UK DESNZ activity-based conversion factors 2025
2025,26_903_3020_9_1,Activity,Scope 3,WTT- pass vehs & travel- land,WTT- cars (by market segment),Executive,Diesel,WTT- pass vehs & travel- land WTT- cars (by market segment) Executive Diesel,miles,kg CO2e,0.06679,01/01/2025,31/12/2025,UK DESNZ activity-based conversion factors 2025
2025,26_903_3021_9_1,Activity,Scope 3,WTT- pass vehs & travel- land,WTT- cars (by market segment),Executive,Petrol,WTT- pass vehs & travel- land WTT- cars (by market segment) Executive Petrol,miles,kg CO2e,0.09373,01/01/2025,31/12/2025,UK DESNZ activity-based conversion factors 2025
2025,26_903_3022_9_1,Activity,Scope 3,WTT- pass vehs & travel- land,WTT- cars (by market segment),Executive,Unknown,WTT- pass vehs & travel- land WTT- cars (by market segment) Executive Unknown,miles,kg CO2e,0.07334,01/01/2025,31/12/2025,UK DESNZ activity-based conversion factors 2025
2025,26_903_3023_9_1,Activity,Scope 3,WTT- pass vehs & travel- land,WTT- cars (by market segment),Executive,Plug-in Hybrid Electric Vehicle,WTT- pass vehs & travel- land WTT- cars (by market segment) Executive Plug-in Hybrid Electric Vehicle,miles,kg CO2e,0.04165,01/01/2025,31/12/2025,UK DESNZ activity-based conversion factors 2025
2025,26_903_3024_9_1,Activity,Scope 3,WTT- pass vehs & travel- land,WTT- cars (by market segment),Executive,Battery Electric Vehicle,WTT- pass vehs & travel- land WTT- cars (by market segment) Executive Battery Electric Vehicle,miles,kg CO2e,0.01519,01/01/2025,31/12/2025,UK DESNZ activity-based conversion factors 2025
2025,26_903_3025_4_1,Activity,Scope 3,WTT- pass vehs & travel- land,WTT- cars (by market segment),Luxury,Diesel,WTT- pass vehs & travel- land WTT- cars (by market segment) Luxury Diesel,km,kg CO2e,0.05061,01/01/2025,31/12/2025,UK DESNZ activity-based conversion factors 2025
2025,26_903_3026_4_1,Activity,Scope 3,WTT- pass vehs & travel- land,WTT- cars (by market segment),Luxury,Petrol,WTT- pass vehs & travel- land WTT- cars (by market segment) Luxury Petrol,km,kg CO2e,0.08949,01/01/2025,31/12/2025,UK DESNZ activity-based conversion factors 2025
2025,26_903_3027_4_1,Activity,Scope 3,WTT- pass vehs & travel- land,WTT- cars (by market segment),Luxury,Unknown,WTT- pass vehs & travel- land WTT- cars (by market segment) Luxury Unknown,km,kg CO2e,0.06834,01/01/2025,31/12/2025,UK DESNZ activity-based conversion factors 2025
2025,26_903_3028_4_1,Activity,Scope 3,WTT- pass vehs & travel- land,WTT- cars (by market segment),Luxury,Plug-in Hybrid Electric Vehicle,WTT- pass vehs & travel- land WTT- cars (by market segment) Luxury Plug-in Hybrid Electric Vehicle,km,kg CO2e,0.03629,01/01/2025,31/12/2025,UK DESNZ activity-based conversion factors 2025
2025,26_903_3029_4_1,Activity,Scope 3,WTT- pass vehs & travel- land,WTT- cars (by market segment),Luxury,Battery Electric Vehicle,WTT- pass vehs & travel- land WTT- cars (by market segment) Luxury Battery Electric Vehicle,km,kg CO2e,0.01272,01/01/2025,31/12/2025,UK DESNZ activity-based conversion factors 2025
2025,26_903_3025_9_1,Activity,Scope 3,WTT- pass vehs & travel- land,WTT- cars (by market segment),Luxury,Diesel,WTT- pass vehs & travel- land WTT- cars (by market segment) Luxury Diesel,miles,kg CO2e,0.08145,01/01/2025,31/12/2025,UK DESNZ activity-based conversion factors 2025
2025,26_903_3026_9_1,Activity,Scope 3,WTT- pass vehs & travel- land,WTT- cars (by market segment),Luxury,Petrol,WTT- pass vehs & travel- land WTT- cars (by market segment) Luxury Petrol,miles,kg CO2e,0.14403,01/01/2025,31/12/2025,UK DESNZ activity-based conversion factors 2025
2025,26_903_3027_9_1,Activity,Scope 3,WTT- pass vehs & travel- land,WTT- cars (by market segment),Luxury,Unknown,WTT- pass vehs & travel- land WTT- cars (by market segment) Luxury Unknown,miles,kg CO2e,0.10998,01/01/2025,31/12/2025,UK DESNZ activity-based conversion factors 2025
2025,26_903_3028_9_1,Activity,Scope 3,WTT- pass vehs & travel- land,WTT- cars (by market segment),Luxury,Plug-in Hybrid Electric Vehicle,WTT- pass vehs & travel- land WTT- cars (by market segment) Luxury Plug-in Hybrid Electric Vehicle,miles,kg CO2e,0.05841,01/01/2025,31/12/2025,UK DESNZ activity-based conversion factors 2025
2025,26_903_3029_9_1,Activity,Scope 3,WTT- pass vehs & travel- land,WTT- cars (by market segment),Luxury,Battery Electric Vehicle,WTT- pass vehs & travel- land WTT- cars (by market segment) Luxury Battery Electric Vehicle,miles,kg CO2e,0.02047,01/01/2025,31/12/2025,UK DESNZ activity-based conversion factors 2025
2025,26_903_3030_4_1,Activity,Scope 3,WTT- pass vehs & travel- land,WTT- cars (by market segment),Sports,Diesel,WTT- pass vehs & travel- land WTT- cars (by market segment) Sports Diesel,km,kg CO2e,0.04154,01/01/2025,31/12/2025,UK DESNZ activity-based conversion factors 2025
2025,26_903_3031_4_1,Activity,Scope 3,WTT- pass vehs & travel- land,WTT- cars (by market segment),Sports,Petrol,WTT- pass vehs & travel- land WTT- cars (by market segment) Sports Petrol,km,kg CO2e,0.06587,01/01/2025,31/12/2025,UK DESNZ activity-based conversion factors 2025
2025,26_903_3032_4_1,Activity,Scope 3,WTT- pass vehs & travel- land,WTT- cars (by market segment),Sports,Unknown,WTT- pass vehs & travel- land WTT- cars (by market segment) Sports Unknown,km,kg CO2e,0.06208,01/01/2025,31/12/2025,UK DESNZ activity-based conversion factors 2025
2025,26_903_3033_4_1,Activity,Scope 3,WTT- pass vehs & travel- land,WTT- cars (by market segment),Sports,Plug-in Hybrid Electric Vehicle,WTT- pass vehs & travel- land WTT- cars (by market segment) Sports Plug-in Hybrid Electric Vehicle,km,kg CO2e,0.03615,01/01/2025,31/12/2025,UK DESNZ activity-based conversion factors 2025
2025,26_903_3034_4_1,Activity,Scope 3,WTT- pass vehs & travel- land,WTT- cars (by market segment),Sports,Battery Electric Vehicle,WTT- pass vehs & travel- land WTT- cars (by market segment) Sports Battery Electric Vehicle,km,kg CO2e,0.01628,01/01/2025,31/12/2025,UK DESNZ activity-based conversion factors 2025
2025,26_903_3030_9_1,Activity,Scope 3,WTT- pass vehs & travel- land,WTT- cars (by market segment),Sports,Diesel,WTT- pass vehs & travel- land WTT- cars (by market segment) Sports Diesel,miles,kg CO2e,0.06686,01/01/2025,31/12/2025,UK DESNZ activity-based conversion factors 2025
2025,26_903_3031_9_1,Activity,Scope 3,WTT- pass vehs & travel- land,WTT- cars (by market segment),Sports,Petrol,WTT- pass vehs & travel- land WTT- cars (by market segment) Sports Petrol,miles,kg CO2e,0.10601,01/01/2025,31/12/2025,UK DESNZ activity-based conversion factors 2025
2025,26_903_3032_9_1,Activity,Scope 3,WTT- pass vehs & travel- land,WTT- cars (by market segment),Sports,Unknown,WTT- pass vehs & travel- land WTT- cars (by market segment) Sports Unknown,miles,kg CO2e,0.09991,01/01/2025,31/12/2025,UK DESNZ activity-based conversion factors 2025
2025,26_903_3033_9_1,Activity,Scope 3,WTT- pass vehs & travel- land,WTT- cars (by market segment),Sports,Plug-in Hybrid Electric Vehicle,WTT- pass vehs & travel- land WTT- cars (by market segment) Sports Plug-in Hybrid Electric Vehicle,miles,kg CO2e,0.05817,01/01/2025,31/12/2025,UK DESNZ activity-based conversion factors 2025
2025,26_903_3034_9_1,Activity,Scope 3,WTT- pass vehs & travel- land,WTT- cars (by market segment),Sports,Battery Electric Vehicle,WTT- pass vehs & travel- land WTT- cars (by market segment) Sports Battery Electric Vehicle,miles,kg CO2e,0.02619,01/01/2025,31/12/2025,UK DESNZ activity-based conversion factors 2025
2025,26_903_3035_4_1,Activity,Scope 3,WTT- pass vehs & travel- land,WTT- cars (by market segment),Dual purpose 4X4,Diesel,WTT- pass vehs & travel- land WTT- cars (by market segment) Dual purpose 4X4 Diesel,km,kg CO2e,0.0483,01/01/2025,31/12/2025,UK DESNZ activity-based conversion factors 2025
2025,26_903_3036_4_1,Activity,Scope 3,WTT- pass vehs & travel- land,WTT- cars (by market segment),Dual purpose 4X4,Petrol,WTT- pass vehs & travel- land WTT- cars (by market segment) Dual purpose 4X4 Petrol,km,kg CO2e,0.0549,01/01/2025,31/12/2025,UK DESNZ activity-based conversion factors 2025
2025,26_903_3037_4_1,Activity,Scope 3,WTT- pass vehs & travel- land,WTT- cars (by market segment),Dual purpose 4X4,Unknown,WTT- pass vehs & travel- land WTT- cars (by market segment) Dual purpose 4X4 Unknown,km,kg CO2e,0.05061,01/01/2025,31/12/2025,UK DESNZ activity-based conversion factors 2025
2025,26_903_3038_4_1,Activity,Scope 3,WTT- pass vehs & travel- land,WTT- cars (by market segment),Dual purpose 4X4,Plug-in Hybrid Electric Vehicle,WTT- pass vehs & travel- land WTT- cars (by market segment) Dual purpose 4X4 Plug-in Hybrid Electric Vehicle,km,kg CO2e,0.03308,01/01/2025,31/12/2025,UK DESNZ activity-based conversion factors 2025
2025,26_903_3039_4_1,Activity,Scope 3,WTT- pass vehs & travel- land,WTT- cars (by market segment),Dual purpose 4X4,Battery Electric Vehicle,WTT- pass vehs & travel- land WTT- cars (by market segment) Dual purpose 4X4 Battery Electric Vehicle,km,kg CO2e,0.01106,01/01/2025,31/12/2025,UK DESNZ activity-based conversion factors 2025
2025,26_903_3035_9_1,Activity,Scope 3,WTT- pass vehs & travel- land,WTT- cars (by market segment),Dual purpose 4X4,Diesel,WTT- pass vehs & travel- land WTT- cars (by market segment) Dual purpose 4X4 Diesel,miles,kg CO2e,0.07773,01/01/2025,31/12/2025,UK DESNZ activity-based conversion factors 2025
2025,26_903_3036_9_1,Activity,Scope 3,WTT- pass vehs & travel- land,WTT- cars (by market segment),Dual purpose 4X4,Petrol,WTT- pass vehs & travel- land WTT- cars (by market segment) Dual purpose 4X4 Petrol,miles,kg CO2e,0.08836,01/01/2025,31/12/2025,UK DESNZ activity-based conversion factors 2025
2025,26_903_3037_9_1,Activity,Scope 3,WTT- pass vehs & travel- land,WTT- cars (by market segment),Dual purpose 4X4,Unknown,WTT- pass vehs & travel- land WTT- cars (by market segment) Dual purpose 4X4 Unknown,miles,kg CO2e,0.08145,01/01/2025,31/12/2025,UK DESNZ activity-based conversion factors 2025
2025,26_903_3038_9_1,Activity,Scope 3,WTT- pass vehs & travel- land,WTT- cars (by market segment),Dual purpose 4X4,Plug-in Hybrid Electric Vehicle,WTT- pass vehs & travel- land WTT- cars (by market segment) Dual purpose 4X4 Plug-in Hybrid Electric Vehicle,miles,kg CO2e,0.05323,01/01/2025,31/12/2025,UK DESNZ activity-based conversion factors 2025
2025,26_903_3039_9_1,Activity,Scope 3,WTT- pass vehs & travel- land,WTT- cars (by market segment),Dual purpose 4X4,Battery Electric Vehicle,WTT- pass vehs & travel- land WTT- cars (by market segment) Dual purpose 4X4 Battery Electric Vehicle,miles,kg CO2e,0.0178,01/01/2025,31/12/2025,UK DESNZ activity-based conversion factors 2025
2025,26_903_3040_4_1,Activity,Scope 3,WTT- pass vehs & travel- land,WTT- cars (by market segment),MPV,Diesel,WTT- pass vehs & travel- land WTT- cars (by market segment) MPV Diesel,km,kg CO2e,0.04335,01/01/2025,31/12/2025,UK DESNZ activity-based conversion factors 2025
2025,26_903_3041_4_1,Activity,Scope 3,WTT- pass vehs & travel- land,WTT- cars (by market segment),MPV,Petrol,WTT- pass vehs & travel- land WTT- cars (by market segment) MPV Petrol,km,kg CO2e,0.05114,01/01/2025,31/12/2025,UK DESNZ activity-based conversion factors 2025
2025,26_903_3042_4_1,Activity,Scope 3,WTT- pass vehs & travel- land,WTT- cars (by market segment),MPV,Unknown,WTT- pass vehs & travel- land WTT- cars (by market segment) MPV Unknown,km,kg CO2e,0.04538,01/01/2025,31/12/2025,UK DESNZ activity-based conversion factors 2025
2025,26_903_3043_4_1,Activity,Scope 3,WTT- pass vehs & travel- land,WTT- cars (by market segment),MPV,Plug-in Hybrid Electric Vehicle,WTT- pass vehs & travel- land WTT- cars (by market segment) MPV Plug-in Hybrid Electric Vehicle,km,kg CO2e,0.02715,01/01/2025,31/12/2025,UK DESNZ activity-based conversion factors 2025
2025,26_903_3044_4_1,Activity,Scope 3,WTT- pass vehs & travel- land,WTT- cars (by market segment),MPV,Battery Electric Vehicle,WTT- pass vehs & travel- land WTT- cars (by market segment) MPV Battery Electric Vehicle,km,kg CO2e,0.01455,01/01/2025,31/12/2025,UK DESNZ activity-based conversion factors 2025
2025,26_903_3040_9_1,Activity,Scope 3,WTT- pass vehs & travel- land,WTT- cars (by market segment),MPV,Diesel,WTT- pass vehs & travel- land WTT- cars (by market segment) MPV Diesel,miles,kg CO2e,0.06977,01/01/2025,31/12/2025,UK DESNZ activity-based conversion factors 2025
2025,26_903_3041_9_1,Activity,Scope 3,WTT- pass vehs & travel- land,WTT- cars (by market segment),MPV,Petrol,WTT- pass vehs & travel- land WTT- cars (by market segment) MPV Petrol,miles,kg CO2e,0.08231,01/01/2025,31/12/2025,UK DESNZ activity-based conversion factors 2025
2025,26_903_3042_9_1,Activity,Scope 3,WTT- pass vehs & travel- land,WTT- cars (by market segment),MPV,Unknown,WTT- pass vehs & travel- land WTT- cars (by market segment) MPV Unknown,miles,kg CO2e,0.07303,01/01/2025,31/12/2025,UK DESNZ activity-based conversion factors 2025
2025,26_903_3043_9_1,Activity,Scope 3,WTT- pass vehs & travel- land,WTT- cars (by market segment),MPV,Plug-in Hybrid Electric Vehicle,WTT- pass vehs & travel- land WTT- cars (by market segment) MPV Plug-in Hybrid Electric Vehicle,miles,kg CO2e,0.04369,01/01/2025,31/12/2025,UK DESNZ activity-based conversion factors 2025
2025,26_903_3044_9_1,Activity,Scope 3,WTT- pass vehs & travel- land,WTT- cars (by market segment),MPV,Battery Electric Vehicle,WTT- pass vehs & travel- land WTT- cars (by market segment) MPV Battery Electric Vehicle,miles,kg CO2e,0.02341,01/01/2025,31/12/2025,UK DESNZ activity-based conversion factors 2025
2025,26_904_3045_4_1,Activity,Scope 3,WTT- pass vehs & travel- land,WTT- cars (by size),Small car,Diesel,WTT- pass vehs & travel- land WTT- cars (by size) Small car Diesel,km,kg CO2e,0.03409,01/01/2025,31/12/2025,UK DESNZ activity-based conversion factors 2025
2025,26_904_3046_4_1,Activity,Scope 3,WTT- pass vehs & travel- land,WTT- cars (by size),Small car,Petrol,WTT- pass vehs & travel- land WTT- cars (by size) Small car Petrol,km,kg CO2e,0.04015,01/01/2025,31/12/2025,UK DESNZ activity-based conversion factors 2025
2025,26_904_3047_4_1,Activity,Scope 3,WTT- pass vehs & travel- land,WTT- cars (by size),Small car,Hybrid,WTT- pass vehs & travel- land WTT- cars (by size) Small car Hybrid,km,kg CO2e,0.03026,01/01/2025,31/12/2025,UK DESNZ activity-based conversion factors 2025
2025,26_904_3050_4_1,Activity,Scope 3,WTT- pass vehs & travel- land,WTT- cars (by size),Small car,Unknown,WTT- pass vehs & travel- land WTT- cars (by size) Small car Unknown,km,kg CO2e,0.03836,01/01/2025,31/12/2025,UK DESNZ activity-based conversion factors 2025
2025,26_904_3051_4_1,Activity,Scope 3,WTT- pass vehs & travel- land,WTT- cars (by size),Small car,Plug-in Hybrid Electric Vehicle,WTT- pass vehs & travel- land WTT- cars (by size) Small car Plug-in Hybrid Electric Vehicle,km,kg CO2e,0.0152,01/01/2025,31/12/2025,UK DESNZ activity-based conversion factors 2025
2025,26_904_3052_4_1,Activity,Scope 3,WTT- pass vehs & travel- land,WTT- cars (by size),Small car,Battery Electric Vehicle,WTT- pass vehs & travel- land WTT- cars (by size) Small car Battery Electric Vehicle,km,kg CO2e,0.00948,01/01/2025,31/12/2025,UK DESNZ activity-based conversion factors 2025
2025,26_904_3045_9_1,Activity,Scope 3,WTT- pass vehs & travel- land,WTT- cars (by size),Small car,Diesel,WTT- pass vehs & travel- land WTT- cars (by size) Small car Diesel,miles,kg CO2e,0.05486,01/01/2025,31/12/2025,UK DESNZ activity-based conversion factors 2025
2025,26_904_3046_9_1,Activity,Scope 3,WTT- pass vehs & travel- land,WTT- cars (by size),Small car,Petrol,WTT- pass vehs & travel- land WTT- cars (by size) Small car Petrol,miles,kg CO2e,0.06461,01/01/2025,31/12/2025,UK DESNZ activity-based conversion factors 2025
2025,26_904_3047_9_1,Activity,Scope 3,WTT- pass vehs & travel- land,WTT- cars (by size),Small car,Hybrid,WTT- pass vehs & travel- land WTT- cars (by size) Small car Hybrid,miles,kg CO2e,0.0487,01/01/2025,31/12/2025,UK DESNZ activity-based conversion factors 2025
2025,26_904_3050_9_1,Activity,Scope 3,WTT- pass vehs & travel- land,WTT- cars (by size),Small car,Unknown,WTT- pass vehs & travel- land WTT- cars (by size) Small car Unknown,miles,kg CO2e,0.06173,01/01/2025,31/12/2025,UK DESNZ activity-based conversion factors 2025
2025,26_904_3051_9_1,Activity,Scope 3,WTT- pass vehs & travel- land,WTT- cars (by size),Small car,Plug-in Hybrid Electric Vehicle,WTT- pass vehs & travel- land WTT- cars (by size) Small car Plug-in Hybrid Electric Vehicle,miles,kg CO2e,0.02446,01/01/2025,31/12/2025,UK DESNZ activity-based conversion factors 2025
2025,26_904_3052_9_1,Activity,Scope 3,WTT- pass vehs & travel- land,WTT- cars (by size),Small car,Battery Electric Vehicle,WTT- pass vehs & travel- land WTT- cars (by size) Small car Battery Electric Vehicle,miles,kg CO2e,0.01525,01/01/2025,31/12/2025,UK DESNZ activity-based conversion factors 2025
2025,26_904_3053_4_1,Activity,Scope 3,WTT- pass vehs & travel- land,WTT- cars (by size),Medium car,Diesel,WTT- pass vehs & travel- land WTT- cars (by size) Medium car Diesel,km,kg CO2e,0.04103,01/01/2025,31/12/2025,UK DESNZ activity-based conversion factors 2025
2025,26_904_3054_4_1,Activity,Scope 3,WTT- pass vehs & travel- land,WTT- cars (by size),Medium car,Petrol,WTT- pass vehs & travel- land WTT- cars (by size) Medium car Petrol,km,kg CO2e,0.04957,01/01/2025,31/12/2025,UK DESNZ activity-based conversion factors 2025
2025,26_904_3055_4_1,Activity,Scope 3,WTT- pass vehs & travel- land,WTT- cars (by size),Medium car,Hybrid,WTT- pass vehs & travel- land WTT- cars (by size) Medium car Hybrid,km,kg CO2e,0.02998,01/01/2025,31/12/2025,UK DESNZ activity-based conversion factors 2025
2025,26_904_3056_4_1,Activity,Scope 3,WTT- pass vehs & travel- land,WTT- cars (by size),Medium car,CNG,WTT- pass vehs & travel- land WTT- cars (by size) Medium car CNG,km,kg CO2e,0.03211,01/01/2025,31/12/2025,UK DESNZ activity-based conversion factors 2025
2025,26_904_3057_4_1,Activity,Scope 3,WTT- pass vehs & travel- land,WTT- cars (by size),Medium car,LPG,WTT- pass vehs & travel- land WTT- cars (by size) Medium car LPG,km,kg CO2e,0.02093,01/01/2025,31/12/2025,UK DESNZ activity-based conversion factors 2025
2025,26_904_3058_4_1,Activity,Scope 3,WTT- pass vehs & travel- land,WTT- cars (by size),Medium car,Unknown,WTT- pass vehs & travel- land WTT- cars (by size) Medium car Unknown,km,kg CO2e,0.04518,01/01/2025,31/12/2025,UK DESNZ activity-based conversion factors 2025
2025,26_904_3059_4_1,Activity,Scope 3,WTT- pass vehs & travel- land,WTT- cars (by size),Medium car,Plug-in Hybrid Electric Vehicle,WTT- pass vehs & travel- land WTT- cars (by size) Medium car Plug-in Hybrid Electric Vehicle,km,kg CO2e,0.02524,01/01/2025,31/12/2025,UK DESNZ activity-based conversion factors 2025
2025,26_904_3060_4_1,Activity,Scope 3,WTT- pass vehs & travel- land,WTT- cars (by size),Medium car,Battery Electric Vehicle,WTT- pass vehs & travel- land WTT- cars (by size) Medium car Battery Electric Vehicle,km,kg CO2e,0.01022,01/01/2025,31/12/2025,UK DESNZ activity-based conversion factors 2025
2025,26_904_3053_9_1,Activity,Scope 3,WTT- pass vehs & travel- land,WTT- cars (by size),Medium car,Diesel,WTT- pass vehs & travel- land WTT- cars (by size) Medium car Diesel,miles,kg CO2e,0.06603,01/01/2025,31/12/2025,UK DESNZ activity-based conversion factors 2025
2025,26_904_3054_9_1,Activity,Scope 3,WTT- pass vehs & travel- land,WTT- cars (by size),Medium car,Petrol,WTT- pass vehs & travel- land WTT- cars (by size) Medium car Petrol,miles,kg CO2e,0.07977,01/01/2025,31/12/2025,UK DESNZ activity-based conversion factors 2025
2025,26_904_3055_9_1,Activity,Scope 3,WTT- pass vehs & travel- land,WTT- cars (by size),Medium car,Hybrid,WTT- pass vehs & travel- land WTT- cars (by size) Medium car Hybrid,miles,kg CO2e,0.04824,01/01/2025,31/12/2025,UK DESNZ activity-based conversion factors 2025
2025,26_904_3056_9_1,Activity,Scope 3,WTT- pass vehs & travel- land,WTT- cars (by size),Medium car,CNG,WTT- pass vehs & travel- land WTT- cars (by size) Medium car CNG,miles,kg CO2e,0.05167,01/01/2025,31/12/2025,UK DESNZ activity-based conversion factors 2025
2025,26_904_3057_9_1,Activity,Scope 3,WTT- pass vehs & travel- land,WTT- cars (by size),Medium car,LPG,WTT- pass vehs & travel- land WTT- cars (by size) Medium car LPG,miles,kg CO2e,0.03368,01/01/2025,31/12/2025,UK DESNZ activity-based conversion factors 2025
2025,26_904_3058_9_1,Activity,Scope 3,WTT- pass vehs & travel- land,WTT- cars (by size),Medium car,Unknown,WTT- pass vehs & travel- land WTT- cars (by size) Medium car Unknown,miles,kg CO2e,0.07271,01/01/2025,31/12/2025,UK DESNZ activity-based conversion factors 2025
2025,26_904_3059_9_1,Activity,Scope 3,WTT- pass vehs & travel- land,WTT- cars (by size),Medium car,Plug-in Hybrid Electric Vehicle,WTT- pass vehs & travel- land WTT- cars (by size) Medium car Plug-in Hybrid Electric Vehicle,miles,kg CO2e,0.04063,01/01/2025,31/12/2025,UK DESNZ activity-based conversion factors 2025
2025,26_904_3060_9_1,Activity,Scope 3,WTT- pass vehs & travel- land,WTT- cars (by size),Medium car,Battery Electric Vehicle,WTT- pass vehs & travel- land WTT- cars (by size) Medium car Battery Electric Vehicle,miles,kg CO2e,0.01645,01/01/2025,31/12/2025,UK DESNZ activity-based conversion factors 2025
2025,26_904_3061_4_1,Activity,Scope 3,WTT- pass vehs & travel- land,WTT- cars (by size),Large car,Diesel,WTT- pass vehs & travel- land WTT- cars (by size) Large car Diesel,km,kg CO2e,0.0507,01/01/2025,31/12/2025,UK DESNZ activity-based conversion factors 2025
2025,26_904_3062_4_1,Activity,Scope 3,WTT- pass vehs & travel- land,WTT- cars (by size),Large car,Petrol,WTT- pass vehs & travel- land WTT- cars (by size) Large car Petrol,km,kg CO2e,0.07528,01/01/2025,31/12/2025,UK DESNZ activity-based conversion factors 2025
2025,26_904_3063_4_1,Activity,Scope 3,WTT- pass vehs & travel- land,WTT- cars (by size),Large car,Hybrid,WTT- pass vehs & travel- land WTT- cars (by size) Large car Hybrid,km,kg CO2e,0.03961,01/01/2025,31/12/2025,UK DESNZ activity-based conversion factors 2025
2025,26_904_3064_4_1,Activity,Scope 3,WTT- pass vehs & travel- land,WTT- cars (by size),Large car,CNG,WTT- pass vehs & travel- land WTT- cars (by size) Large car CNG,km,kg CO2e,0.04876,01/01/2025,31/12/2025,UK DESNZ activity-based conversion factors 2025
2025,26_904_3065_4_1,Activity,Scope 3,WTT- pass vehs & travel- land,WTT- cars (by size),Large car,LPG,WTT- pass vehs & travel- land WTT- cars (by size) Large car LPG,km,kg CO2e,0.03179,01/01/2025,31/12/2025,UK DESNZ activity-based conversion factors 2025
2025,26_904_3066_4_1,Activity,Scope 3,WTT- pass vehs & travel- land,WTT- cars (by size),Large car,Unknown,WTT- pass vehs & travel- land WTT- cars (by size) Large car Unknown,km,kg CO2e,0.05764,01/01/2025,31/12/2025,UK DESNZ activity-based conversion factors 2025
2025,26_904_3067_4_1,Activity,Scope 3,WTT- pass vehs & travel- land,WTT- cars (by size),Large car,Plug-in Hybrid Electric Vehicle,WTT- pass vehs & travel- land WTT- cars (by size) Large car Plug-in Hybrid Electric Vehicle,km,kg CO2e,0.03221,01/01/2025,31/12/2025,UK DESNZ activity-based conversion factors 2025
2025,26_904_3068_4_1,Activity,Scope 3,WTT- pass vehs & travel- land,WTT- cars (by size),Large car,Battery Electric Vehicle,WTT- pass vehs & travel- land WTT- cars (by size) Large car Battery Electric Vehicle,km,kg CO2e,0.01088,01/01/2025,31/12/2025,UK DESNZ activity-based conversion factors 2025
2025,26_904_3061_9_1,Activity,Scope 3,WTT- pass vehs & travel- land,WTT- cars (by size),Large car,Diesel,WTT- pass vehs & travel- land WTT- cars (by size) Large car Diesel,miles,kg CO2e,0.08159,01/01/2025,31/12/2025,UK DESNZ activity-based conversion factors 2025
2025,26_904_3062_9_1,Activity,Scope 3,WTT- pass vehs & travel- land,WTT- cars (by size),Large car,Petrol,WTT- pass vehs & travel- land WTT- cars (by size) Large car Petrol,miles,kg CO2e,0.12115,01/01/2025,31/12/2025,UK DESNZ activity-based conversion factors 2025
2025,26_904_3063_9_1,Activity,Scope 3,WTT- pass vehs & travel- land,WTT- cars (by size),Large car,Hybrid,WTT- pass vehs & travel- land WTT- cars (by size) Large car Hybrid,miles,kg CO2e,0.06374,01/01/2025,31/12/2025,UK DESNZ activity-based conversion factors 2025
2025,26_904_3064_9_1,Activity,Scope 3,WTT- pass vehs & travel- land,WTT- cars (by size),Large car,CNG,WTT- pass vehs & travel- land WTT- cars (by size) Large car CNG,miles,kg CO2e,0.07847,01/01/2025,31/12/2025,UK DESNZ activity-based conversion factors 2025
2025,26_904_3065_9_1,Activity,Scope 3,WTT- pass vehs & travel- land,WTT- cars (by size),Large car,LPG,WTT- pass vehs & travel- land WTT- cars (by size) Large car LPG,miles,kg CO2e,0.05115,01/01/2025,31/12/2025,UK DESNZ activity-based conversion factors 2025
2025,26_904_3066_9_1,Activity,Scope 3,WTT- pass vehs & travel- land,WTT- cars (by size),Large car,Unknown,WTT- pass vehs & travel- land WTT- cars (by size) Large car Unknown,miles,kg CO2e,0.09276,01/01/2025,31/12/2025,UK DESNZ activity-based conversion factors 2025
2025,26_904_3067_9_1,Activity,Scope 3,WTT- pass vehs & travel- land,WTT- cars (by size),Large car,Plug-in Hybrid Electric Vehicle,WTT- pass vehs & travel- land WTT- cars (by size) Large car Plug-in Hybrid Electric Vehicle,miles,kg CO2e,0.05184,01/01/2025,31/12/2025,UK DESNZ activity-based conversion factors 2025
2025,26_904_3068_9_1,Activity,Scope 3,WTT- pass vehs & travel- land,WTT- cars (by size),Large car,Battery Electric Vehicle,WTT- pass vehs & travel- land WTT- cars (by size) Large car Battery Electric Vehicle,miles,kg CO2e,0.0175,01/01/2025,31/12/2025,UK DESNZ activity-based conversion factors 2025
2025,26_904_3069_4_1,Activity,Scope 3,WTT- pass vehs & travel- land,WTT- cars (by size),Average car,Diesel,WTT- pass vehs & travel- land WTT- cars (by size) Average car Diesel,km,kg CO2e,0.04146,01/01/2025,31/12/2025,UK DESNZ activity-based conversion factors 2025
2025,26_904_3070_4_1,Activity,Scope 3,WTT- pass vehs & travel- land,WTT- cars (by size),Average car,Petrol,WTT- pass vehs & travel- land WTT- cars (by size) Average car Petrol,km,kg CO2e,0.04599,01/01/2025,31/12/2025,UK DESNZ activity-based conversion factors 2025
2025,26_904_3071_4_1,Activity,Scope 3,WTT- pass vehs & travel- land,WTT- cars (by size),Average car,Hybrid,WTT- pass vehs & travel- land WTT- cars (by size) Average car Hybrid,km,kg CO2e,0.03315,01/01/2025,31/12/2025,UK DESNZ activity-based conversion factors 2025
2025,26_904_3072_4_1,Activity,Scope 3,WTT- pass vehs & travel- land,WTT- cars (by size),Average car,CNG,WTT- pass vehs & travel- land WTT- cars (by size) Average car CNG,km,kg CO2e,0.03591,01/01/2025,31/12/2025,UK DESNZ activity-based conversion factors 2025
2025,26_904_3073_4_1,Activity,Scope 3,WTT- pass vehs & travel- land,WTT- cars (by size),Average car,LPG,WTT- pass vehs & travel- land WTT- cars (by size) Average car LPG,km,kg CO2e,0.02341,01/01/2025,31/12/2025,UK DESNZ activity-based conversion factors 2025
2025,26_904_3074_4_1,Activity,Scope 3,WTT- pass vehs & travel- land,WTT- cars (by size),Average car,Unknown,WTT- pass vehs & travel- land WTT- cars (by size) Average car Unknown,km,kg CO2e,0.04399,01/01/2025,31/12/2025,UK DESNZ activity-based conversion factors 2025
2025,26_904_3075_4_1,Activity,Scope 3,WTT- pass vehs & travel- land,WTT- cars (by size),Average car,Plug-in Hybrid Electric Vehicle,WTT- pass vehs & travel- land WTT- cars (by size) Average car Plug-in Hybrid Electric Vehicle,km,kg CO2e,0.02934,01/01/2025,31/12/2025,UK DESNZ activity-based conversion factors 2025
2025,26_904_3076_4_1,Activity,Scope 3,WTT- pass vehs & travel- land,WTT- cars (by size),Average car,Battery Electric Vehicle,WTT- pass vehs & travel- land WTT- cars (by size) Average car Battery Electric Vehicle,km,kg CO2e,0.01049,01/01/2025,31/12/2025,UK DESNZ activity-based conversion factors 2025
2025,26_904_3069_9_1,Activity,Scope 3,WTT- pass vehs & travel- land,WTT- cars (by size),Average car,Diesel,WTT- pass vehs & travel- land WTT- cars (by size) Average car Diesel,miles,kg CO2e,0.06673,01/01/2025,31/12/2025,UK DESNZ activity-based conversion factors 2025
2025,26_904_3070_9_1,Activity,Scope 3,WTT- pass vehs & travel- land,WTT- cars (by size),Average car,Petrol,WTT- pass vehs & travel- land WTT- cars (by size) Average car Petrol,miles,kg CO2e,0.07401,01/01/2025,31/12/2025,UK DESNZ activity-based conversion factors 2025
2025,26_904_3071_9_1,Activity,Scope 3,WTT- pass vehs & travel- land,WTT- cars (by size),Average car,Hybrid,WTT- pass vehs & travel- land WTT- cars (by size) Average car Hybrid,miles,kg CO2e,0.05335,01/01/2025,31/12/2025,UK DESNZ activity-based conversion factors 2025
2025,26_904_3072_9_1,Activity,Scope 3,WTT- pass vehs & travel- land,WTT- cars (by size),Average car,CNG,WTT- pass vehs & travel- land WTT- cars (by size) Average car CNG,miles,kg CO2e,0.05779,01/01/2025,31/12/2025,UK DESNZ activity-based conversion factors 2025
2025,26_904_3073_9_1,Activity,Scope 3,WTT- pass vehs & travel- land,WTT- cars (by size),Average car,LPG,WTT- pass vehs & travel- land WTT- cars (by size) Average car LPG,miles,kg CO2e,0.03767,01/01/2025,31/12/2025,UK DESNZ activity-based conversion factors 2025
2025,26_904_3074_9_1,Activity,Scope 3,WTT- pass vehs & travel- land,WTT- cars (by size),Average car,Unknown,WTT- pass vehs & travel- land WTT- cars (by size) Average car Unknown,miles,kg CO2e,0.07079,01/01/2025,31/12/2025,UK DESNZ activity-based conversion factors 2025
2025,26_904_3075_9_1,Activity,Scope 3,WTT- pass vehs & travel- land,WTT- cars (by size),Average car,Plug-in Hybrid Electric Vehicle,WTT- pass vehs & travel- land WTT- cars (by size) Average car Plug-in Hybrid Electric Vehicle,miles,kg CO2e,0.04721,01/01/2025,31/12/2025,UK DESNZ activity-based conversion factors 2025
2025,26_904_3076_9_1,Activity,Scope 3,WTT- pass vehs & travel- land,WTT- cars (by size),Average car,Battery Electric Vehicle,WTT- pass vehs & travel- land WTT- cars (by size) Average car Battery Electric Vehicle,miles,kg CO2e,0.01688,01/01/2025,31/12/2025,UK DESNZ activity-based conversion factors 2025
2025,26_905_3077_4_1,Activity,Scope 3,WTT- pass vehs & travel- land,WTT- motorbike,Small,,WTT- pass vehs & travel- land WTT- motorbike Small ,km,kg CO2e,0.02148,01/01/2025,31/12/2025,UK DESNZ activity-based conversion factors 2025
2025,26_905_3077_9_1,Activity,Scope 3,WTT- pass vehs & travel- land,WTT- motorbike,Small,,WTT- pass vehs & travel- land WTT- motorbike Small ,miles,kg CO2e,0.03457,01/01/2025,31/12/2025,UK DESNZ activity-based conversion factors 2025
2025,26_905_3078_4_1,Activity,Scope 3,WTT- pass vehs & travel- land,WTT- motorbike,Medium,,WTT- pass vehs & travel- land WTT- motorbike Medium ,km,kg CO2e,0.02608,01/01/2025,31/12/2025,UK DESNZ activity-based conversion factors 2025
2025,26_905_3078_9_1,Activity,Scope 3,WTT- pass vehs & travel- land,WTT- motorbike,Medium,,WTT- pass vehs & travel- land WTT- motorbike Medium ,miles,kg CO2e,0.04196,01/01/2025,31/12/2025,UK DESNZ activity-based conversion factors 2025
2025,26_905_3079_4_1,Activity,Scope 3,WTT- pass vehs & travel- land,WTT- motorbike,Large,,WTT- pass vehs & travel- land WTT- motorbike Large ,km,kg CO2e,0.03469,01/01/2025,31/12/2025,UK DESNZ activity-based conversion factors 2025
2025,26_905_3079_9_1,Activity,Scope 3,WTT- pass vehs & travel- land,WTT- motorbike,Large,,WTT- pass vehs & travel- land WTT- motorbike Large ,miles,kg CO2e,0.05583,01/01/2025,31/12/2025,UK DESNZ activity-based conversion factors 2025
2025,26_905_3080_4_1,Activity,Scope 3,WTT- pass vehs & travel- land,WTT- motorbike,Average,,WTT- pass vehs & travel- land WTT- motorbike Average ,km,kg CO2e,0.02956,01/01/2025,31/12/2025,UK DESNZ activity-based conversion factors 2025
2025,26_905_3080_9_1,Activity,Scope 3,WTT- pass vehs & travel- land,WTT- motorbike,Average,,WTT- pass vehs & travel- land WTT- motorbike Average ,miles,kg CO2e,0.04757,01/01/2025,31/12/2025,UK DESNZ activity-based conversion factors 2025
2025,26_909_3141_11_1,Activity,Scope 3,WTT- pass vehs & travel- land,WTT- taxis,Regular taxi,,WTT- pass vehs & travel- land WTT- taxis Regular taxi ,passenger.km,kg CO2e,0.03697,01/01/2025,31/12/2025,UK DESNZ activity-based conversion factors 2025
2025,26_909_3141_4_1,Activity,Scope 3,WTT- pass vehs & travel- land,WTT- taxis,Regular taxi,,WTT- pass vehs & travel- land WTT- taxis Regular taxi ,km,kg CO2e,0.05176,01/01/2025,31/12/2025,UK DESNZ activity-based conversion factors 2025
2025,26_909_3142_11_1,Activity,Scope 3,WTT- pass vehs & travel- land,WTT- taxis,Black cab,,WTT- pass vehs & travel- land WTT- taxis Black cab ,passenger.km,kg CO2e,0.0509,01/01/2025,31/12/2025,UK DESNZ activity-based conversion factors 2025
2025,26_909_3142_4_1,Activity,Scope 3,WTT- pass vehs & travel- land,WTT- taxis,Black cab,,WTT- pass vehs & travel- land WTT- taxis Black cab ,km,kg CO2e,0.07634,01/01/2025,31/12/2025,UK DESNZ activity-based conversion factors 2025
2025,26_910_3143_11_1,Activity,Scope 3,WTT- pass vehs & travel- land,WTT- bus,Local bus (not London),,WTT- pass vehs & travel- land WTT- bus Local bus (not London) ,passenger.km,kg CO2e,0.03174,01/01/2025,31/12/2025,UK DESNZ activity-based conversion factors 2025
2025,26_910_3144_11_1,Activity,Scope 3,WTT- pass vehs & travel- land,WTT- bus,Local London bus,,WTT- pass vehs & travel- land WTT- bus Local London bus ,passenger.km,kg CO2e,0.01821,01/01/2025,31/12/2025,UK DESNZ activity-based conversion factors 2025
2025,26_910_3145_11_1,Activity,Scope 3,WTT- pass vehs & travel- land,WTT- bus,Average local bus,,WTT- pass vehs & travel- land WTT- bus Average local bus ,passenger.km,kg CO2e,0.02649,01/01/2025,31/12/2025,UK DESNZ activity-based conversion factors 2025
2025,26_910_3146_11_1,Activity,Scope 3,WTT- pass vehs & travel- land,WTT- bus,Coach,,WTT- pass vehs & travel- land WTT- bus Coach ,passenger.km,kg CO2e,0.00656,01/01/2025,31/12/2025,UK DESNZ activity-based conversion factors 2025
2025,26_911_3147_11_1,Activity,Scope 3,WTT- pass vehs & travel- land,WTT- rail,National rail,,WTT- pass vehs & travel- land WTT- rail National rail ,passenger.km,kg CO2e,0.00897,01/01/2025,31/12/2025,UK DESNZ activity-based conversion factors 2025
2025,26_911_3148_11_1,Activity,Scope 3,WTT- pass vehs & travel- land,WTT- rail,International rail,,WTT- pass vehs & travel- land WTT- rail International rail ,passenger.km,kg CO2e,0.00117,01/01/2025,31/12/2025,UK DESNZ activity-based conversion factors 2025
2025,26_911_3149_11_1,Activity,Scope 3,WTT- pass vehs & travel- land,WTT- rail,Light rail and tram,,WTT- pass vehs & travel- land WTT- rail Light rail and tram ,passenger.km,kg CO2e,0.00749,01/01/2025,31/12/2025,UK DESNZ activity-based conversion factors 2025
2025,26_911_3150_11_1,Activity,Scope 3,WTT- pass vehs & travel- land,WTT- rail,London Underground,,WTT- pass vehs & travel- land WTT- rail London Underground ,passenger.km,kg CO2e,0.00728,01/01/2025,31/12/2025,UK DESNZ activity-based conversion factors 2025
2025,27_303_3081_14_1,Activity,Scope 3,Freighting goods,Vans,Class I (up to 1.305 tonnes),Diesel,Freighting goods Vans Class I (up to 1.305 tonnes) Diesel,tonne.km,kg CO2e,0.87423,01/01/2025,31/12/2025,UK DESNZ activity-based conversion factors 2025
2025,27_303_3082_14_1,Activity,Scope 3,Freighting goods,Vans,Class I (up to 1.305 tonnes),Petrol,Freighting goods Vans Class I (up to 1.305 tonnes) Petrol,tonne.km,kg CO2e,1.42906,01/01/2025,31/12/2025,UK DESNZ activity-based conversion factors 2025
2025,27_303_3087_14_1,Activity,Scope 3,Freighting goods,Vans,Class I (up to 1.305 tonnes),Battery Electric Vehicle,Freighting goods Vans Class I (up to 1.305 tonnes) Battery Electric Vehicle,tonne.km,kg CO2e,0.12474,01/01/2025,31/12/2025,UK DESNZ activity-based conversion factors 2025
2025,27_303_3081_4_1,Activity,Scope 3,Freighting goods,Vans,Class I (up to 1.305 tonnes),Diesel,Freighting goods Vans Class I (up to 1.305 tonnes) Diesel,km,kg CO2e,0.15738,01/01/2025,31/12/2025,UK DESNZ activity-based conversion factors 2025
2025,27_303_3082_4_1,Activity,Scope 3,Freighting goods,Vans,Class I (up to 1.305 tonnes),Petrol,Freighting goods Vans Class I (up to 1.305 tonnes) Petrol,km,kg CO2e,0.20188,01/01/2025,31/12/2025,UK DESNZ activity-based conversion factors 2025
2025,27_303_3087_4_1,Activity,Scope 3,Freighting goods,Vans,Class I (up to 1.305 tonnes),Battery Electric Vehicle,Freighting goods Vans Class I (up to 1.305 tonnes) Battery Electric Vehicle,km,kg CO2e,0.03798,01/01/2025,31/12/2025,UK DESNZ activity-based conversion factors 2025
2025,27_303_3081_9_1,Activity,Scope 3,Freighting goods,Vans,Class I (up to 1.305 tonnes),Diesel,Freighting goods Vans Class I (up to 1.305 tonnes) Diesel,miles,kg CO2e,0.25329,01/01/2025,31/12/2025,UK DESNZ activity-based conversion factors 2025
2025,27_303_3082_9_1,Activity,Scope 3,Freighting goods,Vans,Class I (up to 1.305 tonnes),Petrol,Freighting goods Vans Class I (up to 1.305 tonnes) Petrol,miles,kg CO2e,0.3249,01/01/2025,31/12/2025,UK DESNZ activity-based conversion factors 2025
2025,27_303_3087_9_1,Activity,Scope 3,Freighting goods,Vans,Class I (up to 1.305 tonnes),Battery Electric Vehicle,Freighting goods Vans Class I (up to 1.305 tonnes) Battery Electric Vehicle,miles,kg CO2e,0.06113,01/01/2025,31/12/2025,UK DESNZ activity-based conversion factors 2025
2025,27_303_3088_14_1,Activity,Scope 3,Freighting goods,Vans,Class II (1.305 to 1.74 tonnes),Diesel,Freighting goods Vans Class II (1.305 to 1.74 tonnes) Diesel,tonne.km,kg CO2e,0.62562,01/01/2025,31/12/2025,UK DESNZ activity-based conversion factors 2025
2025,27_303_3089_14_1,Activity,Scope 3,Freighting goods,Vans,Class II (1.305 to 1.74 tonnes),Petrol,Freighting goods Vans Class II (1.305 to 1.74 tonnes) Petrol,tonne.km,kg CO2e,0.81534,01/01/2025,31/12/2025,UK DESNZ activity-based conversion factors 2025
2025,27_303_3094_14_1,Activity,Scope 3,Freighting goods,Vans,Class II (1.305 to 1.74 tonnes),Battery Electric Vehicle,Freighting goods Vans Class II (1.305 to 1.74 tonnes) Battery Electric Vehicle,tonne.km,kg CO2e,0.24915,01/01/2025,31/12/2025,UK DESNZ activity-based conversion factors 2025
2025,27_303_3088_4_1,Activity,Scope 3,Freighting goods,Vans,Class II (1.305 to 1.74 tonnes),Diesel,Freighting goods Vans Class II (1.305 to 1.74 tonnes) Diesel,km,kg CO2e,0.1926,01/01/2025,31/12/2025,UK DESNZ activity-based conversion factors 2025
2025,27_303_3089_4_1,Activity,Scope 3,Freighting goods,Vans,Class II (1.305 to 1.74 tonnes),Petrol,Freighting goods Vans Class II (1.305 to 1.74 tonnes) Petrol,km,kg CO2e,0.20874,01/01/2025,31/12/2025,UK DESNZ activity-based conversion factors 2025
2025,27_303_3094_4_1,Activity,Scope 3,Freighting goods,Vans,Class II (1.305 to 1.74 tonnes),Battery Electric Vehicle,Freighting goods Vans Class II (1.305 to 1.74 tonnes) Battery Electric Vehicle,km,kg CO2e,0.05777,01/01/2025,31/12/2025,UK DESNZ activity-based conversion factors 2025
2025,27_303_3088_9_1,Activity,Scope 3,Freighting goods,Vans,Class II (1.305 to 1.74 tonnes),Diesel,Freighting goods Vans Class II (1.305 to 1.74 tonnes) Diesel,miles,kg CO2e,0.30996,01/01/2025,31/12/2025,UK DESNZ activity-based conversion factors 2025
2025,27_303_3089_9_1,Activity,Scope 3,Freighting goods,Vans,Class II (1.305 to 1.74 tonnes),Petrol,Freighting goods Vans Class II (1.305 to 1.74 tonnes) Petrol,miles,kg CO2e,0.33594,01/01/2025,31/12/2025,UK DESNZ activity-based conversion factors 2025
2025,27_303_3094_9_1,Activity,Scope 3,Freighting goods,Vans,Class II (1.305 to 1.74 tonnes),Battery Electric Vehicle,Freighting goods Vans Class II (1.305 to 1.74 tonnes) Battery Electric Vehicle,miles,kg CO2e,0.09298,01/01/2025,31/12/2025,UK DESNZ activity-based conversion factors 2025
2025,27_303_3095_14_1,Activity,Scope 3,Freighting goods,Vans,Class III (1.74 to 3.5 tonnes),Diesel,Freighting goods Vans Class III (1.74 to 3.5 tonnes) Diesel,tonne.km,kg CO2e,0.62849,01/01/2025,31/12/2025,UK DESNZ activity-based conversion factors 2025
2025,27_303_3096_14_1,Activity,Scope 3,Freighting goods,Vans,Class III (1.74 to 3.5 tonnes),Petrol,Freighting goods Vans Class III (1.74 to 3.5 tonnes) Petrol,tonne.km,kg CO2e,0.83593,01/01/2025,31/12/2025,UK DESNZ activity-based conversion factors 2025
2025,27_303_3100_14_1,Activity,Scope 3,Freighting goods,Vans,Class III (1.74 to 3.5 tonnes),Plug-in Hybrid Electric Vehicle,Freighting goods Vans Class III (1.74 to 3.5 tonnes) Plug-in Hybrid Electric Vehicle,tonne.km,kg CO2e,0.36985,01/01/2025,31/12/2025,UK DESNZ activity-based conversion factors 2025
2025,27_303_3101_14_1,Activity,Scope 3,Freighting goods,Vans,Class III (1.74 to 3.5 tonnes),Battery Electric Vehicle,Freighting goods Vans Class III (1.74 to 3.5 tonnes) Battery Electric Vehicle,tonne.km,kg CO2e,0.20519,01/01/2025,31/12/2025,UK DESNZ activity-based conversion factors 2025
2025,27_303_3095_4_1,Activity,Scope 3,Freighting goods,Vans,Class III (1.74 to 3.5 tonnes),Diesel,Freighting goods Vans Class III (1.74 to 3.5 tonnes) Diesel,km,kg CO2e,0.27878,01/01/2025,31/12/2025,UK DESNZ activity-based conversion factors 2025
2025,27_303_3096_4_1,Activity,Scope 3,Freighting goods,Vans,Class III (1.74 to 3.5 tonnes),Petrol,Freighting goods Vans Class III (1.74 to 3.5 tonnes) Petrol,km,kg CO2e,0.33845,01/01/2025,31/12/2025,UK DESNZ activity-based conversion factors 2025
2025,27_303_3100_4_1,Activity,Scope 3,Freighting goods,Vans,Class III (1.74 to 3.5 tonnes),Plug-in Hybrid Electric Vehicle,Freighting goods Vans Class III (1.74 to 3.5 tonnes) Plug-in Hybrid Electric Vehicle,km,kg CO2e,0.14592,01/01/2025,31/12/2025,UK DESNZ activity-based conversion factors 2025
2025,27_303_3101_4_1,Activity,Scope 3,Freighting goods,Vans,Class III (1.74 to 3.5 tonnes),Battery Electric Vehicle,Freighting goods Vans Class III (1.74 to 3.5 tonnes) Battery Electric Vehicle,km,kg CO2e,0.07609,01/01/2025,31/12/2025,UK DESNZ activity-based conversion factors 2025
2025,27_303_3095_9_1,Activity,Scope 3,Freighting goods,Vans,Class III (1.74 to 3.5 tonnes),Diesel,Freighting goods Vans Class III (1.74 to 3.5 tonnes) Diesel,miles,kg CO2e,0.44866,01/01/2025,31/12/2025,UK DESNZ activity-based conversion factors 2025
2025,27_303_3096_9_1,Activity,Scope 3,Freighting goods,Vans,Class III (1.74 to 3.5 tonnes),Petrol,Freighting goods Vans Class III (1.74 to 3.5 tonnes) Petrol,miles,kg CO2e,0.54468,01/01/2025,31/12/2025,UK DESNZ activity-based conversion factors 2025
2025,27_303_3100_9_1,Activity,Scope 3,Freighting goods,Vans,Class III (1.74 to 3.5 tonnes),Plug-in Hybrid Electric Vehicle,Freighting goods Vans Class III (1.74 to 3.5 tonnes) Plug-in Hybrid Electric Vehicle,miles,kg CO2e,0.23485,01/01/2025,31/12/2025,UK DESNZ activity-based conversion factors 2025
2025,27_303_3101_9_1,Activity,Scope 3,Freighting goods,Vans,Class III (1.74 to 3.5 tonnes),Battery Electric Vehicle,Freighting goods Vans Class III (1.74 to 3.5 tonnes) Battery Electric Vehicle,miles,kg CO2e,0.12246,01/01/2025,31/12/2025,UK DESNZ activity-based conversion factors 2025
2025,27_303_3102_14_1,Activity,Scope 3,Freighting goods,Vans,Average (up to 3.5 tonnes),Diesel,Freighting goods Vans Average (up to 3.5 tonnes) Diesel,tonne.km,kg CO2e,0.6313,01/01/2025,31/12/2025,UK DESNZ activity-based conversion factors 2025
2025,27_303_3103_14_1,Activity,Scope 3,Freighting goods,Vans,Average (up to 3.5 tonnes),Petrol,Freighting goods Vans Average (up to 3.5 tonnes) Petrol,tonne.km,kg CO2e,0.85537,01/01/2025,31/12/2025,UK DESNZ activity-based conversion factors 2025
2025,27_303_3104_14_1,Activity,Scope 3,Freighting goods,Vans,Average (up to 3.5 tonnes),CNG,Freighting goods Vans Average (up to 3.5 tonnes) CNG,tonne.km,kg CO2e,0.62419,01/01/2025,31/12/2025,UK DESNZ activity-based conversion factors 2025
2025,27_303_3105_14_1,Activity,Scope 3,Freighting goods,Vans,Average (up to 3.5 tonnes),LPG,Freighting goods Vans Average (up to 3.5 tonnes) LPG,tonne.km,kg CO2e,0.68621,01/01/2025,31/12/2025,UK DESNZ activity-based conversion factors 2025
2025,27_303_3106_14_1,Activity,Scope 3,Freighting goods,Vans,Average (up to 3.5 tonnes),Unknown,Freighting goods Vans Average (up to 3.5 tonnes) Unknown,tonne.km,kg CO2e,0.63823,01/01/2025,31/12/2025,UK DESNZ activity-based conversion factors 2025
2025,27_303_3107_14_1,Activity,Scope 3,Freighting goods,Vans,Average (up to 3.5 tonnes),Plug-in Hybrid Electric Vehicle,Freighting goods Vans Average (up to 3.5 tonnes) Plug-in Hybrid Electric Vehicle,tonne.km,kg CO2e,0.36985,01/01/2025,31/12/2025,UK DESNZ activity-based conversion factors 2025
2025,27_303_3108_14_1,Activity,Scope 3,Freighting goods,Vans,Average (up to 3.5 tonnes),Battery Electric Vehicle,Freighting goods Vans Average (up to 3.5 tonnes) Battery Electric Vehicle,tonne.km,kg CO2e,0.21992,01/01/2025,31/12/2025,UK DESNZ activity-based conversion factors 2025
2025,27_303_3102_4_1,Activity,Scope 3,Freighting goods,Vans,Average (up to 3.5 tonnes),Diesel,Freighting goods Vans Average (up to 3.5 tonnes) Diesel,km,kg CO2e,0.25561,01/01/2025,31/12/2025,UK DESNZ activity-based conversion factors 2025
2025,27_303_3103_4_1,Activity,Scope 3,Freighting goods,Vans,Average (up to 3.5 tonnes),Petrol,Freighting goods Vans Average (up to 3.5 tonnes) Petrol,km,kg CO2e,0.21335,01/01/2025,31/12/2025,UK DESNZ activity-based conversion factors 2025
2025,27_303_3104_4_1,Activity,Scope 3,Freighting goods,Vans,Average (up to 3.5 tonnes),CNG,Freighting goods Vans Average (up to 3.5 tonnes) CNG,km,kg CO2e,0.25113,01/01/2025,31/12/2025,UK DESNZ activity-based conversion factors 2025
2025,27_303_3105_4_1,Activity,Scope 3,Freighting goods,Vans,Average (up to 3.5 tonnes),LPG,Freighting goods Vans Average (up to 3.5 tonnes) LPG,km,kg CO2e,0.2761,01/01/2025,31/12/2025,UK DESNZ activity-based conversion factors 2025
2025,27_303_3106_4_1,Activity,Scope 3,Freighting goods,Vans,Average (up to 3.5 tonnes),Unknown,Freighting goods Vans Average (up to 3.5 tonnes) Unknown,km,kg CO2e,0.2543,01/01/2025,31/12/2025,UK DESNZ activity-based conversion factors 2025
2025,27_303_3107_4_1,Activity,Scope 3,Freighting goods,Vans,Average (up to 3.5 tonnes),Plug-in Hybrid Electric Vehicle,Freighting goods Vans Average (up to 3.5 tonnes) Plug-in Hybrid Electric Vehicle,km,kg CO2e,0.14592,01/01/2025,31/12/2025,UK DESNZ activity-based conversion factors 2025
2025,27_303_3108_4_1,Activity,Scope 3,Freighting goods,Vans,Average (up to 3.5 tonnes),Battery Electric Vehicle,Freighting goods Vans Average (up to 3.5 tonnes) Battery Electric Vehicle,km,kg CO2e,0.06976,01/01/2025,31/12/2025,UK DESNZ activity-based conversion factors 2025
2025,27_303_3102_9_1,Activity,Scope 3,Freighting goods,Vans,Average (up to 3.5 tonnes),Diesel,Freighting goods Vans Average (up to 3.5 tonnes) Diesel,miles,kg CO2e,0.41138,01/01/2025,31/12/2025,UK DESNZ activity-based conversion factors 2025
2025,27_303_3103_9_1,Activity,Scope 3,Freighting goods,Vans,Average (up to 3.5 tonnes),Petrol,Freighting goods Vans Average (up to 3.5 tonnes) Petrol,miles,kg CO2e,0.34336,01/01/2025,31/12/2025,UK DESNZ activity-based conversion factors 2025
2025,27_303_3104_9_1,Activity,Scope 3,Freighting goods,Vans,Average (up to 3.5 tonnes),CNG,Freighting goods Vans Average (up to 3.5 tonnes) CNG,miles,kg CO2e,0.40415,01/01/2025,31/12/2025,UK DESNZ activity-based conversion factors 2025
2025,27_303_3105_9_1,Activity,Scope 3,Freighting goods,Vans,Average (up to 3.5 tonnes),LPG,Freighting goods Vans Average (up to 3.5 tonnes) LPG,miles,kg CO2e,0.44433,01/01/2025,31/12/2025,UK DESNZ activity-based conversion factors 2025
2025,27_303_3106_9_1,Activity,Scope 3,Freighting goods,Vans,Average (up to 3.5 tonnes),Unknown,Freighting goods Vans Average (up to 3.5 tonnes) Unknown,miles,kg CO2e,0.40926,01/01/2025,31/12/2025,UK DESNZ activity-based conversion factors 2025
2025,27_303_3107_9_1,Activity,Scope 3,Freighting goods,Vans,Average (up to 3.5 tonnes),Plug-in Hybrid Electric Vehicle,Freighting goods Vans Average (up to 3.5 tonnes) Plug-in Hybrid Electric Vehicle,miles,kg CO2e,0.23485,01/01/2025,31/12/2025,UK DESNZ activity-based conversion factors 2025
2025,27_303_3108_9_1,Activity,Scope 3,Freighting goods,Vans,Average (up to 3.5 tonnes),Battery Electric Vehicle,Freighting goods Vans Average (up to 3.5 tonnes) Battery Electric Vehicle,miles,kg CO2e,0.11228,01/01/2025,31/12/2025,UK DESNZ activity-based conversion factors 2025
2025,27_304_3110_14_1,Activity,Scope 3,Freighting goods,HGV (all diesel),Rigid (>3.5 - 7.5 tonnes),50% Laden,Freighting goods HGV (all diesel) Rigid (>3.5 - 7.5 tonnes) 50% Laden,tonne.km,kg CO2e,0.45916,01/01/2025,31/12/2025,UK DESNZ activity-based conversion factors 2025
2025,27_304_3111_14_1,Activity,Scope 3,Freighting goods,HGV (all diesel),Rigid (>3.5 - 7.5 tonnes),100% Laden,Freighting goods HGV (all diesel) Rigid (>3.5 - 7.5 tonnes) 100% Laden,tonne.km,kg CO2e,0.24776,01/01/2025,31/12/2025,UK DESNZ activity-based conversion factors 2025
2025,27_304_3112_14_1,Activity,Scope 3,Freighting goods,HGV (all diesel),Rigid (>3.5 - 7.5 tonnes),Average laden,Freighting goods HGV (all diesel) Rigid (>3.5 - 7.5 tonnes) Average laden,tonne.km,kg CO2e,0.52761,01/01/2025,31/12/2025,UK DESNZ activity-based conversion factors 2025
2025,27_304_3109_4_1,Activity,Scope 3,Freighting goods,HGV (all diesel),Rigid (>3.5 - 7.5 tonnes),0% Laden,Freighting goods HGV (all diesel) Rigid (>3.5 - 7.5 tonnes) 0% Laden,km,kg CO2e,0.46138,01/01/2025,31/12/2025,UK DESNZ activity-based conversion factors 2025
2025,27_304_3110_4_1,Activity,Scope 3,Freighting goods,HGV (all diesel),Rigid (>3.5 - 7.5 tonnes),50% Laden,Freighting goods HGV (all diesel) Rigid (>3.5 - 7.5 tonnes) 50% Laden,km,kg CO2e,0.50103,01/01/2025,31/12/2025,UK DESNZ activity-based conversion factors 2025
2025,27_304_3111_4_1,Activity,Scope 3,Freighting goods,HGV (all diesel),Rigid (>3.5 - 7.5 tonnes),100% Laden,Freighting goods HGV (all diesel) Rigid (>3.5 - 7.5 tonnes) 100% Laden,km,kg CO2e,0.54068,01/01/2025,31/12/2025,UK DESNZ activity-based conversion factors 2025
2025,27_304_3112_4_1,Activity,Scope 3,Freighting goods,HGV (all diesel),Rigid (>3.5 - 7.5 tonnes),Average laden,Freighting goods HGV (all diesel) Rigid (>3.5 - 7.5 tonnes) Average laden,km,kg CO2e,0.49548,01/01/2025,31/12/2025,UK DESNZ activity-based conversion factors 2025
2025,27_304_3109_9_1,Activity,Scope 3,Freighting goods,HGV (all diesel),Rigid (>3.5 - 7.5 tonnes),0% Laden,Freighting goods HGV (all diesel) Rigid (>3.5 - 7.5 tonnes) 0% Laden,miles,kg CO2e,0.74251,01/01/2025,31/12/2025,UK DESNZ activity-based conversion factors 2025
2025,27_304_3110_9_1,Activity,Scope 3,Freighting goods,HGV (all diesel),Rigid (>3.5 - 7.5 tonnes),50% Laden,Freighting goods HGV (all diesel) Rigid (>3.5 - 7.5 tonnes) 50% Laden,miles,kg CO2e,0.80632,01/01/2025,31/12/2025,UK DESNZ activity-based conversion factors 2025
2025,27_304_3111_9_1,Activity,Scope 3,Freighting goods,HGV (all diesel),Rigid (>3.5 - 7.5 tonnes),100% Laden,Freighting goods HGV (all diesel) Rigid (>3.5 - 7.5 tonnes) 100% Laden,miles,kg CO2e,0.87012,01/01/2025,31/12/2025,UK DESNZ activity-based conversion factors 2025
2025,27_304_3112_9_1,Activity,Scope 3,Freighting goods,HGV (all diesel),Rigid (>3.5 - 7.5 tonnes),Average laden,Freighting goods HGV (all diesel) Rigid (>3.5 - 7.5 tonnes) Average laden,miles,kg CO2e,0.79738,01/01/2025,31/12/2025,UK DESNZ activity-based conversion factors 2025
2025,27_304_3114_14_1,Activity,Scope 3,Freighting goods,HGV (all diesel),Rigid (>7.5 tonnes-17 tonnes),50% Laden,Freighting goods HGV (all diesel) Rigid (>7.5 tonnes-17 tonnes) 50% Laden,tonne.km,kg CO2e,0.26427,01/01/2025,31/12/2025,UK DESNZ activity-based conversion factors 2025
2025,27_304_3115_14_1,Activity,Scope 3,Freighting goods,HGV (all diesel),Rigid (>7.5 tonnes-17 tonnes),100% Laden,Freighting goods HGV (all diesel) Rigid (>7.5 tonnes-17 tonnes) 100% Laden,tonne.km,kg CO2e,0.14849,01/01/2025,31/12/2025,UK DESNZ activity-based conversion factors 2025
2025,27_304_3116_14_1,Activity,Scope 3,Freighting goods,HGV (all diesel),Rigid (>7.5 tonnes-17 tonnes),Average laden,Freighting goods HGV (all diesel) Rigid (>7.5 tonnes-17 tonnes) Average laden,tonne.km,kg CO2e,0.36362,01/01/2025,31/12/2025,UK DESNZ activity-based conversion factors 2025
2025,27_304_3113_4_1,Activity,Scope 3,Freighting goods,HGV (all diesel),Rigid (>7.5 tonnes-17 tonnes),0% Laden,Freighting goods HGV (all diesel) Rigid (>7.5 tonnes-17 tonnes) 0% Laden,km,kg CO2e,0.55061,01/01/2025,31/12/2025,UK DESNZ activity-based conversion factors 2025
2025,27_304_3114_4_1,Activity,Scope 3,Freighting goods,HGV (all diesel),Rigid (>7.5 tonnes-17 tonnes),50% Laden,Freighting goods HGV (all diesel) Rigid (>7.5 tonnes-17 tonnes) 50% Laden,km,kg CO2e,0.62832,01/01/2025,31/12/2025,UK DESNZ activity-based conversion factors 2025
2025,27_304_3115_4_1,Activity,Scope 3,Freighting goods,HGV (all diesel),Rigid (>7.5 tonnes-17 tonnes),100% Laden,Freighting goods HGV (all diesel) Rigid (>7.5 tonnes-17 tonnes) 100% Laden,km,kg CO2e,0.70603,01/01/2025,31/12/2025,UK DESNZ activity-based conversion factors 2025
2025,27_304_3116_4_1,Activity,Scope 3,Freighting goods,HGV (all diesel),Rigid (>7.5 tonnes-17 tonnes),Average laden,Freighting goods HGV (all diesel) Rigid (>7.5 tonnes-17 tonnes) Average laden,km,kg CO2e,0.60501,01/01/2025,31/12/2025,UK DESNZ activity-based conversion factors 2025
2025,27_304_3113_9_1,Activity,Scope 3,Freighting goods,HGV (all diesel),Rigid (>7.5 tonnes-17 tonnes),0% Laden,Freighting goods HGV (all diesel) Rigid (>7.5 tonnes-17 tonnes) 0% Laden,miles,kg CO2e,0.88612,01/01/2025,31/12/2025,UK DESNZ activity-based conversion factors 2025
2025,27_304_3114_9_1,Activity,Scope 3,Freighting goods,HGV (all diesel),Rigid (>7.5 tonnes-17 tonnes),50% Laden,Freighting goods HGV (all diesel) Rigid (>7.5 tonnes-17 tonnes) 50% Laden,miles,kg CO2e,1.01119,01/01/2025,31/12/2025,UK DESNZ activity-based conversion factors 2025
2025,27_304_3115_9_1,Activity,Scope 3,Freighting goods,HGV (all diesel),Rigid (>7.5 tonnes-17 tonnes),100% Laden,Freighting goods HGV (all diesel) Rigid (>7.5 tonnes-17 tonnes) 100% Laden,miles,kg CO2e,1.13625,01/01/2025,31/12/2025,UK DESNZ activity-based conversion factors 2025
2025,27_304_3116_9_1,Activity,Scope 3,Freighting goods,HGV (all diesel),Rigid (>7.5 tonnes-17 tonnes),Average laden,Freighting goods HGV (all diesel) Rigid (>7.5 tonnes-17 tonnes) Average laden,miles,kg CO2e,0.97367,01/01/2025,31/12/2025,UK DESNZ activity-based conversion factors 2025
2025,27_304_3118_14_1,Activity,Scope 3,Freighting goods,HGV (all diesel),Rigid (>17 tonnes),50% Laden,Freighting goods HGV (all diesel) Rigid (>17 tonnes) 50% Laden,tonne.km,kg CO2e,0.21116,01/01/2025,31/12/2025,UK DESNZ activity-based conversion factors 2025
2025,27_304_3119_14_1,Activity,Scope 3,Freighting goods,HGV (all diesel),Rigid (>17 tonnes),100% Laden,Freighting goods HGV (all diesel) Rigid (>17 tonnes) 100% Laden,tonne.km,kg CO2e,0.12436,01/01/2025,31/12/2025,UK DESNZ activity-based conversion factors 2025
2025,27_304_3120_14_1,Activity,Scope 3,Freighting goods,HGV (all diesel),Rigid (>17 tonnes),Average laden,Freighting goods HGV (all diesel) Rigid (>17 tonnes) Average laden,tonne.km,kg CO2e,0.17146,01/01/2025,31/12/2025,UK DESNZ activity-based conversion factors 2025
2025,27_304_3117_4_1,Activity,Scope 3,Freighting goods,HGV (all diesel),Rigid (>17 tonnes),0% Laden,Freighting goods HGV (all diesel) Rigid (>17 tonnes) 0% Laden,km,kg CO2e,0.774,01/01/2025,31/12/2025,UK DESNZ activity-based conversion factors 2025
2025,27_304_3118_4_1,Activity,Scope 3,Freighting goods,HGV (all diesel),Rigid (>17 tonnes),50% Laden,Freighting goods HGV (all diesel) Rigid (>17 tonnes) 50% Laden,km,kg CO2e,0.94152,01/01/2025,31/12/2025,UK DESNZ activity-based conversion factors 2025
2025,27_304_3119_4_1,Activity,Scope 3,Freighting goods,HGV (all diesel),Rigid (>17 tonnes),100% Laden,Freighting goods HGV (all diesel) Rigid (>17 tonnes) 100% Laden,km,kg CO2e,1.10905,01/01/2025,31/12/2025,UK DESNZ activity-based conversion factors 2025
2025,27_304_3120_4_1,Activity,Scope 3,Freighting goods,HGV (all diesel),Rigid (>17 tonnes),Average laden,Freighting goods HGV (all diesel) Rigid (>17 tonnes) Average laden,km,kg CO2e,0.99156,01/01/2025,31/12/2025,UK DESNZ activity-based conversion factors 2025
2025,27_304_3117_9_1,Activity,Scope 3,Freighting goods,HGV (all diesel),Rigid (>17 tonnes),0% Laden,Freighting goods HGV (all diesel) Rigid (>17 tonnes) 0% Laden,miles,kg CO2e,1.24562,01/01/2025,31/12/2025,UK DESNZ activity-based conversion factors 2025
2025,27_304_3118_9_1,Activity,Scope 3,Freighting goods,HGV (all diesel),Rigid (>17 tonnes),50% Laden,Freighting goods HGV (all diesel) Rigid (>17 tonnes) 50% Laden,miles,kg CO2e,1.51523,01/01/2025,31/12/2025,UK DESNZ activity-based conversion factors 2025
2025,27_304_3119_9_1,Activity,Scope 3,Freighting goods,HGV (all diesel),Rigid (>17 tonnes),100% Laden,Freighting goods HGV (all diesel) Rigid (>17 tonnes) 100% Laden,miles,kg CO2e,1.78484,01/01/2025,31/12/2025,UK DESNZ activity-based conversion factors 2025
2025,27_304_3120_9_1,Activity,Scope 3,Freighting goods,HGV (all diesel),Rigid (>17 tonnes),Average laden,Freighting goods HGV (all diesel) Rigid (>17 tonnes) Average laden,miles,kg CO2e,1.59575,01/01/2025,31/12/2025,UK DESNZ activity-based conversion factors 2025
2025,27_304_3122_14_1,Activity,Scope 3,Freighting goods,HGV (all diesel),All rigids,50% Laden,Freighting goods HGV (all diesel) All rigids 50% Laden,tonne.km,kg CO2e,0.2258,01/01/2025,31/12/2025,UK DESNZ activity-based conversion factors 2025
2025,27_304_3123_14_1,Activity,Scope 3,Freighting goods,HGV (all diesel),All rigids,100% Laden,Freighting goods HGV (all diesel) All rigids 100% Laden,tonne.km,kg CO2e,0.13155,01/01/2025,31/12/2025,UK DESNZ activity-based conversion factors 2025
2025,27_304_3124_14_1,Activity,Scope 3,Freighting goods,HGV (all diesel),All rigids,Average laden,Freighting goods HGV (all diesel) All rigids Average laden,tonne.km,kg CO2e,0.19748,01/01/2025,31/12/2025,UK DESNZ activity-based conversion factors 2025
2025,27_304_3121_4_1,Activity,Scope 3,Freighting goods,HGV (all diesel),All rigids,0% Laden,Freighting goods HGV (all diesel) All rigids 0% Laden,km,kg CO2e,0.67912,01/01/2025,31/12/2025,UK DESNZ activity-based conversion factors 2025
2025,27_304_3122_4_1,Activity,Scope 3,Freighting goods,HGV (all diesel),All rigids,50% Laden,Freighting goods HGV (all diesel) All rigids 50% Laden,km,kg CO2e,0.80803,01/01/2025,31/12/2025,UK DESNZ activity-based conversion factors 2025
2025,27_304_3123_4_1,Activity,Scope 3,Freighting goods,HGV (all diesel),All rigids,100% Laden,Freighting goods HGV (all diesel) All rigids 100% Laden,km,kg CO2e,0.93695,01/01/2025,31/12/2025,UK DESNZ activity-based conversion factors 2025
2025,27_304_3124_4_1,Activity,Scope 3,Freighting goods,HGV (all diesel),All rigids,Average laden,Freighting goods HGV (all diesel) All rigids Average laden,km,kg CO2e,0.83751,01/01/2025,31/12/2025,UK DESNZ activity-based conversion factors 2025
2025,27_304_3121_9_1,Activity,Scope 3,Freighting goods,HGV (all diesel),All rigids,0% Laden,Freighting goods HGV (all diesel) All rigids 0% Laden,miles,kg CO2e,1.09292,01/01/2025,31/12/2025,UK DESNZ activity-based conversion factors 2025
2025,27_304_3122_9_1,Activity,Scope 3,Freighting goods,HGV (all diesel),All rigids,50% Laden,Freighting goods HGV (all diesel) All rigids 50% Laden,miles,kg CO2e,1.3004,01/01/2025,31/12/2025,UK DESNZ activity-based conversion factors 2025
2025,27_304_3123_9_1,Activity,Scope 3,Freighting goods,HGV (all diesel),All rigids,100% Laden,Freighting goods HGV (all diesel) All rigids 100% Laden,miles,kg CO2e,1.50787,01/01/2025,31/12/2025,UK DESNZ activity-based conversion factors 2025
2025,27_304_3124_9_1,Activity,Scope 3,Freighting goods,HGV (all diesel),All rigids,Average laden,Freighting goods HGV (all diesel) All rigids Average laden,miles,kg CO2e,1.34783,01/01/2025,31/12/2025,UK DESNZ activity-based conversion factors 2025
2025,27_304_3126_14_1,Activity,Scope 3,Freighting goods,HGV (all diesel),Articulated (>3.5 - 33t),50% Laden,Freighting goods HGV (all diesel) Articulated (>3.5 - 33t) 50% Laden,tonne.km,kg CO2e,0.12823,01/01/2025,31/12/2025,UK DESNZ activity-based conversion factors 2025
2025,27_304_3127_14_1,Activity,Scope 3,Freighting goods,HGV (all diesel),Articulated (>3.5 - 33t),100% Laden,Freighting goods HGV (all diesel) Articulated (>3.5 - 33t) 100% Laden,tonne.km,kg CO2e,0.07674,01/01/2025,31/12/2025,UK DESNZ activity-based conversion factors 2025
2025,27_304_3128_14_1,Activity,Scope 3,Freighting goods,HGV (all diesel),Articulated (>3.5 - 33t),Average laden,Freighting goods HGV (all diesel) Articulated (>3.5 - 33t) Average laden,tonne.km,kg CO2e,0.12633,01/01/2025,31/12/2025,UK DESNZ activity-based conversion factors 2025
2025,27_304_3125_4_1,Activity,Scope 3,Freighting goods,HGV (all diesel),Articulated (>3.5 - 33t),0% Laden,Freighting goods HGV (all diesel) Articulated (>3.5 - 33t) 0% Laden,km,kg CO2e,0.62775,01/01/2025,31/12/2025,UK DESNZ activity-based conversion factors 2025
2025,27_304_3126_4_1,Activity,Scope 3,Freighting goods,HGV (all diesel),Articulated (>3.5 - 33t),50% Laden,Freighting goods HGV (all diesel) Articulated (>3.5 - 33t) 50% Laden,km,kg CO2e,0.78163,01/01/2025,31/12/2025,UK DESNZ activity-based conversion factors 2025
2025,27_304_3127_4_1,Activity,Scope 3,Freighting goods,HGV (all diesel),Articulated (>3.5 - 33t),100% Laden,Freighting goods HGV (all diesel) Articulated (>3.5 - 33t) 100% Laden,km,kg CO2e,0.93552,01/01/2025,31/12/2025,UK DESNZ activity-based conversion factors 2025
2025,27_304_3128_4_1,Activity,Scope 3,Freighting goods,HGV (all diesel),Articulated (>3.5 - 33t),Average laden,Freighting goods HGV (all diesel) Articulated (>3.5 - 33t) Average laden,km,kg CO2e,0.78471,01/01/2025,31/12/2025,UK DESNZ activity-based conversion factors 2025
2025,27_304_3125_9_1,Activity,Scope 3,Freighting goods,HGV (all diesel),Articulated (>3.5 - 33t),0% Laden,Freighting goods HGV (all diesel) Articulated (>3.5 - 33t) 0% Laden,miles,kg CO2e,1.01024,01/01/2025,31/12/2025,UK DESNZ activity-based conversion factors 2025
2025,27_304_3126_9_1,Activity,Scope 3,Freighting goods,HGV (all diesel),Articulated (>3.5 - 33t),50% Laden,Freighting goods HGV (all diesel) Articulated (>3.5 - 33t) 50% Laden,miles,kg CO2e,1.25789,01/01/2025,31/12/2025,UK DESNZ activity-based conversion factors 2025
2025,27_304_3127_9_1,Activity,Scope 3,Freighting goods,HGV (all diesel),Articulated (>3.5 - 33t),100% Laden,Freighting goods HGV (all diesel) Articulated (>3.5 - 33t) 100% Laden,miles,kg CO2e,1.50555,01/01/2025,31/12/2025,UK DESNZ activity-based conversion factors 2025
2025,27_304_3128_9_1,Activity,Scope 3,Freighting goods,HGV (all diesel),Articulated (>3.5 - 33t),Average laden,Freighting goods HGV (all diesel) Articulated (>3.5 - 33t) Average laden,miles,kg CO2e,1.26285,01/01/2025,31/12/2025,UK DESNZ activity-based conversion factors 2025
2025,27_304_3130_14_1,Activity,Scope 3,Freighting goods,HGV (all diesel),Articulated (>33t),50% Laden,Freighting goods HGV (all diesel) Articulated (>33t) 50% Laden,tonne.km,kg CO2e,0.09612,01/01/2025,31/12/2025,UK DESNZ activity-based conversion factors 2025
2025,27_304_3131_14_1,Activity,Scope 3,Freighting goods,HGV (all diesel),Articulated (>33t),100% Laden,Freighting goods HGV (all diesel) Articulated (>33t) 100% Laden,tonne.km,kg CO2e,0.05988,01/01/2025,31/12/2025,UK DESNZ activity-based conversion factors 2025
2025,27_304_3132_14_1,Activity,Scope 3,Freighting goods,HGV (all diesel),Articulated (>33t),Average laden,Freighting goods HGV (all diesel) Articulated (>33t) Average laden,tonne.km,kg CO2e,0.07703,01/01/2025,31/12/2025,UK DESNZ activity-based conversion factors 2025
2025,27_304_3129_4_1,Activity,Scope 3,Freighting goods,HGV (all diesel),Articulated (>33t),0% Laden,Freighting goods HGV (all diesel) Articulated (>33t) 0% Laden,km,kg CO2e,0.64734,01/01/2025,31/12/2025,UK DESNZ activity-based conversion factors 2025
2025,27_304_3130_4_1,Activity,Scope 3,Freighting goods,HGV (all diesel),Articulated (>33t),50% Laden,Freighting goods HGV (all diesel) Articulated (>33t) 50% Laden,km,kg CO2e,0.85827,01/01/2025,31/12/2025,UK DESNZ activity-based conversion factors 2025
2025,27_304_3131_4_1,Activity,Scope 3,Freighting goods,HGV (all diesel),Articulated (>33t),100% Laden,Freighting goods HGV (all diesel) Articulated (>33t) 100% Laden,km,kg CO2e,1.06921,01/01/2025,31/12/2025,UK DESNZ activity-based conversion factors 2025
2025,27_304_3132_4_1,Activity,Scope 3,Freighting goods,HGV (all diesel),Articulated (>33t),Average laden,Freighting goods HGV (all diesel) Articulated (>33t) Average laden,km,kg CO2e,0.93421,01/01/2025,31/12/2025,UK DESNZ activity-based conversion factors 2025
2025,27_304_3129_9_1,Activity,Scope 3,Freighting goods,HGV (all diesel),Articulated (>33t),0% Laden,Freighting goods HGV (all diesel) Articulated (>33t) 0% Laden,miles,kg CO2e,1.04178,01/01/2025,31/12/2025,UK DESNZ activity-based conversion factors 2025
2025,27_304_3130_9_1,Activity,Scope 3,Freighting goods,HGV (all diesel),Articulated (>33t),50% Laden,Freighting goods HGV (all diesel) Articulated (>33t) 50% Laden,miles,kg CO2e,1.38125,01/01/2025,31/12/2025,UK DESNZ activity-based conversion factors 2025
2025,27_304_3131_9_1,Activity,Scope 3,Freighting goods,HGV (all diesel),Articulated (>33t),100% Laden,Freighting goods HGV (all diesel) Articulated (>33t) 100% Laden,miles,kg CO2e,1.72072,01/01/2025,31/12/2025,UK DESNZ activity-based conversion factors 2025
2025,27_304_3132_9_1,Activity,Scope 3,Freighting goods,HGV (all diesel),Articulated (>33t),Average laden,Freighting goods HGV (all diesel) Articulated (>33t) Average laden,miles,kg CO2e,1.50346,01/01/2025,31/12/2025,UK DESNZ activity-based conversion factors 2025
2025,27_304_3134_14_1,Activity,Scope 3,Freighting goods,HGV (all diesel),All artics,50% Laden,Freighting goods HGV (all diesel) All artics 50% Laden,tonne.km,kg CO2e,0.09675,01/01/2025,31/12/2025,UK DESNZ activity-based conversion factors 2025
2025,27_304_3135_14_1,Activity,Scope 3,Freighting goods,HGV (all diesel),All artics,100% Laden,Freighting goods HGV (all diesel) All artics 100% Laden,tonne.km,kg CO2e,0.06021,01/01/2025,31/12/2025,UK DESNZ activity-based conversion factors 2025
2025,27_304_3136_14_1,Activity,Scope 3,Freighting goods,HGV (all diesel),All artics,Average laden,Freighting goods HGV (all diesel) All artics Average laden,tonne.km,kg CO2e,0.078,01/01/2025,31/12/2025,UK DESNZ activity-based conversion factors 2025
2025,27_304_3133_4_1,Activity,Scope 3,Freighting goods,HGV (all diesel),All artics,0% Laden,Freighting goods HGV (all diesel) All artics 0% Laden,km,kg CO2e,0.64659,01/01/2025,31/12/2025,UK DESNZ activity-based conversion factors 2025
2025,27_304_3134_4_1,Activity,Scope 3,Freighting goods,HGV (all diesel),All artics,50% Laden,Freighting goods HGV (all diesel) All artics 50% Laden,km,kg CO2e,0.85536,01/01/2025,31/12/2025,UK DESNZ activity-based conversion factors 2025
2025,27_304_3135_4_1,Activity,Scope 3,Freighting goods,HGV (all diesel),All artics,100% Laden,Freighting goods HGV (all diesel) All artics 100% Laden,km,kg CO2e,1.06414,01/01/2025,31/12/2025,UK DESNZ activity-based conversion factors 2025
2025,27_304_3136_4_1,Activity,Scope 3,Freighting goods,HGV (all diesel),All artics,Average laden,Freighting goods HGV (all diesel) All artics Average laden,km,kg CO2e,0.92854,01/01/2025,31/12/2025,UK DESNZ activity-based conversion factors 2025
2025,27_304_3133_9_1,Activity,Scope 3,Freighting goods,HGV (all diesel),All artics,0% Laden,Freighting goods HGV (all diesel) All artics 0% Laden,miles,kg CO2e,1.04057,01/01/2025,31/12/2025,UK DESNZ activity-based conversion factors 2025
2025,27_304_3134_9_1,Activity,Scope 3,Freighting goods,HGV (all diesel),All artics,50% Laden,Freighting goods HGV (all diesel) All artics 50% Laden,miles,kg CO2e,1.37656,01/01/2025,31/12/2025,UK DESNZ activity-based conversion factors 2025
2025,27_304_3135_9_1,Activity,Scope 3,Freighting goods,HGV (all diesel),All artics,100% Laden,Freighting goods HGV (all diesel) All artics 100% Laden,miles,kg CO2e,1.71255,01/01/2025,31/12/2025,UK DESNZ activity-based conversion factors 2025
2025,27_304_3136_9_1,Activity,Scope 3,Freighting goods,HGV (all diesel),All artics,Average laden,Freighting goods HGV (all diesel) All artics Average laden,miles,kg CO2e,1.49432,01/01/2025,31/12/2025,UK DESNZ activity-based conversion factors 2025
2025,27_304_3138_14_1,Activity,Scope 3,Freighting goods,HGV (all diesel),All HGVs,50% Laden,Freighting goods HGV (all diesel) All HGVs 50% Laden,tonne.km,kg CO2e,0.12226,01/01/2025,31/12/2025,UK DESNZ activity-based conversion factors 2025
2025,27_304_3139_14_1,Activity,Scope 3,Freighting goods,HGV (all diesel),All HGVs,100% Laden,Freighting goods HGV (all diesel) All HGVs 100% Laden,tonne.km,kg CO2e,0.07431,01/01/2025,31/12/2025,UK DESNZ activity-based conversion factors 2025
2025,27_304_3140_14_1,Activity,Scope 3,Freighting goods,HGV (all diesel),All HGVs,Average laden,Freighting goods HGV (all diesel) All HGVs Average laden,tonne.km,kg CO2e,0.10163,01/01/2025,31/12/2025,UK DESNZ activity-based conversion factors 2025
2025,27_304_3137_4_1,Activity,Scope 3,Freighting goods,HGV (all diesel),All HGVs,0% Laden,Freighting goods HGV (all diesel) All HGVs 0% Laden,km,kg CO2e,0.65975,01/01/2025,31/12/2025,UK DESNZ activity-based conversion factors 2025
2025,27_304_3138_4_1,Activity,Scope 3,Freighting goods,HGV (all diesel),All HGVs,50% Laden,Freighting goods HGV (all diesel) All HGVs 50% Laden,km,kg CO2e,0.83589,01/01/2025,31/12/2025,UK DESNZ activity-based conversion factors 2025
2025,27_304_3139_4_1,Activity,Scope 3,Freighting goods,HGV (all diesel),All HGVs,100% Laden,Freighting goods HGV (all diesel) All HGVs 100% Laden,km,kg CO2e,1.01203,01/01/2025,31/12/2025,UK DESNZ activity-based conversion factors 2025
2025,27_304_3140_4_1,Activity,Scope 3,Freighting goods,HGV (all diesel),All HGVs,Average laden,Freighting goods HGV (all diesel) All HGVs Average laden,km,kg CO2e,0.89121,01/01/2025,31/12/2025,UK DESNZ activity-based conversion factors 2025
2025,27_304_3137_9_1,Activity,Scope 3,Freighting goods,HGV (all diesel),All HGVs,0% Laden,Freighting goods HGV (all diesel) All HGVs 0% Laden,miles,kg CO2e,1.06176,01/01/2025,31/12/2025,UK DESNZ activity-based conversion factors 2025
2025,27_304_3138_9_1,Activity,Scope 3,Freighting goods,HGV (all diesel),All HGVs,50% Laden,Freighting goods HGV (all diesel) All HGVs 50% Laden,miles,kg CO2e,1.34523,01/01/2025,31/12/2025,UK DESNZ activity-based conversion factors 2025
2025,27_304_3139_9_1,Activity,Scope 3,Freighting goods,HGV (all diesel),All HGVs,100% Laden,Freighting goods HGV (all diesel) All HGVs 100% Laden,miles,kg CO2e,1.6287,01/01/2025,31/12/2025,UK DESNZ activity-based conversion factors 2025
2025,27_304_3140_9_1,Activity,Scope 3,Freighting goods,HGV (all diesel),All HGVs,Average laden,Freighting goods HGV (all diesel) All HGVs Average laden,miles,kg CO2e,1.43425,01/01/2025,31/12/2025,UK DESNZ activity-based conversion factors 2025
2025,27_306_3110_14_1,Activity,Scope 3,Freighting goods,HGV refrigerated (all diesel),Rigid (>3.5 - 7.5 tonnes),50% Laden,Freighting goods HGV refrigerated (all diesel) Rigid (>3.5 - 7.5 tonnes) 50% Laden,tonne.km,kg CO2e,0.5468,01/01/2025,31/12/2025,UK DESNZ activity-based conversion factors 2025
2025,27_306_3111_14_1,Activity,Scope 3,Freighting goods,HGV refrigerated (all diesel),Rigid (>3.5 - 7.5 tonnes),100% Laden,Freighting goods HGV refrigerated (all diesel) Rigid (>3.5 - 7.5 tonnes) 100% Laden,tonne.km,kg CO2e,0.29508,01/01/2025,31/12/2025,UK DESNZ activity-based conversion factors 2025
2025,27_306_3112_14_1,Activity,Scope 3,Freighting goods,HGV refrigerated (all diesel),Rigid (>3.5 - 7.5 tonnes),Average laden,Freighting goods HGV refrigerated (all diesel) Rigid (>3.5 - 7.5 tonnes) Average laden,tonne.km,kg CO2e,0.62837,01/01/2025,31/12/2025,UK DESNZ activity-based conversion factors 2025
2025,27_306_3109_4_1,Activity,Scope 3,Freighting goods,HGV refrigerated (all diesel),Rigid (>3.5 - 7.5 tonnes),0% Laden,Freighting goods HGV refrigerated (all diesel) Rigid (>3.5 - 7.5 tonnes) 0% Laden,km,kg CO2e,0.54937,01/01/2025,31/12/2025,UK DESNZ activity-based conversion factors 2025
2025,27_306_3110_4_1,Activity,Scope 3,Freighting goods,HGV refrigerated (all diesel),Rigid (>3.5 - 7.5 tonnes),50% Laden,Freighting goods HGV refrigerated (all diesel) Rigid (>3.5 - 7.5 tonnes) 50% Laden,km,kg CO2e,0.59667,01/01/2025,31/12/2025,UK DESNZ activity-based conversion factors 2025
2025,27_306_3111_4_1,Activity,Scope 3,Freighting goods,HGV refrigerated (all diesel),Rigid (>3.5 - 7.5 tonnes),100% Laden,Freighting goods HGV refrigerated (all diesel) Rigid (>3.5 - 7.5 tonnes) 100% Laden,km,kg CO2e,0.64397,01/01/2025,31/12/2025,UK DESNZ activity-based conversion factors 2025
2025,27_306_3112_4_1,Activity,Scope 3,Freighting goods,HGV refrigerated (all diesel),Rigid (>3.5 - 7.5 tonnes),Average laden,Freighting goods HGV refrigerated (all diesel) Rigid (>3.5 - 7.5 tonnes) Average laden,km,kg CO2e,0.59005,01/01/2025,31/12/2025,UK DESNZ activity-based conversion factors 2025
2025,27_306_3109_9_1,Activity,Scope 3,Freighting goods,HGV refrigerated (all diesel),Rigid (>3.5 - 7.5 tonnes),0% Laden,Freighting goods HGV refrigerated (all diesel) Rigid (>3.5 - 7.5 tonnes) 0% Laden,miles,kg CO2e,0.88412,01/01/2025,31/12/2025,UK DESNZ activity-based conversion factors 2025
2025,27_306_3110_9_1,Activity,Scope 3,Freighting goods,HGV refrigerated (all diesel),Rigid (>3.5 - 7.5 tonnes),50% Laden,Freighting goods HGV refrigerated (all diesel) Rigid (>3.5 - 7.5 tonnes) 50% Laden,miles,kg CO2e,0.96024,01/01/2025,31/12/2025,UK DESNZ activity-based conversion factors 2025
2025,27_306_3111_9_1,Activity,Scope 3,Freighting goods,HGV refrigerated (all diesel),Rigid (>3.5 - 7.5 tonnes),100% Laden,Freighting goods HGV refrigerated (all diesel) Rigid (>3.5 - 7.5 tonnes) 100% Laden,miles,kg CO2e,1.03637,01/01/2025,31/12/2025,UK DESNZ activity-based conversion factors 2025
2025,27_306_3112_9_1,Activity,Scope 3,Freighting goods,HGV refrigerated (all diesel),Rigid (>3.5 - 7.5 tonnes),Average laden,Freighting goods HGV refrigerated (all diesel) Rigid (>3.5 - 7.5 tonnes) Average laden,miles,kg CO2e,0.94959,01/01/2025,31/12/2025,UK DESNZ activity-based conversion factors 2025
2025,27_306_3114_14_1,Activity,Scope 3,Freighting goods,HGV refrigerated (all diesel),Rigid (>7.5 tonnes-17 tonnes),50% Laden,Freighting goods HGV refrigerated (all diesel) Rigid (>7.5 tonnes-17 tonnes) 50% Laden,tonne.km,kg CO2e,0.31477,01/01/2025,31/12/2025,UK DESNZ activity-based conversion factors 2025
2025,27_306_3115_14_1,Activity,Scope 3,Freighting goods,HGV refrigerated (all diesel),Rigid (>7.5 tonnes-17 tonnes),100% Laden,Freighting goods HGV refrigerated (all diesel) Rigid (>7.5 tonnes-17 tonnes) 100% Laden,tonne.km,kg CO2e,0.17689,01/01/2025,31/12/2025,UK DESNZ activity-based conversion factors 2025
2025,27_306_3116_14_1,Activity,Scope 3,Freighting goods,HGV refrigerated (all diesel),Rigid (>7.5 tonnes-17 tonnes),Average laden,Freighting goods HGV refrigerated (all diesel) Rigid (>7.5 tonnes-17 tonnes) Average laden,tonne.km,kg CO2e,0.43306,01/01/2025,31/12/2025,UK DESNZ activity-based conversion factors 2025
2025,27_306_3113_4_1,Activity,Scope 3,Freighting goods,HGV refrigerated (all diesel),Rigid (>7.5 tonnes-17 tonnes),0% Laden,Freighting goods HGV refrigerated (all diesel) Rigid (>7.5 tonnes-17 tonnes) 0% Laden,km,kg CO2e,0.65559,01/01/2025,31/12/2025,UK DESNZ activity-based conversion factors 2025
2025,27_306_3114_4_1,Activity,Scope 3,Freighting goods,HGV refrigerated (all diesel),Rigid (>7.5 tonnes-17 tonnes),50% Laden,Freighting goods HGV refrigerated (all diesel) Rigid (>7.5 tonnes-17 tonnes) 50% Laden,km,kg CO2e,0.7483,01/01/2025,31/12/2025,UK DESNZ activity-based conversion factors 2025
2025,27_306_3115_4_1,Activity,Scope 3,Freighting goods,HGV refrigerated (all diesel),Rigid (>7.5 tonnes-17 tonnes),100% Laden,Freighting goods HGV refrigerated (all diesel) Rigid (>7.5 tonnes-17 tonnes) 100% Laden,km,kg CO2e,0.84101,01/01/2025,31/12/2025,UK DESNZ activity-based conversion factors 2025
2025,27_306_3116_4_1,Activity,Scope 3,Freighting goods,HGV refrigerated (all diesel),Rigid (>7.5 tonnes-17 tonnes),Average laden,Freighting goods HGV refrigerated (all diesel) Rigid (>7.5 tonnes-17 tonnes) Average laden,km,kg CO2e,0.72049,01/01/2025,31/12/2025,UK DESNZ activity-based conversion factors 2025
2025,27_306_3113_9_1,Activity,Scope 3,Freighting goods,HGV refrigerated (all diesel),Rigid (>7.5 tonnes-17 tonnes),0% Laden,Freighting goods HGV refrigerated (all diesel) Rigid (>7.5 tonnes-17 tonnes) 0% Laden,miles,kg CO2e,1.05508,01/01/2025,31/12/2025,UK DESNZ activity-based conversion factors 2025
2025,27_306_3114_9_1,Activity,Scope 3,Freighting goods,HGV refrigerated (all diesel),Rigid (>7.5 tonnes-17 tonnes),50% Laden,Freighting goods HGV refrigerated (all diesel) Rigid (>7.5 tonnes-17 tonnes) 50% Laden,miles,kg CO2e,1.20428,01/01/2025,31/12/2025,UK DESNZ activity-based conversion factors 2025
2025,27_306_3115_9_1,Activity,Scope 3,Freighting goods,HGV refrigerated (all diesel),Rigid (>7.5 tonnes-17 tonnes),100% Laden,Freighting goods HGV refrigerated (all diesel) Rigid (>7.5 tonnes-17 tonnes) 100% Laden,miles,kg CO2e,1.35348,01/01/2025,31/12/2025,UK DESNZ activity-based conversion factors 2025
2025,27_306_3116_9_1,Activity,Scope 3,Freighting goods,HGV refrigerated (all diesel),Rigid (>7.5 tonnes-17 tonnes),Average laden,Freighting goods HGV refrigerated (all diesel) Rigid (>7.5 tonnes-17 tonnes) Average laden,miles,kg CO2e,1.15952,01/01/2025,31/12/2025,UK DESNZ activity-based conversion factors 2025
2025,27_306_3118_14_1,Activity,Scope 3,Freighting goods,HGV refrigerated (all diesel),Rigid (>17 tonnes),50% Laden,Freighting goods HGV refrigerated (all diesel) Rigid (>17 tonnes) 50% Laden,tonne.km,kg CO2e,0.25145,01/01/2025,31/12/2025,UK DESNZ activity-based conversion factors 2025
2025,27_306_3119_14_1,Activity,Scope 3,Freighting goods,HGV refrigerated (all diesel),Rigid (>17 tonnes),100% Laden,Freighting goods HGV refrigerated (all diesel) Rigid (>17 tonnes) 100% Laden,tonne.km,kg CO2e,0.14814,01/01/2025,31/12/2025,UK DESNZ activity-based conversion factors 2025
2025,27_306_3120_14_1,Activity,Scope 3,Freighting goods,HGV refrigerated (all diesel),Rigid (>17 tonnes),Average laden,Freighting goods HGV refrigerated (all diesel) Rigid (>17 tonnes) Average laden,tonne.km,kg CO2e,0.20416,01/01/2025,31/12/2025,UK DESNZ activity-based conversion factors 2025
2025,27_306_3117_4_1,Activity,Scope 3,Freighting goods,HGV refrigerated (all diesel),Rigid (>17 tonnes),0% Laden,Freighting goods HGV refrigerated (all diesel) Rigid (>17 tonnes) 0% Laden,km,kg CO2e,0.92128,01/01/2025,31/12/2025,UK DESNZ activity-based conversion factors 2025
2025,27_306_3118_4_1,Activity,Scope 3,Freighting goods,HGV refrigerated (all diesel),Rigid (>17 tonnes),50% Laden,Freighting goods HGV refrigerated (all diesel) Rigid (>17 tonnes) 50% Laden,km,kg CO2e,1.12114,01/01/2025,31/12/2025,UK DESNZ activity-based conversion factors 2025
2025,27_306_3119_4_1,Activity,Scope 3,Freighting goods,HGV refrigerated (all diesel),Rigid (>17 tonnes),100% Laden,Freighting goods HGV refrigerated (all diesel) Rigid (>17 tonnes) 100% Laden,km,kg CO2e,1.321,01/01/2025,31/12/2025,UK DESNZ activity-based conversion factors 2025
2025,27_306_3120_4_1,Activity,Scope 3,Freighting goods,HGV refrigerated (all diesel),Rigid (>17 tonnes),Average laden,Freighting goods HGV refrigerated (all diesel) Rigid (>17 tonnes) Average laden,km,kg CO2e,1.18083,01/01/2025,31/12/2025,UK DESNZ activity-based conversion factors 2025
2025,27_306_3117_9_1,Activity,Scope 3,Freighting goods,HGV refrigerated (all diesel),Rigid (>17 tonnes),0% Laden,Freighting goods HGV refrigerated (all diesel) Rigid (>17 tonnes) 0% Laden,miles,kg CO2e,1.48266,01/01/2025,31/12/2025,UK DESNZ activity-based conversion factors 2025
2025,27_306_3118_9_1,Activity,Scope 3,Freighting goods,HGV refrigerated (all diesel),Rigid (>17 tonnes),50% Laden,Freighting goods HGV refrigerated (all diesel) Rigid (>17 tonnes) 50% Laden,miles,kg CO2e,1.8043,01/01/2025,31/12/2025,UK DESNZ activity-based conversion factors 2025
2025,27_306_3119_9_1,Activity,Scope 3,Freighting goods,HGV refrigerated (all diesel),Rigid (>17 tonnes),100% Laden,Freighting goods HGV refrigerated (all diesel) Rigid (>17 tonnes) 100% Laden,miles,kg CO2e,2.12594,01/01/2025,31/12/2025,UK DESNZ activity-based conversion factors 2025
2025,27_306_3120_9_1,Activity,Scope 3,Freighting goods,HGV refrigerated (all diesel),Rigid (>17 tonnes),Average laden,Freighting goods HGV refrigerated (all diesel) Rigid (>17 tonnes) Average laden,miles,kg CO2e,1.90036,01/01/2025,31/12/2025,UK DESNZ activity-based conversion factors 2025
2025,27_306_3122_14_1,Activity,Scope 3,Freighting goods,HGV refrigerated (all diesel),All rigids,50% Laden,Freighting goods HGV refrigerated (all diesel) All rigids 50% Laden,tonne.km,kg CO2e,0.26888,01/01/2025,31/12/2025,UK DESNZ activity-based conversion factors 2025
2025,27_306_3123_14_1,Activity,Scope 3,Freighting goods,HGV refrigerated (all diesel),All rigids,100% Laden,Freighting goods HGV refrigerated (all diesel) All rigids 100% Laden,tonne.km,kg CO2e,0.15669,01/01/2025,31/12/2025,UK DESNZ activity-based conversion factors 2025
2025,27_306_3124_14_1,Activity,Scope 3,Freighting goods,HGV refrigerated (all diesel),All rigids,Average laden,Freighting goods HGV refrigerated (all diesel) All rigids Average laden,tonne.km,kg CO2e,0.23514,01/01/2025,31/12/2025,UK DESNZ activity-based conversion factors 2025
2025,27_306_3121_4_1,Activity,Scope 3,Freighting goods,HGV refrigerated (all diesel),All rigids,0% Laden,Freighting goods HGV refrigerated (all diesel) All rigids 0% Laden,km,kg CO2e,0.80843,01/01/2025,31/12/2025,UK DESNZ activity-based conversion factors 2025
2025,27_306_3122_4_1,Activity,Scope 3,Freighting goods,HGV refrigerated (all diesel),All rigids,50% Laden,Freighting goods HGV refrigerated (all diesel) All rigids 50% Laden,km,kg CO2e,0.96223,01/01/2025,31/12/2025,UK DESNZ activity-based conversion factors 2025
2025,27_306_3123_4_1,Activity,Scope 3,Freighting goods,HGV refrigerated (all diesel),All rigids,100% Laden,Freighting goods HGV refrigerated (all diesel) All rigids 100% Laden,km,kg CO2e,1.11603,01/01/2025,31/12/2025,UK DESNZ activity-based conversion factors 2025
2025,27_306_3124_4_1,Activity,Scope 3,Freighting goods,HGV refrigerated (all diesel),All rigids,Average laden,Freighting goods HGV refrigerated (all diesel) All rigids Average laden,km,kg CO2e,0.99739,01/01/2025,31/12/2025,UK DESNZ activity-based conversion factors 2025
2025,27_306_3121_9_1,Activity,Scope 3,Freighting goods,HGV refrigerated (all diesel),All rigids,0% Laden,Freighting goods HGV refrigerated (all diesel) All rigids 0% Laden,miles,kg CO2e,1.30103,01/01/2025,31/12/2025,UK DESNZ activity-based conversion factors 2025
2025,27_306_3122_9_1,Activity,Scope 3,Freighting goods,HGV refrigerated (all diesel),All rigids,50% Laden,Freighting goods HGV refrigerated (all diesel) All rigids 50% Laden,miles,kg CO2e,1.54855,01/01/2025,31/12/2025,UK DESNZ activity-based conversion factors 2025
2025,27_306_3123_9_1,Activity,Scope 3,Freighting goods,HGV refrigerated (all diesel),All rigids,100% Laden,Freighting goods HGV refrigerated (all diesel) All rigids 100% Laden,miles,kg CO2e,1.79606,01/01/2025,31/12/2025,UK DESNZ activity-based conversion factors 2025
2025,27_306_3124_9_1,Activity,Scope 3,Freighting goods,HGV refrigerated (all diesel),All rigids,Average laden,Freighting goods HGV refrigerated (all diesel) All rigids Average laden,miles,kg CO2e,1.60513,01/01/2025,31/12/2025,UK DESNZ activity-based conversion factors 2025
2025,27_306_3126_14_1,Activity,Scope 3,Freighting goods,HGV refrigerated (all diesel),Articulated (>3.5 - 33t),50% Laden,Freighting goods HGV refrigerated (all diesel) Articulated (>3.5 - 33t) 50% Laden,tonne.km,kg CO2e,0.14833,01/01/2025,31/12/2025,UK DESNZ activity-based conversion factors 2025
2025,27_306_3127_14_1,Activity,Scope 3,Freighting goods,HGV refrigerated (all diesel),Articulated (>3.5 - 33t),100% Laden,Freighting goods HGV refrigerated (all diesel) Articulated (>3.5 - 33t) 100% Laden,tonne.km,kg CO2e,0.0888,01/01/2025,31/12/2025,UK DESNZ activity-based conversion factors 2025
2025,27_306_3128_14_1,Activity,Scope 3,Freighting goods,HGV refrigerated (all diesel),Articulated (>3.5 - 33t),Average laden,Freighting goods HGV refrigerated (all diesel) Articulated (>3.5 - 33t) Average laden,tonne.km,kg CO2e,0.14611,01/01/2025,31/12/2025,UK DESNZ activity-based conversion factors 2025
2025,27_306_3125_4_1,Activity,Scope 3,Freighting goods,HGV refrigerated (all diesel),Articulated (>3.5 - 33t),0% Laden,Freighting goods HGV refrigerated (all diesel) Articulated (>3.5 - 33t) 0% Laden,km,kg CO2e,0.72566,01/01/2025,31/12/2025,UK DESNZ activity-based conversion factors 2025
2025,27_306_3126_4_1,Activity,Scope 3,Freighting goods,HGV refrigerated (all diesel),Articulated (>3.5 - 33t),50% Laden,Freighting goods HGV refrigerated (all diesel) Articulated (>3.5 - 33t) 50% Laden,km,kg CO2e,0.90403,01/01/2025,31/12/2025,UK DESNZ activity-based conversion factors 2025
2025,27_306_3127_4_1,Activity,Scope 3,Freighting goods,HGV refrigerated (all diesel),Articulated (>3.5 - 33t),100% Laden,Freighting goods HGV refrigerated (all diesel) Articulated (>3.5 - 33t) 100% Laden,km,kg CO2e,1.08239,01/01/2025,31/12/2025,UK DESNZ activity-based conversion factors 2025
2025,27_306_3128_4_1,Activity,Scope 3,Freighting goods,HGV refrigerated (all diesel),Articulated (>3.5 - 33t),Average laden,Freighting goods HGV refrigerated (all diesel) Articulated (>3.5 - 33t) Average laden,km,kg CO2e,0.90759,01/01/2025,31/12/2025,UK DESNZ activity-based conversion factors 2025
2025,27_306_3125_9_1,Activity,Scope 3,Freighting goods,HGV refrigerated (all diesel),Articulated (>3.5 - 33t),0% Laden,Freighting goods HGV refrigerated (all diesel) Articulated (>3.5 - 33t) 0% Laden,miles,kg CO2e,1.16782,01/01/2025,31/12/2025,UK DESNZ activity-based conversion factors 2025
2025,27_306_3126_9_1,Activity,Scope 3,Freighting goods,HGV refrigerated (all diesel),Articulated (>3.5 - 33t),50% Laden,Freighting goods HGV refrigerated (all diesel) Articulated (>3.5 - 33t) 50% Laden,miles,kg CO2e,1.45487,01/01/2025,31/12/2025,UK DESNZ activity-based conversion factors 2025
2025,27_306_3127_9_1,Activity,Scope 3,Freighting goods,HGV refrigerated (all diesel),Articulated (>3.5 - 33t),100% Laden,Freighting goods HGV refrigerated (all diesel) Articulated (>3.5 - 33t) 100% Laden,miles,kg CO2e,1.74192,01/01/2025,31/12/2025,UK DESNZ activity-based conversion factors 2025
2025,27_306_3128_9_1,Activity,Scope 3,Freighting goods,HGV refrigerated (all diesel),Articulated (>3.5 - 33t),Average laden,Freighting goods HGV refrigerated (all diesel) Articulated (>3.5 - 33t) Average laden,miles,kg CO2e,1.46061,01/01/2025,31/12/2025,UK DESNZ activity-based conversion factors 2025
2025,27_306_3130_14_1,Activity,Scope 3,Freighting goods,HGV refrigerated (all diesel),Articulated (>33t),50% Laden,Freighting goods HGV refrigerated (all diesel) Articulated (>33t) 50% Laden,tonne.km,kg CO2e,0.11115,01/01/2025,31/12/2025,UK DESNZ activity-based conversion factors 2025
2025,27_306_3131_14_1,Activity,Scope 3,Freighting goods,HGV refrigerated (all diesel),Articulated (>33t),100% Laden,Freighting goods HGV refrigerated (all diesel) Articulated (>33t) 100% Laden,tonne.km,kg CO2e,0.06928,01/01/2025,31/12/2025,UK DESNZ activity-based conversion factors 2025
2025,27_306_3132_14_1,Activity,Scope 3,Freighting goods,HGV refrigerated (all diesel),Articulated (>33t),Average laden,Freighting goods HGV refrigerated (all diesel) Articulated (>33t) Average laden,tonne.km,kg CO2e,0.08908,01/01/2025,31/12/2025,UK DESNZ activity-based conversion factors 2025
2025,27_306_3129_4_1,Activity,Scope 3,Freighting goods,HGV refrigerated (all diesel),Articulated (>33t),0% Laden,Freighting goods HGV refrigerated (all diesel) Articulated (>33t) 0% Laden,km,kg CO2e,0.748,01/01/2025,31/12/2025,UK DESNZ activity-based conversion factors 2025
2025,27_306_3130_4_1,Activity,Scope 3,Freighting goods,HGV refrigerated (all diesel),Articulated (>33t),50% Laden,Freighting goods HGV refrigerated (all diesel) Articulated (>33t) 50% Laden,km,kg CO2e,0.99249,01/01/2025,31/12/2025,UK DESNZ activity-based conversion factors 2025
2025,27_306_3131_4_1,Activity,Scope 3,Freighting goods,HGV refrigerated (all diesel),Articulated (>33t),100% Laden,Freighting goods HGV refrigerated (all diesel) Articulated (>33t) 100% Laden,km,kg CO2e,1.23699,01/01/2025,31/12/2025,UK DESNZ activity-based conversion factors 2025
2025,27_306_3132_4_1,Activity,Scope 3,Freighting goods,HGV refrigerated (all diesel),Articulated (>33t),Average laden,Freighting goods HGV refrigerated (all diesel) Articulated (>33t) Average laden,km,kg CO2e,1.08051,01/01/2025,31/12/2025,UK DESNZ activity-based conversion factors 2025
2025,27_306_3129_9_1,Activity,Scope 3,Freighting goods,HGV refrigerated (all diesel),Articulated (>33t),0% Laden,Freighting goods HGV refrigerated (all diesel) Articulated (>33t) 0% Laden,miles,kg CO2e,1.20378,01/01/2025,31/12/2025,UK DESNZ activity-based conversion factors 2025
2025,27_306_3130_9_1,Activity,Scope 3,Freighting goods,HGV refrigerated (all diesel),Articulated (>33t),50% Laden,Freighting goods HGV refrigerated (all diesel) Articulated (>33t) 50% Laden,miles,kg CO2e,1.59725,01/01/2025,31/12/2025,UK DESNZ activity-based conversion factors 2025
2025,27_306_3131_9_1,Activity,Scope 3,Freighting goods,HGV refrigerated (all diesel),Articulated (>33t),100% Laden,Freighting goods HGV refrigerated (all diesel) Articulated (>33t) 100% Laden,miles,kg CO2e,1.99073,01/01/2025,31/12/2025,UK DESNZ activity-based conversion factors 2025
2025,27_306_3132_9_1,Activity,Scope 3,Freighting goods,HGV refrigerated (all diesel),Articulated (>33t),Average laden,Freighting goods HGV refrigerated (all diesel) Articulated (>33t) Average laden,miles,kg CO2e,1.7389,01/01/2025,31/12/2025,UK DESNZ activity-based conversion factors 2025
2025,27_306_3134_14_1,Activity,Scope 3,Freighting goods,HGV refrigerated (all diesel),All artics,50% Laden,Freighting goods HGV refrigerated (all diesel) All artics 50% Laden,tonne.km,kg CO2e,0.11189,01/01/2025,31/12/2025,UK DESNZ activity-based conversion factors 2025
2025,27_306_3135_14_1,Activity,Scope 3,Freighting goods,HGV refrigerated (all diesel),All artics,100% Laden,Freighting goods HGV refrigerated (all diesel) All artics 100% Laden,tonne.km,kg CO2e,0.06966,01/01/2025,31/12/2025,UK DESNZ activity-based conversion factors 2025
2025,27_306_3136_14_1,Activity,Scope 3,Freighting goods,HGV refrigerated (all diesel),All artics,Average laden,Freighting goods HGV refrigerated (all diesel) All artics Average laden,tonne.km,kg CO2e,0.0902,01/01/2025,31/12/2025,UK DESNZ activity-based conversion factors 2025
2025,27_306_3133_4_1,Activity,Scope 3,Freighting goods,HGV refrigerated (all diesel),All artics,0% Laden,Freighting goods HGV refrigerated (all diesel) All artics 0% Laden,km,kg CO2e,0.74715,01/01/2025,31/12/2025,UK DESNZ activity-based conversion factors 2025
2025,27_306_3134_4_1,Activity,Scope 3,Freighting goods,HGV refrigerated (all diesel),All artics,50% Laden,Freighting goods HGV refrigerated (all diesel) All artics 50% Laden,km,kg CO2e,0.98913,01/01/2025,31/12/2025,UK DESNZ activity-based conversion factors 2025
2025,27_306_3135_4_1,Activity,Scope 3,Freighting goods,HGV refrigerated (all diesel),All artics,100% Laden,Freighting goods HGV refrigerated (all diesel) All artics 100% Laden,km,kg CO2e,1.23112,01/01/2025,31/12/2025,UK DESNZ activity-based conversion factors 2025
2025,27_306_3136_4_1,Activity,Scope 3,Freighting goods,HGV refrigerated (all diesel),All artics,Average laden,Freighting goods HGV refrigerated (all diesel) All artics Average laden,km,kg CO2e,1.07395,01/01/2025,31/12/2025,UK DESNZ activity-based conversion factors 2025
2025,27_306_3133_9_1,Activity,Scope 3,Freighting goods,HGV refrigerated (all diesel),All artics,0% Laden,Freighting goods HGV refrigerated (all diesel) All artics 0% Laden,miles,kg CO2e,1.20241,01/01/2025,31/12/2025,UK DESNZ activity-based conversion factors 2025
2025,27_306_3134_9_1,Activity,Scope 3,Freighting goods,HGV refrigerated (all diesel),All artics,50% Laden,Freighting goods HGV refrigerated (all diesel) All artics 50% Laden,miles,kg CO2e,1.59184,01/01/2025,31/12/2025,UK DESNZ activity-based conversion factors 2025
2025,27_306_3135_9_1,Activity,Scope 3,Freighting goods,HGV refrigerated (all diesel),All artics,100% Laden,Freighting goods HGV refrigerated (all diesel) All artics 100% Laden,miles,kg CO2e,1.98128,01/01/2025,31/12/2025,UK DESNZ activity-based conversion factors 2025
2025,27_306_3136_9_1,Activity,Scope 3,Freighting goods,HGV refrigerated (all diesel),All artics,Average laden,Freighting goods HGV refrigerated (all diesel) All artics Average laden,miles,kg CO2e,1.72834,01/01/2025,31/12/2025,UK DESNZ activity-based conversion factors 2025
2025,27_306_3138_14_1,Activity,Scope 3,Freighting goods,HGV refrigerated (all diesel),All HGVs,50% Laden,Freighting goods HGV refrigerated (all diesel) All HGVs 50% Laden,tonne.km,kg CO2e,0.14309,01/01/2025,31/12/2025,UK DESNZ activity-based conversion factors 2025
2025,27_306_3139_14_1,Activity,Scope 3,Freighting goods,HGV refrigerated (all diesel),All HGVs,100% Laden,Freighting goods HGV refrigerated (all diesel) All HGVs 100% Laden,tonne.km,kg CO2e,0.08701,01/01/2025,31/12/2025,UK DESNZ activity-based conversion factors 2025
2025,27_306_3140_14_1,Activity,Scope 3,Freighting goods,HGV refrigerated (all diesel),All HGVs,Average laden,Freighting goods HGV refrigerated (all diesel) All HGVs Average laden,tonne.km,kg CO2e,0.11894,01/01/2025,31/12/2025,UK DESNZ activity-based conversion factors 2025
2025,27_306_3137_4_1,Activity,Scope 3,Freighting goods,HGV refrigerated (all diesel),All HGVs,0% Laden,Freighting goods HGV refrigerated (all diesel) All HGVs 0% Laden,km,kg CO2e,0.77175,01/01/2025,31/12/2025,UK DESNZ activity-based conversion factors 2025
2025,27_306_3138_4_1,Activity,Scope 3,Freighting goods,HGV refrigerated (all diesel),All HGVs,50% Laden,Freighting goods HGV refrigerated (all diesel) All HGVs 50% Laden,km,kg CO2e,0.97835,01/01/2025,31/12/2025,UK DESNZ activity-based conversion factors 2025
2025,27_306_3139_4_1,Activity,Scope 3,Freighting goods,HGV refrigerated (all diesel),All HGVs,100% Laden,Freighting goods HGV refrigerated (all diesel) All HGVs 100% Laden,km,kg CO2e,1.18495,01/01/2025,31/12/2025,UK DESNZ activity-based conversion factors 2025
2025,27_306_3140_4_1,Activity,Scope 3,Freighting goods,HGV refrigerated (all diesel),All HGVs,Average laden,Freighting goods HGV refrigerated (all diesel) All HGVs Average laden,km,kg CO2e,1.04323,01/01/2025,31/12/2025,UK DESNZ activity-based conversion factors 2025
2025,27_306_3137_9_1,Activity,Scope 3,Freighting goods,HGV refrigerated (all diesel),All HGVs,0% Laden,Freighting goods HGV refrigerated (all diesel) All HGVs 0% Laden,miles,kg CO2e,1.242,01/01/2025,31/12/2025,UK DESNZ activity-based conversion factors 2025
2025,27_306_3138_9_1,Activity,Scope 3,Freighting goods,HGV refrigerated (all diesel),All HGVs,50% Laden,Freighting goods HGV refrigerated (all diesel) All HGVs 50% Laden,miles,kg CO2e,1.5745,01/01/2025,31/12/2025,UK DESNZ activity-based conversion factors 2025
2025,27_306_3139_9_1,Activity,Scope 3,Freighting goods,HGV refrigerated (all diesel),All HGVs,100% Laden,Freighting goods HGV refrigerated (all diesel) All HGVs 100% Laden,miles,kg CO2e,1.90699,01/01/2025,31/12/2025,UK DESNZ activity-based conversion factors 2025
2025,27_306_3140_9_1,Activity,Scope 3,Freighting goods,HGV refrigerated (all diesel),All HGVs,Average laden,Freighting goods HGV refrigerated (all diesel) All HGVs Average laden,miles,kg CO2e,1.67891,01/01/2025,31/12/2025,UK DESNZ activity-based conversion factors 2025
2025,27_317_3152_14_1,Activity,Scope 3,Freighting goods,Freight flights,"Domestic, to/from UK",With RF,"Freighting goods Freight flights Domestic, to/from UK With RF",tonne.km,kg CO2e,4.60397,01/01/2025,31/12/2025,UK DESNZ activity-based conversion factors 2025
2025,27_317_3153_14_1,Activity,Scope 3,Freighting goods,Freight flights,"Domestic, to/from UK",Without RF,"Freighting goods Freight flights Domestic, to/from UK Without RF",tonne.km,kg CO2e,2.71931,01/01/2025,31/12/2025,UK DESNZ activity-based conversion factors 2025
2025,27_317_3154_14_1,Activity,Scope 3,Freighting goods,Freight flights,"Short-haul, to/from UK",With RF,"Freighting goods Freight flights Short-haul, to/from UK With RF",tonne.km,kg CO2e,1.27835,01/01/2025,31/12/2025,UK DESNZ activity-based conversion factors 2025
2025,27_317_3155_14_1,Activity,Scope 3,Freighting goods,Freight flights,"Short-haul, to/from UK",Without RF,"Freighting goods Freight flights Short-haul, to/from UK Without RF",tonne.km,kg CO2e,0.75539,01/01/2025,31/12/2025,UK DESNZ activity-based conversion factors 2025
2025,27_317_3156_14_1,Activity,Scope 3,Freighting goods,Freight flights,"Long-haul, to/from UK",With RF,"Freighting goods Freight flights Long-haul, to/from UK With RF",tonne.km,kg CO2e,0.89939,01/01/2025,31/12/2025,UK DESNZ activity-based conversion factors 2025
2025,27_317_3157_14_1,Activity,Scope 3,Freighting goods,Freight flights,"Long-haul, to/from UK",Without RF,"Freighting goods Freight flights Long-haul, to/from UK Without RF",tonne.km,kg CO2e,0.5313,01/01/2025,31/12/2025,UK DESNZ activity-based conversion factors 2025
2025,27_317_3158_14_1,Activity,Scope 3,Freighting goods,Freight flights,"International, to/from non-UK",With RF,"Freighting goods Freight flights International, to/from non-UK With RF",tonne.km,kg CO2e,0.89939,01/01/2025,31/12/2025,UK DESNZ activity-based conversion factors 2025
2025,27_317_3159_14_1,Activity,Scope 3,Freighting goods,Freight flights,"International, to/from non-UK",,"Freighting goods Freight flights International, to/from non-UK ",tonne.km,kg CO2e,0.5313,01/01/2025,31/12/2025,UK DESNZ activity-based conversion factors 2025
2025,27_315_3151_14_1,Activity,Scope 3,Freighting goods,Rail,Freight train,,Freighting goods Rail Freight train ,tonne.km,kg CO2e,0.02779,01/01/2025,31/12/2025,UK DESNZ activity-based conversion factors 2025
2025,27_319_3191_14_1,Activity,Scope 3,Freighting goods,Sea tanker,Crude tanker,"200,000+ dwt","Freighting goods Sea tanker Crude tanker 200,000+ dwt",tonne.km,kg CO2e,0.00294,01/01/2025,31/12/2025,UK DESNZ activity-based conversion factors 2025
2025,27_319_3192_14_1,Activity,Scope 3,Freighting goods,Sea tanker,Crude tanker,"120,000–199,999 dwt","Freighting goods Sea tanker Crude tanker 120,000–199,999 dwt",tonne.km,kg CO2e,0.00445,01/01/2025,31/12/2025,UK DESNZ activity-based conversion factors 2025
2025,27_319_3193_14_1,Activity,Scope 3,Freighting goods,Sea tanker,Crude tanker,"80,000–119,999 dwt","Freighting goods Sea tanker Crude tanker 80,000–119,999 dwt",tonne.km,kg CO2e,0.00597,01/01/2025,31/12/2025,UK DESNZ activity-based conversion factors 2025
2025,27_319_3194_14_1,Activity,Scope 3,Freighting goods,Sea tanker,Crude tanker,"60,000–79,999 dwt","Freighting goods Sea tanker Crude tanker 60,000–79,999 dwt",tonne.km,kg CO2e,0.00759,01/01/2025,31/12/2025,UK DESNZ activity-based conversion factors 2025
2025,27_319_3195_14_1,Activity,Scope 3,Freighting goods,Sea tanker,Crude tanker,"10,000–59,999 dwt","Freighting goods Sea tanker Crude tanker 10,000–59,999 dwt",tonne.km,kg CO2e,0.00921,01/01/2025,31/12/2025,UK DESNZ activity-based conversion factors 2025
2025,27_319_3196_14_1,Activity,Scope 3,Freighting goods,Sea tanker,Crude tanker,0–9999 dwt,Freighting goods Sea tanker Crude tanker 0–9999 dwt,tonne.km,kg CO2e,0.03371,01/01/2025,31/12/2025,UK DESNZ activity-based conversion factors 2025
2025,27_319_3197_14_1,Activity,Scope 3,Freighting goods,Sea tanker,Crude tanker,Average,Freighting goods Sea tanker Crude tanker Average,tonne.km,kg CO2e,0.00457,01/01/2025,31/12/2025,UK DESNZ activity-based conversion factors 2025
2025,27_319_3198_14_1,Activity,Scope 3,Freighting goods,Sea tanker,Products tanker ,"60,000+ dwt","Freighting goods Sea tanker Products tanker  60,000+ dwt",tonne.km,kg CO2e,0.00577,01/01/2025,31/12/2025,UK DESNZ activity-based conversion factors 2025
2025,27_319_3199_14_1,Activity,Scope 3,Freighting goods,Sea tanker,Products tanker ,"20,000–59,999 dwt","Freighting goods Sea tanker Products tanker  20,000–59,999 dwt",tonne.km,kg CO2e,0.01043,01/01/2025,31/12/2025,UK DESNZ activity-based conversion factors 2025
2025,27_319_3200_14_1,Activity,Scope 3,Freighting goods,Sea tanker,Products tanker ,"10,000–19,999 dwt","Freighting goods Sea tanker Products tanker  10,000–19,999 dwt",tonne.km,kg CO2e,0.01893,01/01/2025,31/12/2025,UK DESNZ activity-based conversion factors 2025
2025,27_319_3201_14_1,Activity,Scope 3,Freighting goods,Sea tanker,Products tanker ,5000–9999 dwt,Freighting goods Sea tanker Products tanker  5000–9999 dwt,tonne.km,kg CO2e,0.02956,01/01/2025,31/12/2025,UK DESNZ activity-based conversion factors 2025
2025,27_319_3202_14_1,Activity,Scope 3,Freighting goods,Sea tanker,Products tanker ,0–4999 dwt,Freighting goods Sea tanker Products tanker  0–4999 dwt,tonne.km,kg CO2e,0.04556,01/01/2025,31/12/2025,UK DESNZ activity-based conversion factors 2025
2025,27_319_3203_14_1,Activity,Scope 3,Freighting goods,Sea tanker,Products tanker ,Average,Freighting goods Sea tanker Products tanker  Average,tonne.km,kg CO2e,0.00902,01/01/2025,31/12/2025,UK DESNZ activity-based conversion factors 2025
2025,27_319_3204_14_1,Activity,Scope 3,Freighting goods,Sea tanker,Chemical tanker ,"20,000+ dwt","Freighting goods Sea tanker Chemical tanker  20,000+ dwt",tonne.km,kg CO2e,0.0085,01/01/2025,31/12/2025,UK DESNZ activity-based conversion factors 2025
2025,27_319_3205_14_1,Activity,Scope 3,Freighting goods,Sea tanker,Chemical tanker ,"10,000–19,999 dwt","Freighting goods Sea tanker Chemical tanker  10,000–19,999 dwt",tonne.km,kg CO2e,0.01093,01/01/2025,31/12/2025,UK DESNZ activity-based conversion factors 2025
2025,27_319_3206_14_1,Activity,Scope 3,Freighting goods,Sea tanker,Chemical tanker ,5000–9999 dwt,Freighting goods Sea tanker Chemical tanker  5000–9999 dwt,tonne.km,kg CO2e,0.01529,01/01/2025,31/12/2025,UK DESNZ activity-based conversion factors 2025
2025,27_319_3207_14_1,Activity,Scope 3,Freighting goods,Sea tanker,Chemical tanker ,0–4999 dwt,Freighting goods Sea tanker Chemical tanker  0–4999 dwt,tonne.km,kg CO2e,0.02248,01/01/2025,31/12/2025,UK DESNZ activity-based conversion factors 2025
2025,27_319_3208_14_1,Activity,Scope 3,Freighting goods,Sea tanker,Chemical tanker ,Average,Freighting goods Sea tanker Chemical tanker  Average,tonne.km,kg CO2e,0.01031,01/01/2025,31/12/2025,UK DESNZ activity-based conversion factors 2025
2025,27_319_3209_14_1,Activity,Scope 3,Freighting goods,Sea tanker,LNG tanker,"200,000+ m3","Freighting goods Sea tanker LNG tanker 200,000+ m3",tonne.km,kg CO2e,0.00942,01/01/2025,31/12/2025,UK DESNZ activity-based conversion factors 2025
2025,27_319_3210_14_1,Activity,Scope 3,Freighting goods,Sea tanker,LNG tanker,"0–199,999 m3","Freighting goods Sea tanker LNG tanker 0–199,999 m3",tonne.km,kg CO2e,0.01468,01/01/2025,31/12/2025,UK DESNZ activity-based conversion factors 2025
2025,27_319_3211_14_1,Activity,Scope 3,Freighting goods,Sea tanker,LNG tanker,Average,Freighting goods Sea tanker LNG tanker Average,tonne.km,kg CO2e,0.01153,01/01/2025,31/12/2025,UK DESNZ activity-based conversion factors 2025
2025,27_319_3212_14_1,Activity,Scope 3,Freighting goods,Sea tanker,LPG Tanker,"50,000+ m3","Freighting goods Sea tanker LPG Tanker 50,000+ m3",tonne.km,kg CO2e,0.00911,01/01/2025,31/12/2025,UK DESNZ activity-based conversion factors 2025
2025,27_319_3213_14_1,Activity,Scope 3,Freighting goods,Sea tanker,LPG Tanker,"0–49,999 m3","Freighting goods Sea tanker LPG Tanker 0–49,999 m3",tonne.km,kg CO2e,0.04404,01/01/2025,31/12/2025,UK DESNZ activity-based conversion factors 2025
2025,27_319_3214_14_1,Activity,Scope 3,Freighting goods,Sea tanker,LPG Tanker,Average,Freighting goods Sea tanker LPG Tanker Average,tonne.km,kg CO2e,0.01037,01/01/2025,31/12/2025,UK DESNZ activity-based conversion factors 2025
2025,27_320_3215_14_1,Activity,Scope 3,Freighting goods,Cargo ship,Bulk carrier,"200,000+ dwt","Freighting goods Cargo ship Bulk carrier 200,000+ dwt",tonne.km,kg CO2e,0.00253,01/01/2025,31/12/2025,UK DESNZ activity-based conversion factors 2025
2025,27_320_3216_14_1,Activity,Scope 3,Freighting goods,Cargo ship,Bulk carrier,"100,000–199,999 dwt","Freighting goods Cargo ship Bulk carrier 100,000–199,999 dwt",tonne.km,kg CO2e,0.00304,01/01/2025,31/12/2025,UK DESNZ activity-based conversion factors 2025
2025,27_320_3217_14_1,Activity,Scope 3,Freighting goods,Cargo ship,Bulk carrier,"60,000–99,999 dwt","Freighting goods Cargo ship Bulk carrier 60,000–99,999 dwt",tonne.km,kg CO2e,0.00415,01/01/2025,31/12/2025,UK DESNZ activity-based conversion factors 2025
2025,27_320_3218_14_1,Activity,Scope 3,Freighting goods,Cargo ship,Bulk carrier,"35,000–59,999 dwt","Freighting goods Cargo ship Bulk carrier 35,000–59,999 dwt",tonne.km,kg CO2e,0.00577,01/01/2025,31/12/2025,UK DESNZ activity-based conversion factors 2025
2025,27_320_3219_14_1,Activity,Scope 3,Freighting goods,Cargo ship,Bulk carrier,"10,000–34,999 dwt","Freighting goods Cargo ship Bulk carrier 10,000–34,999 dwt",tonne.km,kg CO2e,0.008,01/01/2025,31/12/2025,UK DESNZ activity-based conversion factors 2025
2025,27_320_3220_14_1,Activity,Scope 3,Freighting goods,Cargo ship,Bulk carrier,0–9999 dwt,Freighting goods Cargo ship Bulk carrier 0–9999 dwt,tonne.km,kg CO2e,0.02956,01/01/2025,31/12/2025,UK DESNZ activity-based conversion factors 2025
2025,27_320_3221_14_1,Activity,Scope 3,Freighting goods,Cargo ship,Bulk carrier,Average,Freighting goods Cargo ship Bulk carrier Average,tonne.km,kg CO2e,0.00353,01/01/2025,31/12/2025,UK DESNZ activity-based conversion factors 2025
2025,27_320_3222_14_1,Activity,Scope 3,Freighting goods,Cargo ship,General cargo,"10,000+ dwt","Freighting goods Cargo ship General cargo 10,000+ dwt",tonne.km,kg CO2e,0.01205,01/01/2025,31/12/2025,UK DESNZ activity-based conversion factors 2025
2025,27_320_3223_14_1,Activity,Scope 3,Freighting goods,Cargo ship,General cargo,5000–9999 dwt,Freighting goods Cargo ship General cargo 5000–9999 dwt,tonne.km,kg CO2e,0.016,01/01/2025,31/12/2025,UK DESNZ activity-based conversion factors 2025
2025,27_320_3224_14_1,Activity,Scope 3,Freighting goods,Cargo ship,General cargo,0–4999 dwt,Freighting goods Cargo ship General cargo 0–4999 dwt,tonne.km,kg CO2e,0.01407,01/01/2025,31/12/2025,UK DESNZ activity-based conversion factors 2025
2025,27_320_3225_14_1,Activity,Scope 3,Freighting goods,Cargo ship,General cargo,"10,000+ dwt 100+ TEU","Freighting goods Cargo ship General cargo 10,000+ dwt 100+ TEU",tonne.km,kg CO2e,0.01114,01/01/2025,31/12/2025,UK DESNZ activity-based conversion factors 2025
2025,27_320_3226_14_1,Activity,Scope 3,Freighting goods,Cargo ship,General cargo,5000–9999 dwt 100+ TEU,Freighting goods Cargo ship General cargo 5000–9999 dwt 100+ TEU,tonne.km,kg CO2e,0.01772,01/01/2025,31/12/2025,UK DESNZ activity-based conversion factors 2025
2025,27_320_3227_14_1,Activity,Scope 3,Freighting goods,Cargo ship,General cargo,0–4999 dwt 100+ TEU,Freighting goods Cargo ship General cargo 0–4999 dwt 100+ TEU,tonne.km,kg CO2e,0.02005,01/01/2025,31/12/2025,UK DESNZ activity-based conversion factors 2025
2025,27_320_3228_14_1,Activity,Scope 3,Freighting goods,Cargo ship,General cargo,Average,Freighting goods Cargo ship General cargo Average,tonne.km,kg CO2e,0.01321,01/01/2025,31/12/2025,UK DESNZ activity-based conversion factors 2025
2025,27_320_3229_14_1,Activity,Scope 3,Freighting goods,Cargo ship,Container ship,8000+ TEU,Freighting goods Cargo ship Container ship 8000+ TEU,tonne.km,kg CO2e,0.01266,01/01/2025,31/12/2025,UK DESNZ activity-based conversion factors 2025
2025,27_320_3230_14_1,Activity,Scope 3,Freighting goods,Cargo ship,Container ship,5000–7999 TEU,Freighting goods Cargo ship Container ship 5000–7999 TEU,tonne.km,kg CO2e,0.01681,01/01/2025,31/12/2025,UK DESNZ activity-based conversion factors 2025
2025,27_320_3231_14_1,Activity,Scope 3,Freighting goods,Cargo ship,Container ship,3000–4999 TEU,Freighting goods Cargo ship Container ship 3000–4999 TEU,tonne.km,kg CO2e,0.01681,01/01/2025,31/12/2025,UK DESNZ activity-based conversion factors 2025
2025,27_320_3232_14_1,Activity,Scope 3,Freighting goods,Cargo ship,Container ship,2000–2999 TEU,Freighting goods Cargo ship Container ship 2000–2999 TEU,tonne.km,kg CO2e,0.02025,01/01/2025,31/12/2025,UK DESNZ activity-based conversion factors 2025
2025,27_320_3233_14_1,Activity,Scope 3,Freighting goods,Cargo ship,Container ship,1000–1999 TEU,Freighting goods Cargo ship Container ship 1000–1999 TEU,tonne.km,kg CO2e,0.0325,01/01/2025,31/12/2025,UK DESNZ activity-based conversion factors 2025
2025,27_320_3234_14_1,Activity,Scope 3,Freighting goods,Cargo ship,Container ship,0–999 TEU,Freighting goods Cargo ship Container ship 0–999 TEU,tonne.km,kg CO2e,0.03675,01/01/2025,31/12/2025,UK DESNZ activity-based conversion factors 2025
2025,27_320_3235_14_1,Activity,Scope 3,Freighting goods,Cargo ship,Container ship,Average,Freighting goods Cargo ship Container ship Average,tonne.km,kg CO2e,0.01612,01/01/2025,31/12/2025,UK DESNZ activity-based conversion factors 2025
2025,27_320_3236_14_1,Activity,Scope 3,Freighting goods,Cargo ship,Vehicle transport,4000+ CEU,Freighting goods Cargo ship Vehicle transport 4000+ CEU,tonne.km,kg CO2e,0.0324,01/01/2025,31/12/2025,UK DESNZ activity-based conversion factors 2025
2025,27_320_3237_14_1,Activity,Scope 3,Freighting goods,Cargo ship,Vehicle transport,0–3999 CEU,Freighting goods Cargo ship Vehicle transport 0–3999 CEU,tonne.km,kg CO2e,0.05832,01/01/2025,31/12/2025,UK DESNZ activity-based conversion factors 2025
2025,27_320_3238_14_1,Activity,Scope 3,Freighting goods,Cargo ship,Vehicle transport,Average,Freighting goods Cargo ship Vehicle transport Average,tonne.km,kg CO2e,0.03852,01/01/2025,31/12/2025,UK DESNZ activity-based conversion factors 2025
2025,27_320_3239_14_1,Activity,Scope 3,Freighting goods,Cargo ship,RoRo-Ferry,2000+ LM,Freighting goods Cargo ship RoRo-Ferry 2000+ LM,tonne.km,kg CO2e,0.05012,01/01/2025,31/12/2025,UK DESNZ activity-based conversion factors 2025
2025,27_320_3240_14_1,Activity,Scope 3,Freighting goods,Cargo ship,RoRo-Ferry,0–1999 LM,Freighting goods Cargo ship RoRo-Ferry 0–1999 LM,tonne.km,kg CO2e,0.06105,01/01/2025,31/12/2025,UK DESNZ activity-based conversion factors 2025
2025,27_320_3241_14_1,Activity,Scope 3,Freighting goods,Cargo ship,RoRo-Ferry,Average,Freighting goods Cargo ship RoRo-Ferry Average,tonne.km,kg CO2e,0.05158,01/01/2025,31/12/2025,UK DESNZ activity-based conversion factors 2025
2025,27_320_3242_14_1,Activity,Scope 3,Freighting goods,Cargo ship,Large RoPax ferry,Average,Freighting goods Cargo ship Large RoPax ferry Average,tonne.km,kg CO2e,0.37612,01/01/2025,31/12/2025,UK DESNZ activity-based conversion factors 2025
2025,27_320_3243_14_1,Activity,Scope 3,Freighting goods,Cargo ship,Refrigerated cargo, All dwt,Freighting goods Cargo ship Refrigerated cargo  All dwt,tonne.km,kg CO2e,0.01306,01/01/2025,31/12/2025,UK DESNZ activity-based conversion factors 2025
2025,28_906_3081_14_1,Activity,Scope 3,WTT- delivery vehs & freight,WTT- vans,Class I (up to 1.305 tonnes),Diesel,WTT- delivery vehs & freight WTT- vans Class I (up to 1.305 tonnes) Diesel,tonne.km,kg CO2e,0.20817,01/01/2025,31/12/2025,UK DESNZ activity-based conversion factors 2025
2025,28_906_3082_14_1,Activity,Scope 3,WTT- delivery vehs & freight,WTT- vans,Class I (up to 1.305 tonnes),Petrol,WTT- delivery vehs & freight WTT- vans Class I (up to 1.305 tonnes) Petrol,tonne.km,kg CO2e,0.32847,01/01/2025,31/12/2025,UK DESNZ activity-based conversion factors 2025
2025,28_906_3087_14_1,Activity,Scope 3,WTT- delivery vehs & freight,WTT- vans,Class I (up to 1.305 tonnes),Battery Electric Vehicle,WTT- delivery vehs & freight WTT- vans Class I (up to 1.305 tonnes) Battery Electric Vehicle,tonne.km,kg CO2e,0.03481,01/01/2025,31/12/2025,UK DESNZ activity-based conversion factors 2025
2025,28_906_3081_4_1,Activity,Scope 3,WTT- delivery vehs & freight,WTT- vans,Class I (up to 1.305 tonnes),Diesel,WTT- delivery vehs & freight WTT- vans Class I (up to 1.305 tonnes) Diesel,km,kg CO2e,0.03746,01/01/2025,31/12/2025,UK DESNZ activity-based conversion factors 2025
2025,28_906_3082_4_1,Activity,Scope 3,WTT- delivery vehs & freight,WTT- vans,Class I (up to 1.305 tonnes),Petrol,WTT- delivery vehs & freight WTT- vans Class I (up to 1.305 tonnes) Petrol,km,kg CO2e,0.05614,01/01/2025,31/12/2025,UK DESNZ activity-based conversion factors 2025
2025,28_906_3087_4_1,Activity,Scope 3,WTT- delivery vehs & freight,WTT- vans,Class I (up to 1.305 tonnes),Battery Electric Vehicle,WTT- delivery vehs & freight WTT- vans Class I (up to 1.305 tonnes) Battery Electric Vehicle,km,kg CO2e,0.00943,01/01/2025,31/12/2025,UK DESNZ activity-based conversion factors 2025
2025,28_906_3081_9_1,Activity,Scope 3,WTT- delivery vehs & freight,WTT- vans,Class I (up to 1.305 tonnes),Diesel,WTT- delivery vehs & freight WTT- vans Class I (up to 1.305 tonnes) Diesel,miles,kg CO2e,0.06028,01/01/2025,31/12/2025,UK DESNZ activity-based conversion factors 2025
2025,28_906_3082_9_1,Activity,Scope 3,WTT- delivery vehs & freight,WTT- vans,Class I (up to 1.305 tonnes),Petrol,WTT- delivery vehs & freight WTT- vans Class I (up to 1.305 tonnes) Petrol,miles,kg CO2e,0.09035,01/01/2025,31/12/2025,UK DESNZ activity-based conversion factors 2025
2025,28_906_3087_9_1,Activity,Scope 3,WTT- delivery vehs & freight,WTT- vans,Class I (up to 1.305 tonnes),Battery Electric Vehicle,WTT- delivery vehs & freight WTT- vans Class I (up to 1.305 tonnes) Battery Electric Vehicle,miles,kg CO2e,0.01517,01/01/2025,31/12/2025,UK DESNZ activity-based conversion factors 2025
2025,28_906_3088_14_1,Activity,Scope 3,WTT- delivery vehs & freight,WTT- vans,Class II (1.305 to 1.74 tonnes),Diesel,WTT- delivery vehs & freight WTT- vans Class II (1.305 to 1.74 tonnes) Diesel,tonne.km,kg CO2e,0.14937,01/01/2025,31/12/2025,UK DESNZ activity-based conversion factors 2025
2025,28_906_3089_14_1,Activity,Scope 3,WTT- delivery vehs & freight,WTT- vans,Class II (1.305 to 1.74 tonnes),Petrol,WTT- delivery vehs & freight WTT- vans Class II (1.305 to 1.74 tonnes) Petrol,tonne.km,kg CO2e,0.23153,01/01/2025,31/12/2025,UK DESNZ activity-based conversion factors 2025
2025,28_906_3094_14_1,Activity,Scope 3,WTT- delivery vehs & freight,WTT- vans,Class II (1.305 to 1.74 tonnes),Battery Electric Vehicle,WTT- delivery vehs & freight WTT- vans Class II (1.305 to 1.74 tonnes) Battery Electric Vehicle,tonne.km,kg CO2e,0.0619,01/01/2025,31/12/2025,UK DESNZ activity-based conversion factors 2025
2025,28_906_3088_4_1,Activity,Scope 3,WTT- delivery vehs & freight,WTT- vans,Class II (1.305 to 1.74 tonnes),Diesel,WTT- delivery vehs & freight WTT- vans Class II (1.305 to 1.74 tonnes) Diesel,km,kg CO2e,0.04602,01/01/2025,31/12/2025,UK DESNZ activity-based conversion factors 2025
2025,28_906_3089_4_1,Activity,Scope 3,WTT- delivery vehs & freight,WTT- vans,Class II (1.305 to 1.74 tonnes),Petrol,WTT- delivery vehs & freight WTT- vans Class II (1.305 to 1.74 tonnes) Petrol,km,kg CO2e,0.06074,01/01/2025,31/12/2025,UK DESNZ activity-based conversion factors 2025
2025,28_906_3094_4_1,Activity,Scope 3,WTT- delivery vehs & freight,WTT- vans,Class II (1.305 to 1.74 tonnes),Battery Electric Vehicle,WTT- delivery vehs & freight WTT- vans Class II (1.305 to 1.74 tonnes) Battery Electric Vehicle,km,kg CO2e,0.01454,01/01/2025,31/12/2025,UK DESNZ activity-based conversion factors 2025
2025,28_906_3088_9_1,Activity,Scope 3,WTT- delivery vehs & freight,WTT- vans,Class II (1.305 to 1.74 tonnes),Diesel,WTT- delivery vehs & freight WTT- vans Class II (1.305 to 1.74 tonnes) Diesel,miles,kg CO2e,0.07407,01/01/2025,31/12/2025,UK DESNZ activity-based conversion factors 2025
2025,28_906_3089_9_1,Activity,Scope 3,WTT- delivery vehs & freight,WTT- vans,Class II (1.305 to 1.74 tonnes),Petrol,WTT- delivery vehs & freight WTT- vans Class II (1.305 to 1.74 tonnes) Petrol,miles,kg CO2e,0.09775,01/01/2025,31/12/2025,UK DESNZ activity-based conversion factors 2025
2025,28_906_3094_9_1,Activity,Scope 3,WTT- delivery vehs & freight,WTT- vans,Class II (1.305 to 1.74 tonnes),Battery Electric Vehicle,WTT- delivery vehs & freight WTT- vans Class II (1.305 to 1.74 tonnes) Battery Electric Vehicle,miles,kg CO2e,0.0234,01/01/2025,31/12/2025,UK DESNZ activity-based conversion factors 2025
2025,28_906_3095_14_1,Activity,Scope 3,WTT- delivery vehs & freight,WTT- vans,Class III (1.74 to 3.5 tonnes),Diesel,WTT- delivery vehs & freight WTT- vans Class III (1.74 to 3.5 tonnes) Diesel,tonne.km,kg CO2e,0.15037,01/01/2025,31/12/2025,UK DESNZ activity-based conversion factors 2025
2025,28_906_3096_14_1,Activity,Scope 3,WTT- delivery vehs & freight,WTT- vans,Class III (1.74 to 3.5 tonnes),Petrol,WTT- delivery vehs & freight WTT- vans Class III (1.74 to 3.5 tonnes) Petrol,tonne.km,kg CO2e,0.24164,01/01/2025,31/12/2025,UK DESNZ activity-based conversion factors 2025
2025,28_906_3100_14_1,Activity,Scope 3,WTT- delivery vehs & freight,WTT- vans,Class III (1.74 to 3.5 tonnes),Plug-in Hybrid Electric Vehicle,WTT- delivery vehs & freight WTT- vans Class III (1.74 to 3.5 tonnes) Plug-in Hybrid Electric Vehicle,tonne.km,kg CO2e,0.09458,01/01/2025,31/12/2025,UK DESNZ activity-based conversion factors 2025
2025,28_906_3101_14_1,Activity,Scope 3,WTT- delivery vehs & freight,WTT- vans,Class III (1.74 to 3.5 tonnes),Battery Electric Vehicle,WTT- delivery vehs & freight WTT- vans Class III (1.74 to 3.5 tonnes) Battery Electric Vehicle,tonne.km,kg CO2e,0.05241,01/01/2025,31/12/2025,UK DESNZ activity-based conversion factors 2025
2025,28_906_3095_4_1,Activity,Scope 3,WTT- delivery vehs & freight,WTT- vans,Class III (1.74 to 3.5 tonnes),Diesel,WTT- delivery vehs & freight WTT- vans Class III (1.74 to 3.5 tonnes) Diesel,km,kg CO2e,0.06706,01/01/2025,31/12/2025,UK DESNZ activity-based conversion factors 2025
2025,28_906_3096_4_1,Activity,Scope 3,WTT- delivery vehs & freight,WTT- vans,Class III (1.74 to 3.5 tonnes),Petrol,WTT- delivery vehs & freight WTT- vans Class III (1.74 to 3.5 tonnes) Petrol,km,kg CO2e,0.09783,01/01/2025,31/12/2025,UK DESNZ activity-based conversion factors 2025
2025,28_906_3100_4_1,Activity,Scope 3,WTT- delivery vehs & freight,WTT- vans,Class III (1.74 to 3.5 tonnes),Plug-in Hybrid Electric Vehicle,WTT- delivery vehs & freight WTT- vans Class III (1.74 to 3.5 tonnes) Plug-in Hybrid Electric Vehicle,km,kg CO2e,0.03758,01/01/2025,31/12/2025,UK DESNZ activity-based conversion factors 2025
2025,28_906_3101_4_1,Activity,Scope 3,WTT- delivery vehs & freight,WTT- vans,Class III (1.74 to 3.5 tonnes),Battery Electric Vehicle,WTT- delivery vehs & freight WTT- vans Class III (1.74 to 3.5 tonnes) Battery Electric Vehicle,km,kg CO2e,0.01979,01/01/2025,31/12/2025,UK DESNZ activity-based conversion factors 2025
2025,28_906_3095_9_1,Activity,Scope 3,WTT- delivery vehs & freight,WTT- vans,Class III (1.74 to 3.5 tonnes),Diesel,WTT- delivery vehs & freight WTT- vans Class III (1.74 to 3.5 tonnes) Diesel,miles,kg CO2e,0.10792,01/01/2025,31/12/2025,UK DESNZ activity-based conversion factors 2025
2025,28_906_3096_9_1,Activity,Scope 3,WTT- delivery vehs & freight,WTT- vans,Class III (1.74 to 3.5 tonnes),Petrol,WTT- delivery vehs & freight WTT- vans Class III (1.74 to 3.5 tonnes) Petrol,miles,kg CO2e,0.15745,01/01/2025,31/12/2025,UK DESNZ activity-based conversion factors 2025
2025,28_906_3100_9_1,Activity,Scope 3,WTT- delivery vehs & freight,WTT- vans,Class III (1.74 to 3.5 tonnes),Plug-in Hybrid Electric Vehicle,WTT- delivery vehs & freight WTT- vans Class III (1.74 to 3.5 tonnes) Plug-in Hybrid Electric Vehicle,miles,kg CO2e,0.06047,01/01/2025,31/12/2025,UK DESNZ activity-based conversion factors 2025
2025,28_906_3101_9_1,Activity,Scope 3,WTT- delivery vehs & freight,WTT- vans,Class III (1.74 to 3.5 tonnes),Battery Electric Vehicle,WTT- delivery vehs & freight WTT- vans Class III (1.74 to 3.5 tonnes) Battery Electric Vehicle,miles,kg CO2e,0.03186,01/01/2025,31/12/2025,UK DESNZ activity-based conversion factors 2025
2025,28_906_3102_14_1,Activity,Scope 3,WTT- delivery vehs & freight,WTT- vans,Average (up to 3.5 tonnes),Diesel,WTT- delivery vehs & freight WTT- vans Average (up to 3.5 tonnes) Diesel,tonne.km,kg CO2e,0.15095,01/01/2025,31/12/2025,UK DESNZ activity-based conversion factors 2025
2025,28_906_3103_14_1,Activity,Scope 3,WTT- delivery vehs & freight,WTT- vans,Average (up to 3.5 tonnes),Petrol,WTT- delivery vehs & freight WTT- vans Average (up to 3.5 tonnes) Petrol,tonne.km,kg CO2e,0.22943,01/01/2025,31/12/2025,UK DESNZ activity-based conversion factors 2025
2025,28_906_3104_14_1,Activity,Scope 3,WTT- delivery vehs & freight,WTT- vans,Average (up to 3.5 tonnes),CNG,WTT- delivery vehs & freight WTT- vans Average (up to 3.5 tonnes) CNG,tonne.km,kg CO2e,0.12816,01/01/2025,31/12/2025,UK DESNZ activity-based conversion factors 2025
2025,28_906_3105_14_1,Activity,Scope 3,WTT- delivery vehs & freight,WTT- vans,Average (up to 3.5 tonnes),LPG,WTT- delivery vehs & freight WTT- vans Average (up to 3.5 tonnes) LPG,tonne.km,kg CO2e,0.08119,01/01/2025,31/12/2025,UK DESNZ activity-based conversion factors 2025
2025,28_906_3106_14_1,Activity,Scope 3,WTT- delivery vehs & freight,WTT- vans,Average (up to 3.5 tonnes),Unknown,WTT- delivery vehs & freight WTT- vans Average (up to 3.5 tonnes) Unknown,tonne.km,kg CO2e,0.15335,01/01/2025,31/12/2025,UK DESNZ activity-based conversion factors 2025
2025,28_906_3107_14_1,Activity,Scope 3,WTT- delivery vehs & freight,WTT- vans,Average (up to 3.5 tonnes),Plug-in Hybrid Electric Vehicle,WTT- delivery vehs & freight WTT- vans Average (up to 3.5 tonnes) Plug-in Hybrid Electric Vehicle,tonne.km,kg CO2e,0.09458,01/01/2025,31/12/2025,UK DESNZ activity-based conversion factors 2025
2025,28_906_3108_14_1,Activity,Scope 3,WTT- delivery vehs & freight,WTT- vans,Average (up to 3.5 tonnes),Battery Electric Vehicle,WTT- delivery vehs & freight WTT- vans Average (up to 3.5 tonnes) Battery Electric Vehicle,tonne.km,kg CO2e,0.05633,01/01/2025,31/12/2025,UK DESNZ activity-based conversion factors 2025
2025,28_906_3102_4_1,Activity,Scope 3,WTT- delivery vehs & freight,WTT- vans,Average (up to 3.5 tonnes),Diesel,WTT- delivery vehs & freight WTT- vans Average (up to 3.5 tonnes) Diesel,km,kg CO2e,0.06128,01/01/2025,31/12/2025,UK DESNZ activity-based conversion factors 2025
2025,28_906_3103_4_1,Activity,Scope 3,WTT- delivery vehs & freight,WTT- vans,Average (up to 3.5 tonnes),Petrol,WTT- delivery vehs & freight WTT- vans Average (up to 3.5 tonnes) Petrol,km,kg CO2e,0.06183,01/01/2025,31/12/2025,UK DESNZ activity-based conversion factors 2025
2025,28_906_3104_4_1,Activity,Scope 3,WTT- delivery vehs & freight,WTT- vans,Average (up to 3.5 tonnes),CNG,WTT- delivery vehs & freight WTT- vans Average (up to 3.5 tonnes) CNG,km,kg CO2e,0.05176,01/01/2025,31/12/2025,UK DESNZ activity-based conversion factors 2025
2025,28_906_3105_4_1,Activity,Scope 3,WTT- delivery vehs & freight,WTT- vans,Average (up to 3.5 tonnes),LPG,WTT- delivery vehs & freight WTT- vans Average (up to 3.5 tonnes) LPG,km,kg CO2e,0.03279,01/01/2025,31/12/2025,UK DESNZ activity-based conversion factors 2025
2025,28_906_3106_4_1,Activity,Scope 3,WTT- delivery vehs & freight,WTT- vans,Average (up to 3.5 tonnes),Unknown,WTT- delivery vehs & freight WTT- vans Average (up to 3.5 tonnes) Unknown,km,kg CO2e,0.0613,01/01/2025,31/12/2025,UK DESNZ activity-based conversion factors 2025
2025,28_906_3107_4_1,Activity,Scope 3,WTT- delivery vehs & freight,WTT- vans,Average (up to 3.5 tonnes),Plug-in Hybrid Electric Vehicle,WTT- delivery vehs & freight WTT- vans Average (up to 3.5 tonnes) Plug-in Hybrid Electric Vehicle,km,kg CO2e,0.03758,01/01/2025,31/12/2025,UK DESNZ activity-based conversion factors 2025
2025,28_906_3108_4_1,Activity,Scope 3,WTT- delivery vehs & freight,WTT- vans,Average (up to 3.5 tonnes),Battery Electric Vehicle,WTT- delivery vehs & freight WTT- vans Average (up to 3.5 tonnes) Battery Electric Vehicle,km,kg CO2e,0.01759,01/01/2025,31/12/2025,UK DESNZ activity-based conversion factors 2025
2025,28_906_3102_9_1,Activity,Scope 3,WTT- delivery vehs & freight,WTT- vans,Average (up to 3.5 tonnes),Diesel,WTT- delivery vehs & freight WTT- vans Average (up to 3.5 tonnes) Diesel,miles,kg CO2e,0.09863,01/01/2025,31/12/2025,UK DESNZ activity-based conversion factors 2025
2025,28_906_3103_9_1,Activity,Scope 3,WTT- delivery vehs & freight,WTT- vans,Average (up to 3.5 tonnes),Petrol,WTT- delivery vehs & freight WTT- vans Average (up to 3.5 tonnes) Petrol,miles,kg CO2e,0.0995,01/01/2025,31/12/2025,UK DESNZ activity-based conversion factors 2025
2025,28_906_3104_9_1,Activity,Scope 3,WTT- delivery vehs & freight,WTT- vans,Average (up to 3.5 tonnes),CNG,WTT- delivery vehs & freight WTT- vans Average (up to 3.5 tonnes) CNG,miles,kg CO2e,0.0833,01/01/2025,31/12/2025,UK DESNZ activity-based conversion factors 2025
2025,28_906_3105_9_1,Activity,Scope 3,WTT- delivery vehs & freight,WTT- vans,Average (up to 3.5 tonnes),LPG,WTT- delivery vehs & freight WTT- vans Average (up to 3.5 tonnes) LPG,miles,kg CO2e,0.05277,01/01/2025,31/12/2025,UK DESNZ activity-based conversion factors 2025
2025,28_906_3106_9_1,Activity,Scope 3,WTT- delivery vehs & freight,WTT- vans,Average (up to 3.5 tonnes),Unknown,WTT- delivery vehs & freight WTT- vans Average (up to 3.5 tonnes) Unknown,miles,kg CO2e,0.09865,01/01/2025,31/12/2025,UK DESNZ activity-based conversion factors 2025
2025,28_906_3107_9_1,Activity,Scope 3,WTT- delivery vehs & freight,WTT- vans,Average (up to 3.5 tonnes),Plug-in Hybrid Electric Vehicle,WTT- delivery vehs & freight WTT- vans Average (up to 3.5 tonnes) Plug-in Hybrid Electric Vehicle,miles,kg CO2e,0.06047,01/01/2025,31/12/2025,UK DESNZ activity-based conversion factors 2025
2025,28_906_3108_9_1,Activity,Scope 3,WTT- delivery vehs & freight,WTT- vans,Average (up to 3.5 tonnes),Battery Electric Vehicle,WTT- delivery vehs & freight WTT- vans Average (up to 3.5 tonnes) Battery Electric Vehicle,miles,kg CO2e,0.02832,01/01/2025,31/12/2025,UK DESNZ activity-based conversion factors 2025
2025,28_907_3110_14_1,Activity,Scope 3,WTT- delivery vehs & freight,WTT- HGV (all diesel),Rigid (>3.5 - 7.5 tonnes),50% Laden,WTT- delivery vehs & freight WTT- HGV (all diesel) Rigid (>3.5 - 7.5 tonnes) 50% Laden,tonne.km,kg CO2e,0.10694,01/01/2025,31/12/2025,UK DESNZ activity-based conversion factors 2025
2025,28_907_3111_14_1,Activity,Scope 3,WTT- delivery vehs & freight,WTT- HGV (all diesel),Rigid (>3.5 - 7.5 tonnes),100% Laden,WTT- delivery vehs & freight WTT- HGV (all diesel) Rigid (>3.5 - 7.5 tonnes) 100% Laden,tonne.km,kg CO2e,0.05775,01/01/2025,31/12/2025,UK DESNZ activity-based conversion factors 2025
2025,28_907_3112_14_1,Activity,Scope 3,WTT- delivery vehs & freight,WTT- HGV (all diesel),Rigid (>3.5 - 7.5 tonnes),Average laden,WTT- delivery vehs & freight WTT- HGV (all diesel) Rigid (>3.5 - 7.5 tonnes) Average laden,tonne.km,kg CO2e,0.12296,01/01/2025,31/12/2025,UK DESNZ activity-based conversion factors 2025
2025,28_907_3109_4_1,Activity,Scope 3,WTT- delivery vehs & freight,WTT- HGV (all diesel),Rigid (>3.5 - 7.5 tonnes),0% Laden,WTT- delivery vehs & freight WTT- HGV (all diesel) Rigid (>3.5 - 7.5 tonnes) 0% Laden,km,kg CO2e,0.11027,01/01/2025,31/12/2025,UK DESNZ activity-based conversion factors 2025
2025,28_907_3110_4_1,Activity,Scope 3,WTT- delivery vehs & freight,WTT- HGV (all diesel),Rigid (>3.5 - 7.5 tonnes),50% Laden,WTT- delivery vehs & freight WTT- HGV (all diesel) Rigid (>3.5 - 7.5 tonnes) 50% Laden,km,kg CO2e,0.11985,01/01/2025,31/12/2025,UK DESNZ activity-based conversion factors 2025
2025,28_907_3111_4_1,Activity,Scope 3,WTT- delivery vehs & freight,WTT- HGV (all diesel),Rigid (>3.5 - 7.5 tonnes),100% Laden,WTT- delivery vehs & freight WTT- HGV (all diesel) Rigid (>3.5 - 7.5 tonnes) 100% Laden,km,kg CO2e,0.12944,01/01/2025,31/12/2025,UK DESNZ activity-based conversion factors 2025
2025,28_907_3112_4_1,Activity,Scope 3,WTT- delivery vehs & freight,WTT- HGV (all diesel),Rigid (>3.5 - 7.5 tonnes),Average laden,WTT- delivery vehs & freight WTT- HGV (all diesel) Rigid (>3.5 - 7.5 tonnes) Average laden,km,kg CO2e,0.11851,01/01/2025,31/12/2025,UK DESNZ activity-based conversion factors 2025
2025,28_907_3109_9_1,Activity,Scope 3,WTT- delivery vehs & freight,WTT- HGV (all diesel),Rigid (>3.5 - 7.5 tonnes),0% Laden,WTT- delivery vehs & freight WTT- HGV (all diesel) Rigid (>3.5 - 7.5 tonnes) 0% Laden,miles,kg CO2e,0.17746,01/01/2025,31/12/2025,UK DESNZ activity-based conversion factors 2025
2025,28_907_3110_9_1,Activity,Scope 3,WTT- delivery vehs & freight,WTT- HGV (all diesel),Rigid (>3.5 - 7.5 tonnes),50% Laden,WTT- delivery vehs & freight WTT- HGV (all diesel) Rigid (>3.5 - 7.5 tonnes) 50% Laden,miles,kg CO2e,0.19289,01/01/2025,31/12/2025,UK DESNZ activity-based conversion factors 2025
2025,28_907_3111_9_1,Activity,Scope 3,WTT- delivery vehs & freight,WTT- HGV (all diesel),Rigid (>3.5 - 7.5 tonnes),100% Laden,WTT- delivery vehs & freight WTT- HGV (all diesel) Rigid (>3.5 - 7.5 tonnes) 100% Laden,miles,kg CO2e,0.20832,01/01/2025,31/12/2025,UK DESNZ activity-based conversion factors 2025
2025,28_907_3112_9_1,Activity,Scope 3,WTT- delivery vehs & freight,WTT- HGV (all diesel),Rigid (>3.5 - 7.5 tonnes),Average laden,WTT- delivery vehs & freight WTT- HGV (all diesel) Rigid (>3.5 - 7.5 tonnes) Average laden,miles,kg CO2e,0.19073,01/01/2025,31/12/2025,UK DESNZ activity-based conversion factors 2025
2025,28_907_3114_14_1,Activity,Scope 3,WTT- delivery vehs & freight,WTT- HGV (all diesel),Rigid (>7.5 tonnes-17 tonnes),50% Laden,WTT- delivery vehs & freight WTT- HGV (all diesel) Rigid (>7.5 tonnes-17 tonnes) 50% Laden,tonne.km,kg CO2e,0.06373,01/01/2025,31/12/2025,UK DESNZ activity-based conversion factors 2025
2025,28_907_3115_14_1,Activity,Scope 3,WTT- delivery vehs & freight,WTT- HGV (all diesel),Rigid (>7.5 tonnes-17 tonnes),100% Laden,WTT- delivery vehs & freight WTT- HGV (all diesel) Rigid (>7.5 tonnes-17 tonnes) 100% Laden,tonne.km,kg CO2e,0.03585,01/01/2025,31/12/2025,UK DESNZ activity-based conversion factors 2025
2025,28_907_3116_14_1,Activity,Scope 3,WTT- delivery vehs & freight,WTT- HGV (all diesel),Rigid (>7.5 tonnes-17 tonnes),Average laden,WTT- delivery vehs & freight WTT- HGV (all diesel) Rigid (>7.5 tonnes-17 tonnes) Average laden,tonne.km,kg CO2e,0.09246,01/01/2025,31/12/2025,UK DESNZ activity-based conversion factors 2025
2025,28_907_3113_4_1,Activity,Scope 3,WTT- delivery vehs & freight,WTT- HGV (all diesel),Rigid (>7.5 tonnes-17 tonnes),0% Laden,WTT- delivery vehs & freight WTT- HGV (all diesel) Rigid (>7.5 tonnes-17 tonnes) 0% Laden,km,kg CO2e,0.13207,01/01/2025,31/12/2025,UK DESNZ activity-based conversion factors 2025
2025,28_907_3114_4_1,Activity,Scope 3,WTT- delivery vehs & freight,WTT- HGV (all diesel),Rigid (>7.5 tonnes-17 tonnes),50% Laden,WTT- delivery vehs & freight WTT- HGV (all diesel) Rigid (>7.5 tonnes-17 tonnes) 50% Laden,km,kg CO2e,0.15094,01/01/2025,31/12/2025,UK DESNZ activity-based conversion factors 2025
2025,28_907_3115_4_1,Activity,Scope 3,WTT- delivery vehs & freight,WTT- HGV (all diesel),Rigid (>7.5 tonnes-17 tonnes),100% Laden,WTT- delivery vehs & freight WTT- HGV (all diesel) Rigid (>7.5 tonnes-17 tonnes) 100% Laden,km,kg CO2e,0.16981,01/01/2025,31/12/2025,UK DESNZ activity-based conversion factors 2025
2025,28_907_3116_4_1,Activity,Scope 3,WTT- delivery vehs & freight,WTT- HGV (all diesel),Rigid (>7.5 tonnes-17 tonnes),Average laden,WTT- delivery vehs & freight WTT- HGV (all diesel) Rigid (>7.5 tonnes-17 tonnes) Average laden,km,kg CO2e,0.14453,01/01/2025,31/12/2025,UK DESNZ activity-based conversion factors 2025
2025,28_907_3113_9_1,Activity,Scope 3,WTT- delivery vehs & freight,WTT- HGV (all diesel),Rigid (>7.5 tonnes-17 tonnes),0% Laden,WTT- delivery vehs & freight WTT- HGV (all diesel) Rigid (>7.5 tonnes-17 tonnes) 0% Laden,miles,kg CO2e,0.21255,01/01/2025,31/12/2025,UK DESNZ activity-based conversion factors 2025
2025,28_907_3114_9_1,Activity,Scope 3,WTT- delivery vehs & freight,WTT- HGV (all diesel),Rigid (>7.5 tonnes-17 tonnes),50% Laden,WTT- delivery vehs & freight WTT- HGV (all diesel) Rigid (>7.5 tonnes-17 tonnes) 50% Laden,miles,kg CO2e,0.24292,01/01/2025,31/12/2025,UK DESNZ activity-based conversion factors 2025
2025,28_907_3115_9_1,Activity,Scope 3,WTT- delivery vehs & freight,WTT- HGV (all diesel),Rigid (>7.5 tonnes-17 tonnes),100% Laden,WTT- delivery vehs & freight WTT- HGV (all diesel) Rigid (>7.5 tonnes-17 tonnes) 100% Laden,miles,kg CO2e,0.27328,01/01/2025,31/12/2025,UK DESNZ activity-based conversion factors 2025
2025,28_907_3116_9_1,Activity,Scope 3,WTT- delivery vehs & freight,WTT- HGV (all diesel),Rigid (>7.5 tonnes-17 tonnes),Average laden,WTT- delivery vehs & freight WTT- HGV (all diesel) Rigid (>7.5 tonnes-17 tonnes) Average laden,miles,kg CO2e,0.23259,01/01/2025,31/12/2025,UK DESNZ activity-based conversion factors 2025
2025,28_907_3118_14_1,Activity,Scope 3,WTT- delivery vehs & freight,WTT- HGV (all diesel),Rigid (>17 tonnes),50% Laden,WTT- delivery vehs & freight WTT- HGV (all diesel) Rigid (>17 tonnes) 50% Laden,tonne.km,kg CO2e,0.04878,01/01/2025,31/12/2025,UK DESNZ activity-based conversion factors 2025
2025,28_907_3119_14_1,Activity,Scope 3,WTT- delivery vehs & freight,WTT- HGV (all diesel),Rigid (>17 tonnes),100% Laden,WTT- delivery vehs & freight WTT- HGV (all diesel) Rigid (>17 tonnes) 100% Laden,tonne.km,kg CO2e,0.02878,01/01/2025,31/12/2025,UK DESNZ activity-based conversion factors 2025
2025,28_907_3120_14_1,Activity,Scope 3,WTT- delivery vehs & freight,WTT- HGV (all diesel),Rigid (>17 tonnes),Average laden,WTT- delivery vehs & freight WTT- HGV (all diesel) Rigid (>17 tonnes) Average laden,tonne.km,kg CO2e,0.03736,01/01/2025,31/12/2025,UK DESNZ activity-based conversion factors 2025
2025,28_907_3117_4_1,Activity,Scope 3,WTT- delivery vehs & freight,WTT- HGV (all diesel),Rigid (>17 tonnes),0% Laden,WTT- delivery vehs & freight WTT- HGV (all diesel) Rigid (>17 tonnes) 0% Laden,km,kg CO2e,0.18172,01/01/2025,31/12/2025,UK DESNZ activity-based conversion factors 2025
2025,28_907_3118_4_1,Activity,Scope 3,WTT- delivery vehs & freight,WTT- HGV (all diesel),Rigid (>17 tonnes),50% Laden,WTT- delivery vehs & freight WTT- HGV (all diesel) Rigid (>17 tonnes) 50% Laden,km,kg CO2e,0.2216,01/01/2025,31/12/2025,UK DESNZ activity-based conversion factors 2025
2025,28_907_3119_4_1,Activity,Scope 3,WTT- delivery vehs & freight,WTT- HGV (all diesel),Rigid (>17 tonnes),100% Laden,WTT- delivery vehs & freight WTT- HGV (all diesel) Rigid (>17 tonnes) 100% Laden,km,kg CO2e,0.26149,01/01/2025,31/12/2025,UK DESNZ activity-based conversion factors 2025
2025,28_907_3120_4_1,Activity,Scope 3,WTT- delivery vehs & freight,WTT- HGV (all diesel),Rigid (>17 tonnes),Average laden,WTT- delivery vehs & freight WTT- HGV (all diesel) Rigid (>17 tonnes) Average laden,km,kg CO2e,0.23756,01/01/2025,31/12/2025,UK DESNZ activity-based conversion factors 2025
2025,28_907_3117_9_1,Activity,Scope 3,WTT- delivery vehs & freight,WTT- HGV (all diesel),Rigid (>17 tonnes),0% Laden,WTT- delivery vehs & freight WTT- HGV (all diesel) Rigid (>17 tonnes) 0% Laden,miles,kg CO2e,0.29244,01/01/2025,31/12/2025,UK DESNZ activity-based conversion factors 2025
2025,28_907_3118_9_1,Activity,Scope 3,WTT- delivery vehs & freight,WTT- HGV (all diesel),Rigid (>17 tonnes),50% Laden,WTT- delivery vehs & freight WTT- HGV (all diesel) Rigid (>17 tonnes) 50% Laden,miles,kg CO2e,0.35664,01/01/2025,31/12/2025,UK DESNZ activity-based conversion factors 2025
2025,28_907_3119_9_1,Activity,Scope 3,WTT- delivery vehs & freight,WTT- HGV (all diesel),Rigid (>17 tonnes),100% Laden,WTT- delivery vehs & freight WTT- HGV (all diesel) Rigid (>17 tonnes) 100% Laden,miles,kg CO2e,0.42083,01/01/2025,31/12/2025,UK DESNZ activity-based conversion factors 2025
2025,28_907_3120_9_1,Activity,Scope 3,WTT- delivery vehs & freight,WTT- HGV (all diesel),Rigid (>17 tonnes),Average laden,WTT- delivery vehs & freight WTT- HGV (all diesel) Rigid (>17 tonnes) Average laden,miles,kg CO2e,0.38231,01/01/2025,31/12/2025,UK DESNZ activity-based conversion factors 2025
2025,28_907_3122_14_1,Activity,Scope 3,WTT- delivery vehs & freight,WTT- HGV (all diesel),All rigids,50% Laden,WTT- delivery vehs & freight WTT- HGV (all diesel) All rigids 50% Laden,tonne.km,kg CO2e,0.05202,01/01/2025,31/12/2025,UK DESNZ activity-based conversion factors 2025
2025,28_907_3123_14_1,Activity,Scope 3,WTT- delivery vehs & freight,WTT- HGV (all diesel),All rigids,100% Laden,WTT- delivery vehs & freight WTT- HGV (all diesel) All rigids 100% Laden,tonne.km,kg CO2e,0.03038,01/01/2025,31/12/2025,UK DESNZ activity-based conversion factors 2025
2025,28_907_3124_14_1,Activity,Scope 3,WTT- delivery vehs & freight,WTT- HGV (all diesel),All rigids,Average laden,WTT- delivery vehs & freight WTT- HGV (all diesel) All rigids Average laden,tonne.km,kg CO2e,0.04332,01/01/2025,31/12/2025,UK DESNZ activity-based conversion factors 2025
2025,28_907_3121_4_1,Activity,Scope 3,WTT- delivery vehs & freight,WTT- HGV (all diesel),All rigids,0% Laden,WTT- delivery vehs & freight WTT- HGV (all diesel) All rigids 0% Laden,km,kg CO2e,0.16044,01/01/2025,31/12/2025,UK DESNZ activity-based conversion factors 2025
2025,28_907_3122_4_1,Activity,Scope 3,WTT- delivery vehs & freight,WTT- HGV (all diesel),All rigids,50% Laden,WTT- delivery vehs & freight WTT- HGV (all diesel) All rigids 50% Laden,km,kg CO2e,0.19131,01/01/2025,31/12/2025,UK DESNZ activity-based conversion factors 2025
2025,28_907_3123_4_1,Activity,Scope 3,WTT- delivery vehs & freight,WTT- HGV (all diesel),All rigids,100% Laden,WTT- delivery vehs & freight WTT- HGV (all diesel) All rigids 100% Laden,km,kg CO2e,0.22218,01/01/2025,31/12/2025,UK DESNZ activity-based conversion factors 2025
2025,28_907_3124_4_1,Activity,Scope 3,WTT- delivery vehs & freight,WTT- HGV (all diesel),All rigids,Average laden,WTT- delivery vehs & freight WTT- HGV (all diesel) All rigids Average laden,km,kg CO2e,0.20099,01/01/2025,31/12/2025,UK DESNZ activity-based conversion factors 2025
2025,28_907_3121_9_1,Activity,Scope 3,WTT- delivery vehs & freight,WTT- HGV (all diesel),All rigids,0% Laden,WTT- delivery vehs & freight WTT- HGV (all diesel) All rigids 0% Laden,miles,kg CO2e,0.2582,01/01/2025,31/12/2025,UK DESNZ activity-based conversion factors 2025
2025,28_907_3122_9_1,Activity,Scope 3,WTT- delivery vehs & freight,WTT- HGV (all diesel),All rigids,50% Laden,WTT- delivery vehs & freight WTT- HGV (all diesel) All rigids 50% Laden,miles,kg CO2e,0.30788,01/01/2025,31/12/2025,UK DESNZ activity-based conversion factors 2025
2025,28_907_3123_9_1,Activity,Scope 3,WTT- delivery vehs & freight,WTT- HGV (all diesel),All rigids,100% Laden,WTT- delivery vehs & freight WTT- HGV (all diesel) All rigids 100% Laden,miles,kg CO2e,0.35756,01/01/2025,31/12/2025,UK DESNZ activity-based conversion factors 2025
2025,28_907_3124_9_1,Activity,Scope 3,WTT- delivery vehs & freight,WTT- HGV (all diesel),All rigids,Average laden,WTT- delivery vehs & freight WTT- HGV (all diesel) All rigids Average laden,miles,kg CO2e,0.32347,01/01/2025,31/12/2025,UK DESNZ activity-based conversion factors 2025
2025,28_907_3126_14_1,Activity,Scope 3,WTT- delivery vehs & freight,WTT- HGV (all diesel),Articulated (>3.5 - 33t),50% Laden,WTT- delivery vehs & freight WTT- HGV (all diesel) Articulated (>3.5 - 33t) 50% Laden,tonne.km,kg CO2e,0.02731,01/01/2025,31/12/2025,UK DESNZ activity-based conversion factors 2025
2025,28_907_3127_14_1,Activity,Scope 3,WTT- delivery vehs & freight,WTT- HGV (all diesel),Articulated (>3.5 - 33t),100% Laden,WTT- delivery vehs & freight WTT- HGV (all diesel) Articulated (>3.5 - 33t) 100% Laden,tonne.km,kg CO2e,0.01639,01/01/2025,31/12/2025,UK DESNZ activity-based conversion factors 2025
2025,28_907_3128_14_1,Activity,Scope 3,WTT- delivery vehs & freight,WTT- HGV (all diesel),Articulated (>3.5 - 33t),Average laden,WTT- delivery vehs & freight WTT- HGV (all diesel) Articulated (>3.5 - 33t) Average laden,tonne.km,kg CO2e,0.02731,01/01/2025,31/12/2025,UK DESNZ activity-based conversion factors 2025
2025,28_907_3125_4_1,Activity,Scope 3,WTT- delivery vehs & freight,WTT- HGV (all diesel),Articulated (>3.5 - 33t),0% Laden,WTT- delivery vehs & freight WTT- HGV (all diesel) Articulated (>3.5 - 33t) 0% Laden,km,kg CO2e,0.14831,01/01/2025,31/12/2025,UK DESNZ activity-based conversion factors 2025
2025,28_907_3126_4_1,Activity,Scope 3,WTT- delivery vehs & freight,WTT- HGV (all diesel),Articulated (>3.5 - 33t),50% Laden,WTT- delivery vehs & freight WTT- HGV (all diesel) Articulated (>3.5 - 33t) 50% Laden,km,kg CO2e,0.18538,01/01/2025,31/12/2025,UK DESNZ activity-based conversion factors 2025
2025,28_907_3127_4_1,Activity,Scope 3,WTT- delivery vehs & freight,WTT- HGV (all diesel),Articulated (>3.5 - 33t),100% Laden,WTT- delivery vehs & freight WTT- HGV (all diesel) Articulated (>3.5 - 33t) 100% Laden,km,kg CO2e,0.22246,01/01/2025,31/12/2025,UK DESNZ activity-based conversion factors 2025
2025,28_907_3128_4_1,Activity,Scope 3,WTT- delivery vehs & freight,WTT- HGV (all diesel),Articulated (>3.5 - 33t),Average laden,WTT- delivery vehs & freight WTT- HGV (all diesel) Articulated (>3.5 - 33t) Average laden,km,kg CO2e,0.18538,01/01/2025,31/12/2025,UK DESNZ activity-based conversion factors 2025
2025,28_907_3125_9_1,Activity,Scope 3,WTT- delivery vehs & freight,WTT- HGV (all diesel),Articulated (>3.5 - 33t),0% Laden,WTT- delivery vehs & freight WTT- HGV (all diesel) Articulated (>3.5 - 33t) 0% Laden,miles,kg CO2e,0.23868,01/01/2025,31/12/2025,UK DESNZ activity-based conversion factors 2025
2025,28_907_3126_9_1,Activity,Scope 3,WTT- delivery vehs & freight,WTT- HGV (all diesel),Articulated (>3.5 - 33t),50% Laden,WTT- delivery vehs & freight WTT- HGV (all diesel) Articulated (>3.5 - 33t) 50% Laden,miles,kg CO2e,0.29835,01/01/2025,31/12/2025,UK DESNZ activity-based conversion factors 2025
2025,28_907_3127_9_1,Activity,Scope 3,WTT- delivery vehs & freight,WTT- HGV (all diesel),Articulated (>3.5 - 33t),100% Laden,WTT- delivery vehs & freight WTT- HGV (all diesel) Articulated (>3.5 - 33t) 100% Laden,miles,kg CO2e,0.35802,01/01/2025,31/12/2025,UK DESNZ activity-based conversion factors 2025
2025,28_907_3128_9_1,Activity,Scope 3,WTT- delivery vehs & freight,WTT- HGV (all diesel),Articulated (>3.5 - 33t),Average laden,WTT- delivery vehs & freight WTT- HGV (all diesel) Articulated (>3.5 - 33t) Average laden,miles,kg CO2e,0.29835,01/01/2025,31/12/2025,UK DESNZ activity-based conversion factors 2025
2025,28_907_3130_14_1,Activity,Scope 3,WTT- delivery vehs & freight,WTT- HGV (all diesel),Articulated (>33t),50% Laden,WTT- delivery vehs & freight WTT- HGV (all diesel) Articulated (>33t) 50% Laden,tonne.km,kg CO2e,0.02244,01/01/2025,31/12/2025,UK DESNZ activity-based conversion factors 2025
2025,28_907_3131_14_1,Activity,Scope 3,WTT- delivery vehs & freight,WTT- HGV (all diesel),Articulated (>33t),100% Laden,WTT- delivery vehs & freight WTT- HGV (all diesel) Articulated (>33t) 100% Laden,tonne.km,kg CO2e,0.01403,01/01/2025,31/12/2025,UK DESNZ activity-based conversion factors 2025
2025,28_907_3132_14_1,Activity,Scope 3,WTT- delivery vehs & freight,WTT- HGV (all diesel),Articulated (>33t),Average laden,WTT- delivery vehs & freight WTT- HGV (all diesel) Articulated (>33t) Average laden,tonne.km,kg CO2e,0.01799,01/01/2025,31/12/2025,UK DESNZ activity-based conversion factors 2025
2025,28_907_3129_4_1,Activity,Scope 3,WTT- delivery vehs & freight,WTT- HGV (all diesel),Articulated (>33t),0% Laden,WTT- delivery vehs & freight WTT- HGV (all diesel) Articulated (>33t) 0% Laden,km,kg CO2e,0.15178,01/01/2025,31/12/2025,UK DESNZ activity-based conversion factors 2025
2025,28_907_3130_4_1,Activity,Scope 3,WTT- delivery vehs & freight,WTT- HGV (all diesel),Articulated (>33t),50% Laden,WTT- delivery vehs & freight WTT- HGV (all diesel) Articulated (>33t) 50% Laden,km,kg CO2e,0.20237,01/01/2025,31/12/2025,UK DESNZ activity-based conversion factors 2025
2025,28_907_3131_4_1,Activity,Scope 3,WTT- delivery vehs & freight,WTT- HGV (all diesel),Articulated (>33t),100% Laden,WTT- delivery vehs & freight WTT- HGV (all diesel) Articulated (>33t) 100% Laden,km,kg CO2e,0.25296,01/01/2025,31/12/2025,UK DESNZ activity-based conversion factors 2025
2025,28_907_3132_4_1,Activity,Scope 3,WTT- delivery vehs & freight,WTT- HGV (all diesel),Articulated (>33t),Average laden,WTT- delivery vehs & freight WTT- HGV (all diesel) Articulated (>33t) Average laden,km,kg CO2e,0.22058,01/01/2025,31/12/2025,UK DESNZ activity-based conversion factors 2025
2025,28_907_3129_9_1,Activity,Scope 3,WTT- delivery vehs & freight,WTT- HGV (all diesel),Articulated (>33t),0% Laden,WTT- delivery vehs & freight WTT- HGV (all diesel) Articulated (>33t) 0% Laden,miles,kg CO2e,0.24426,01/01/2025,31/12/2025,UK DESNZ activity-based conversion factors 2025
2025,28_907_3130_9_1,Activity,Scope 3,WTT- delivery vehs & freight,WTT- HGV (all diesel),Articulated (>33t),50% Laden,WTT- delivery vehs & freight WTT- HGV (all diesel) Articulated (>33t) 50% Laden,miles,kg CO2e,0.32568,01/01/2025,31/12/2025,UK DESNZ activity-based conversion factors 2025
2025,28_907_3131_9_1,Activity,Scope 3,WTT- delivery vehs & freight,WTT- HGV (all diesel),Articulated (>33t),100% Laden,WTT- delivery vehs & freight WTT- HGV (all diesel) Articulated (>33t) 100% Laden,miles,kg CO2e,0.4071,01/01/2025,31/12/2025,UK DESNZ activity-based conversion factors 2025
2025,28_907_3132_9_1,Activity,Scope 3,WTT- delivery vehs & freight,WTT- HGV (all diesel),Articulated (>33t),Average laden,WTT- delivery vehs & freight WTT- HGV (all diesel) Articulated (>33t) Average laden,miles,kg CO2e,0.35499,01/01/2025,31/12/2025,UK DESNZ activity-based conversion factors 2025
2025,28_907_3134_14_1,Activity,Scope 3,WTT- delivery vehs & freight,WTT- HGV (all diesel),All artics,50% Laden,WTT- delivery vehs & freight WTT- HGV (all diesel) All artics 50% Laden,tonne.km,kg CO2e,0.02257,01/01/2025,31/12/2025,UK DESNZ activity-based conversion factors 2025
2025,28_907_3135_14_1,Activity,Scope 3,WTT- delivery vehs & freight,WTT- HGV (all diesel),All artics,100% Laden,WTT- delivery vehs & freight WTT- HGV (all diesel) All artics 100% Laden,tonne.km,kg CO2e,0.01409,01/01/2025,31/12/2025,UK DESNZ activity-based conversion factors 2025
2025,28_907_3136_14_1,Activity,Scope 3,WTT- delivery vehs & freight,WTT- HGV (all diesel),All artics,Average laden,WTT- delivery vehs & freight WTT- HGV (all diesel) All artics Average laden,tonne.km,kg CO2e,0.01823,01/01/2025,31/12/2025,UK DESNZ activity-based conversion factors 2025
2025,28_907_3133_4_1,Activity,Scope 3,WTT- delivery vehs & freight,WTT- HGV (all diesel),All artics,0% Laden,WTT- delivery vehs & freight WTT- HGV (all diesel) All artics 0% Laden,km,kg CO2e,0.15162,01/01/2025,31/12/2025,UK DESNZ activity-based conversion factors 2025
2025,28_907_3134_4_1,Activity,Scope 3,WTT- delivery vehs & freight,WTT- HGV (all diesel),All artics,50% Laden,WTT- delivery vehs & freight WTT- HGV (all diesel) All artics 50% Laden,km,kg CO2e,0.20159,01/01/2025,31/12/2025,UK DESNZ activity-based conversion factors 2025
2025,28_907_3135_4_1,Activity,Scope 3,WTT- delivery vehs & freight,WTT- HGV (all diesel),All artics,100% Laden,WTT- delivery vehs & freight WTT- HGV (all diesel) All artics 100% Laden,km,kg CO2e,0.25157,01/01/2025,31/12/2025,UK DESNZ activity-based conversion factors 2025
2025,28_907_3136_4_1,Activity,Scope 3,WTT- delivery vehs & freight,WTT- HGV (all diesel),All artics,Average laden,WTT- delivery vehs & freight WTT- HGV (all diesel) All artics Average laden,km,kg CO2e,0.21898,01/01/2025,31/12/2025,UK DESNZ activity-based conversion factors 2025
2025,28_907_3133_9_1,Activity,Scope 3,WTT- delivery vehs & freight,WTT- HGV (all diesel),All artics,0% Laden,WTT- delivery vehs & freight WTT- HGV (all diesel) All artics 0% Laden,miles,kg CO2e,0.24401,01/01/2025,31/12/2025,UK DESNZ activity-based conversion factors 2025
2025,28_907_3134_9_1,Activity,Scope 3,WTT- delivery vehs & freight,WTT- HGV (all diesel),All artics,50% Laden,WTT- delivery vehs & freight WTT- HGV (all diesel) All artics 50% Laden,miles,kg CO2e,0.32444,01/01/2025,31/12/2025,UK DESNZ activity-based conversion factors 2025
2025,28_907_3135_9_1,Activity,Scope 3,WTT- delivery vehs & freight,WTT- HGV (all diesel),All artics,100% Laden,WTT- delivery vehs & freight WTT- HGV (all diesel) All artics 100% Laden,miles,kg CO2e,0.40486,01/01/2025,31/12/2025,UK DESNZ activity-based conversion factors 2025
2025,28_907_3136_9_1,Activity,Scope 3,WTT- delivery vehs & freight,WTT- HGV (all diesel),All artics,Average laden,WTT- delivery vehs & freight WTT- HGV (all diesel) All artics Average laden,miles,kg CO2e,0.35241,01/01/2025,31/12/2025,UK DESNZ activity-based conversion factors 2025
2025,28_907_3138_14_1,Activity,Scope 3,WTT- delivery vehs & freight,WTT- HGV (all diesel),All HGVs,50% Laden,WTT- delivery vehs & freight WTT- HGV (all diesel) All HGVs 50% Laden,tonne.km,kg CO2e,0.02886,01/01/2025,31/12/2025,UK DESNZ activity-based conversion factors 2025
2025,28_907_3139_14_1,Activity,Scope 3,WTT- delivery vehs & freight,WTT- HGV (all diesel),All HGVs,100% Laden,WTT- delivery vehs & freight WTT- HGV (all diesel) All HGVs 100% Laden,tonne.km,kg CO2e,0.01757,01/01/2025,31/12/2025,UK DESNZ activity-based conversion factors 2025
2025,28_907_3140_14_1,Activity,Scope 3,WTT- delivery vehs & freight,WTT- HGV (all diesel),All HGVs,Average laden,WTT- delivery vehs & freight WTT- HGV (all diesel) All HGVs Average laden,tonne.km,kg CO2e,0.02359,01/01/2025,31/12/2025,UK DESNZ activity-based conversion factors 2025
2025,28_907_3137_4_1,Activity,Scope 3,WTT- delivery vehs & freight,WTT- HGV (all diesel),All HGVs,0% Laden,WTT- delivery vehs & freight WTT- HGV (all diesel) All HGVs 0% Laden,km,kg CO2e,0.15527,01/01/2025,31/12/2025,UK DESNZ activity-based conversion factors 2025
2025,28_907_3138_4_1,Activity,Scope 3,WTT- delivery vehs & freight,WTT- HGV (all diesel),All HGVs,50% Laden,WTT- delivery vehs & freight WTT- HGV (all diesel) All HGVs 50% Laden,km,kg CO2e,0.19734,01/01/2025,31/12/2025,UK DESNZ activity-based conversion factors 2025
2025,28_907_3139_4_1,Activity,Scope 3,WTT- delivery vehs & freight,WTT- HGV (all diesel),All HGVs,100% Laden,WTT- delivery vehs & freight WTT- HGV (all diesel) All HGVs 100% Laden,km,kg CO2e,0.23942,01/01/2025,31/12/2025,UK DESNZ activity-based conversion factors 2025
2025,28_907_3140_4_1,Activity,Scope 3,WTT- delivery vehs & freight,WTT- HGV (all diesel),All HGVs,Average laden,WTT- delivery vehs & freight WTT- HGV (all diesel) All HGVs Average laden,km,kg CO2e,0.21154,01/01/2025,31/12/2025,UK DESNZ activity-based conversion factors 2025
2025,28_907_3137_9_1,Activity,Scope 3,WTT- delivery vehs & freight,WTT- HGV (all diesel),All HGVs,0% Laden,WTT- delivery vehs & freight WTT- HGV (all diesel) All HGVs 0% Laden,miles,kg CO2e,0.24987,01/01/2025,31/12/2025,UK DESNZ activity-based conversion factors 2025
2025,28_907_3138_9_1,Activity,Scope 3,WTT- delivery vehs & freight,WTT- HGV (all diesel),All HGVs,50% Laden,WTT- delivery vehs & freight WTT- HGV (all diesel) All HGVs 50% Laden,miles,kg CO2e,0.31759,01/01/2025,31/12/2025,UK DESNZ activity-based conversion factors 2025
2025,28_907_3139_9_1,Activity,Scope 3,WTT- delivery vehs & freight,WTT- HGV (all diesel),All HGVs,100% Laden,WTT- delivery vehs & freight WTT- HGV (all diesel) All HGVs 100% Laden,miles,kg CO2e,0.38531,01/01/2025,31/12/2025,UK DESNZ activity-based conversion factors 2025
2025,28_907_3140_9_1,Activity,Scope 3,WTT- delivery vehs & freight,WTT- HGV (all diesel),All HGVs,Average laden,WTT- delivery vehs & freight WTT- HGV (all diesel) All HGVs Average laden,miles,kg CO2e,0.34045,01/01/2025,31/12/2025,UK DESNZ activity-based conversion factors 2025
2025,28_908_3110_14_1,Activity,Scope 3,WTT- delivery vehs & freight,WTT- HGV refrigerated (all diesel),Rigid (>3.5 - 7.5 tonnes),50% Laden,WTT- delivery vehs & freight WTT- HGV refrigerated (all diesel) Rigid (>3.5 - 7.5 tonnes) 50% Laden,tonne.km,kg CO2e,0.12758,01/01/2025,31/12/2025,UK DESNZ activity-based conversion factors 2025
2025,28_908_3111_14_1,Activity,Scope 3,WTT- delivery vehs & freight,WTT- HGV refrigerated (all diesel),Rigid (>3.5 - 7.5 tonnes),100% Laden,WTT- delivery vehs & freight WTT- HGV refrigerated (all diesel) Rigid (>3.5 - 7.5 tonnes) 100% Laden,tonne.km,kg CO2e,0.06889,01/01/2025,31/12/2025,UK DESNZ activity-based conversion factors 2025
2025,28_908_3112_14_1,Activity,Scope 3,WTT- delivery vehs & freight,WTT- HGV refrigerated (all diesel),Rigid (>3.5 - 7.5 tonnes),Average laden,WTT- delivery vehs & freight WTT- HGV refrigerated (all diesel) Rigid (>3.5 - 7.5 tonnes) Average laden,tonne.km,kg CO2e,0.14669,01/01/2025,31/12/2025,UK DESNZ activity-based conversion factors 2025
2025,28_908_3109_4_1,Activity,Scope 3,WTT- delivery vehs & freight,WTT- HGV refrigerated (all diesel),Rigid (>3.5 - 7.5 tonnes),0% Laden,WTT- delivery vehs & freight WTT- HGV refrigerated (all diesel) Rigid (>3.5 - 7.5 tonnes) 0% Laden,km,kg CO2e,0.13155,01/01/2025,31/12/2025,UK DESNZ activity-based conversion factors 2025
2025,28_908_3110_4_1,Activity,Scope 3,WTT- delivery vehs & freight,WTT- HGV refrigerated (all diesel),Rigid (>3.5 - 7.5 tonnes),50% Laden,WTT- delivery vehs & freight WTT- HGV refrigerated (all diesel) Rigid (>3.5 - 7.5 tonnes) 50% Laden,km,kg CO2e,0.14299,01/01/2025,31/12/2025,UK DESNZ activity-based conversion factors 2025
2025,28_908_3111_4_1,Activity,Scope 3,WTT- delivery vehs & freight,WTT- HGV refrigerated (all diesel),Rigid (>3.5 - 7.5 tonnes),100% Laden,WTT- delivery vehs & freight WTT- HGV refrigerated (all diesel) Rigid (>3.5 - 7.5 tonnes) 100% Laden,km,kg CO2e,0.15442,01/01/2025,31/12/2025,UK DESNZ activity-based conversion factors 2025
2025,28_908_3112_4_1,Activity,Scope 3,WTT- delivery vehs & freight,WTT- HGV refrigerated (all diesel),Rigid (>3.5 - 7.5 tonnes),Average laden,WTT- delivery vehs & freight WTT- HGV refrigerated (all diesel) Rigid (>3.5 - 7.5 tonnes) Average laden,km,kg CO2e,0.14138,01/01/2025,31/12/2025,UK DESNZ activity-based conversion factors 2025
2025,28_908_3109_9_1,Activity,Scope 3,WTT- delivery vehs & freight,WTT- HGV refrigerated (all diesel),Rigid (>3.5 - 7.5 tonnes),0% Laden,WTT- delivery vehs & freight WTT- HGV refrigerated (all diesel) Rigid (>3.5 - 7.5 tonnes) 0% Laden,miles,kg CO2e,0.2117,01/01/2025,31/12/2025,UK DESNZ activity-based conversion factors 2025
2025,28_908_3110_9_1,Activity,Scope 3,WTT- delivery vehs & freight,WTT- HGV refrigerated (all diesel),Rigid (>3.5 - 7.5 tonnes),50% Laden,WTT- delivery vehs & freight WTT- HGV refrigerated (all diesel) Rigid (>3.5 - 7.5 tonnes) 50% Laden,miles,kg CO2e,0.23011,01/01/2025,31/12/2025,UK DESNZ activity-based conversion factors 2025
2025,28_908_3111_9_1,Activity,Scope 3,WTT- delivery vehs & freight,WTT- HGV refrigerated (all diesel),Rigid (>3.5 - 7.5 tonnes),100% Laden,WTT- delivery vehs & freight WTT- HGV refrigerated (all diesel) Rigid (>3.5 - 7.5 tonnes) 100% Laden,miles,kg CO2e,0.24852,01/01/2025,31/12/2025,UK DESNZ activity-based conversion factors 2025
2025,28_908_3112_9_1,Activity,Scope 3,WTT- delivery vehs & freight,WTT- HGV refrigerated (all diesel),Rigid (>3.5 - 7.5 tonnes),Average laden,WTT- delivery vehs & freight WTT- HGV refrigerated (all diesel) Rigid (>3.5 - 7.5 tonnes) Average laden,miles,kg CO2e,0.22754,01/01/2025,31/12/2025,UK DESNZ activity-based conversion factors 2025
2025,28_908_3114_14_1,Activity,Scope 3,WTT- delivery vehs & freight,WTT- HGV refrigerated (all diesel),Rigid (>7.5 tonnes-17 tonnes),50% Laden,WTT- delivery vehs & freight WTT- HGV refrigerated (all diesel) Rigid (>7.5 tonnes-17 tonnes) 50% Laden,tonne.km,kg CO2e,0.07603,01/01/2025,31/12/2025,UK DESNZ activity-based conversion factors 2025
2025,28_908_3115_14_1,Activity,Scope 3,WTT- delivery vehs & freight,WTT- HGV refrigerated (all diesel),Rigid (>7.5 tonnes-17 tonnes),100% Laden,WTT- delivery vehs & freight WTT- HGV refrigerated (all diesel) Rigid (>7.5 tonnes-17 tonnes) 100% Laden,tonne.km,kg CO2e,0.04277,01/01/2025,31/12/2025,UK DESNZ activity-based conversion factors 2025
2025,28_908_3116_14_1,Activity,Scope 3,WTT- delivery vehs & freight,WTT- HGV refrigerated (all diesel),Rigid (>7.5 tonnes-17 tonnes),Average laden,WTT- delivery vehs & freight WTT- HGV refrigerated (all diesel) Rigid (>7.5 tonnes-17 tonnes) Average laden,tonne.km,kg CO2e,0.11031,01/01/2025,31/12/2025,UK DESNZ activity-based conversion factors 2025
2025,28_908_3113_4_1,Activity,Scope 3,WTT- delivery vehs & freight,WTT- HGV refrigerated (all diesel),Rigid (>7.5 tonnes-17 tonnes),0% Laden,WTT- delivery vehs & freight WTT- HGV refrigerated (all diesel) Rigid (>7.5 tonnes-17 tonnes) 0% Laden,km,kg CO2e,0.15756,01/01/2025,31/12/2025,UK DESNZ activity-based conversion factors 2025
2025,28_908_3114_4_1,Activity,Scope 3,WTT- delivery vehs & freight,WTT- HGV refrigerated (all diesel),Rigid (>7.5 tonnes-17 tonnes),50% Laden,WTT- delivery vehs & freight WTT- HGV refrigerated (all diesel) Rigid (>7.5 tonnes-17 tonnes) 50% Laden,km,kg CO2e,0.18007,01/01/2025,31/12/2025,UK DESNZ activity-based conversion factors 2025
2025,28_908_3115_4_1,Activity,Scope 3,WTT- delivery vehs & freight,WTT- HGV refrigerated (all diesel),Rigid (>7.5 tonnes-17 tonnes),100% Laden,WTT- delivery vehs & freight WTT- HGV refrigerated (all diesel) Rigid (>7.5 tonnes-17 tonnes) 100% Laden,km,kg CO2e,0.20258,01/01/2025,31/12/2025,UK DESNZ activity-based conversion factors 2025
2025,28_908_3116_4_1,Activity,Scope 3,WTT- delivery vehs & freight,WTT- HGV refrigerated (all diesel),Rigid (>7.5 tonnes-17 tonnes),Average laden,WTT- delivery vehs & freight WTT- HGV refrigerated (all diesel) Rigid (>7.5 tonnes-17 tonnes) Average laden,km,kg CO2e,0.17242,01/01/2025,31/12/2025,UK DESNZ activity-based conversion factors 2025
2025,28_908_3113_9_1,Activity,Scope 3,WTT- delivery vehs & freight,WTT- HGV refrigerated (all diesel),Rigid (>7.5 tonnes-17 tonnes),0% Laden,WTT- delivery vehs & freight WTT- HGV refrigerated (all diesel) Rigid (>7.5 tonnes-17 tonnes) 0% Laden,miles,kg CO2e,0.25357,01/01/2025,31/12/2025,UK DESNZ activity-based conversion factors 2025
2025,28_908_3114_9_1,Activity,Scope 3,WTT- delivery vehs & freight,WTT- HGV refrigerated (all diesel),Rigid (>7.5 tonnes-17 tonnes),50% Laden,WTT- delivery vehs & freight WTT- HGV refrigerated (all diesel) Rigid (>7.5 tonnes-17 tonnes) 50% Laden,miles,kg CO2e,0.2898,01/01/2025,31/12/2025,UK DESNZ activity-based conversion factors 2025
2025,28_908_3115_9_1,Activity,Scope 3,WTT- delivery vehs & freight,WTT- HGV refrigerated (all diesel),Rigid (>7.5 tonnes-17 tonnes),100% Laden,WTT- delivery vehs & freight WTT- HGV refrigerated (all diesel) Rigid (>7.5 tonnes-17 tonnes) 100% Laden,miles,kg CO2e,0.32602,01/01/2025,31/12/2025,UK DESNZ activity-based conversion factors 2025
2025,28_908_3116_9_1,Activity,Scope 3,WTT- delivery vehs & freight,WTT- HGV refrigerated (all diesel),Rigid (>7.5 tonnes-17 tonnes),Average laden,WTT- delivery vehs & freight WTT- HGV refrigerated (all diesel) Rigid (>7.5 tonnes-17 tonnes) Average laden,miles,kg CO2e,0.27748,01/01/2025,31/12/2025,UK DESNZ activity-based conversion factors 2025
2025,28_908_3118_14_1,Activity,Scope 3,WTT- delivery vehs & freight,WTT- HGV refrigerated (all diesel),Rigid (>17 tonnes),50% Laden,WTT- delivery vehs & freight WTT- HGV refrigerated (all diesel) Rigid (>17 tonnes) 50% Laden,tonne.km,kg CO2e,0.0582,01/01/2025,31/12/2025,UK DESNZ activity-based conversion factors 2025
2025,28_908_3119_14_1,Activity,Scope 3,WTT- delivery vehs & freight,WTT- HGV refrigerated (all diesel),Rigid (>17 tonnes),100% Laden,WTT- delivery vehs & freight WTT- HGV refrigerated (all diesel) Rigid (>17 tonnes) 100% Laden,tonne.km,kg CO2e,0.03434,01/01/2025,31/12/2025,UK DESNZ activity-based conversion factors 2025
2025,28_908_3120_14_1,Activity,Scope 3,WTT- delivery vehs & freight,WTT- HGV refrigerated (all diesel),Rigid (>17 tonnes),Average laden,WTT- delivery vehs & freight WTT- HGV refrigerated (all diesel) Rigid (>17 tonnes) Average laden,tonne.km,kg CO2e,0.04457,01/01/2025,31/12/2025,UK DESNZ activity-based conversion factors 2025
2025,28_908_3117_4_1,Activity,Scope 3,WTT- delivery vehs & freight,WTT- HGV refrigerated (all diesel),Rigid (>17 tonnes),0% Laden,WTT- delivery vehs & freight WTT- HGV refrigerated (all diesel) Rigid (>17 tonnes) 0% Laden,km,kg CO2e,0.21678,01/01/2025,31/12/2025,UK DESNZ activity-based conversion factors 2025
2025,28_908_3118_4_1,Activity,Scope 3,WTT- delivery vehs & freight,WTT- HGV refrigerated (all diesel),Rigid (>17 tonnes),50% Laden,WTT- delivery vehs & freight WTT- HGV refrigerated (all diesel) Rigid (>17 tonnes) 50% Laden,km,kg CO2e,0.26437,01/01/2025,31/12/2025,UK DESNZ activity-based conversion factors 2025
2025,28_908_3119_4_1,Activity,Scope 3,WTT- delivery vehs & freight,WTT- HGV refrigerated (all diesel),Rigid (>17 tonnes),100% Laden,WTT- delivery vehs & freight WTT- HGV refrigerated (all diesel) Rigid (>17 tonnes) 100% Laden,km,kg CO2e,0.31196,01/01/2025,31/12/2025,UK DESNZ activity-based conversion factors 2025
2025,28_908_3120_4_1,Activity,Scope 3,WTT- delivery vehs & freight,WTT- HGV refrigerated (all diesel),Rigid (>17 tonnes),Average laden,WTT- delivery vehs & freight WTT- HGV refrigerated (all diesel) Rigid (>17 tonnes) Average laden,km,kg CO2e,0.2834,01/01/2025,31/12/2025,UK DESNZ activity-based conversion factors 2025
2025,28_908_3117_9_1,Activity,Scope 3,WTT- delivery vehs & freight,WTT- HGV refrigerated (all diesel),Rigid (>17 tonnes),0% Laden,WTT- delivery vehs & freight WTT- HGV refrigerated (all diesel) Rigid (>17 tonnes) 0% Laden,miles,kg CO2e,0.34888,01/01/2025,31/12/2025,UK DESNZ activity-based conversion factors 2025
2025,28_908_3118_9_1,Activity,Scope 3,WTT- delivery vehs & freight,WTT- HGV refrigerated (all diesel),Rigid (>17 tonnes),50% Laden,WTT- delivery vehs & freight WTT- HGV refrigerated (all diesel) Rigid (>17 tonnes) 50% Laden,miles,kg CO2e,0.42546,01/01/2025,31/12/2025,UK DESNZ activity-based conversion factors 2025
2025,28_908_3119_9_1,Activity,Scope 3,WTT- delivery vehs & freight,WTT- HGV refrigerated (all diesel),Rigid (>17 tonnes),100% Laden,WTT- delivery vehs & freight WTT- HGV refrigerated (all diesel) Rigid (>17 tonnes) 100% Laden,miles,kg CO2e,0.50205,01/01/2025,31/12/2025,UK DESNZ activity-based conversion factors 2025
2025,28_908_3120_9_1,Activity,Scope 3,WTT- delivery vehs & freight,WTT- HGV refrigerated (all diesel),Rigid (>17 tonnes),Average laden,WTT- delivery vehs & freight WTT- HGV refrigerated (all diesel) Rigid (>17 tonnes) Average laden,miles,kg CO2e,0.45609,01/01/2025,31/12/2025,UK DESNZ activity-based conversion factors 2025
2025,28_908_3122_14_1,Activity,Scope 3,WTT- delivery vehs & freight,WTT- HGV refrigerated (all diesel),All rigids,50% Laden,WTT- delivery vehs & freight WTT- HGV refrigerated (all diesel) All rigids 50% Laden,tonne.km,kg CO2e,0.06206,01/01/2025,31/12/2025,UK DESNZ activity-based conversion factors 2025
2025,28_908_3123_14_1,Activity,Scope 3,WTT- delivery vehs & freight,WTT- HGV refrigerated (all diesel),All rigids,100% Laden,WTT- delivery vehs & freight WTT- HGV refrigerated (all diesel) All rigids 100% Laden,tonne.km,kg CO2e,0.03624,01/01/2025,31/12/2025,UK DESNZ activity-based conversion factors 2025
2025,28_908_3124_14_1,Activity,Scope 3,WTT- delivery vehs & freight,WTT- HGV refrigerated (all diesel),All rigids,Average laden,WTT- delivery vehs & freight WTT- HGV refrigerated (all diesel) All rigids Average laden,tonne.km,kg CO2e,0.05168,01/01/2025,31/12/2025,UK DESNZ activity-based conversion factors 2025
2025,28_908_3121_4_1,Activity,Scope 3,WTT- delivery vehs & freight,WTT- HGV refrigerated (all diesel),All rigids,0% Laden,WTT- delivery vehs & freight WTT- HGV refrigerated (all diesel) All rigids 0% Laden,km,kg CO2e,0.1914,01/01/2025,31/12/2025,UK DESNZ activity-based conversion factors 2025
2025,28_908_3122_4_1,Activity,Scope 3,WTT- delivery vehs & freight,WTT- HGV refrigerated (all diesel),All rigids,50% Laden,WTT- delivery vehs & freight WTT- HGV refrigerated (all diesel) All rigids 50% Laden,km,kg CO2e,0.22823,01/01/2025,31/12/2025,UK DESNZ activity-based conversion factors 2025
2025,28_908_3123_4_1,Activity,Scope 3,WTT- delivery vehs & freight,WTT- HGV refrigerated (all diesel),All rigids,100% Laden,WTT- delivery vehs & freight WTT- HGV refrigerated (all diesel) All rigids 100% Laden,km,kg CO2e,0.26506,01/01/2025,31/12/2025,UK DESNZ activity-based conversion factors 2025
2025,28_908_3124_4_1,Activity,Scope 3,WTT- delivery vehs & freight,WTT- HGV refrigerated (all diesel),All rigids,Average laden,WTT- delivery vehs & freight WTT- HGV refrigerated (all diesel) All rigids Average laden,km,kg CO2e,0.23978,01/01/2025,31/12/2025,UK DESNZ activity-based conversion factors 2025
2025,28_908_3121_9_1,Activity,Scope 3,WTT- delivery vehs & freight,WTT- HGV refrigerated (all diesel),All rigids,0% Laden,WTT- delivery vehs & freight WTT- HGV refrigerated (all diesel) All rigids 0% Laden,miles,kg CO2e,0.30803,01/01/2025,31/12/2025,UK DESNZ activity-based conversion factors 2025
2025,28_908_3122_9_1,Activity,Scope 3,WTT- delivery vehs & freight,WTT- HGV refrigerated (all diesel),All rigids,50% Laden,WTT- delivery vehs & freight WTT- HGV refrigerated (all diesel) All rigids 50% Laden,miles,kg CO2e,0.3673,01/01/2025,31/12/2025,UK DESNZ activity-based conversion factors 2025
2025,28_908_3123_9_1,Activity,Scope 3,WTT- delivery vehs & freight,WTT- HGV refrigerated (all diesel),All rigids,100% Laden,WTT- delivery vehs & freight WTT- HGV refrigerated (all diesel) All rigids 100% Laden,miles,kg CO2e,0.42657,01/01/2025,31/12/2025,UK DESNZ activity-based conversion factors 2025
2025,28_908_3124_9_1,Activity,Scope 3,WTT- delivery vehs & freight,WTT- HGV refrigerated (all diesel),All rigids,Average laden,WTT- delivery vehs & freight WTT- HGV refrigerated (all diesel) All rigids Average laden,miles,kg CO2e,0.3859,01/01/2025,31/12/2025,UK DESNZ activity-based conversion factors 2025
2025,28_908_3126_14_1,Activity,Scope 3,WTT- delivery vehs & freight,WTT- HGV refrigerated (all diesel),Articulated (>3.5 - 33t),50% Laden,WTT- delivery vehs & freight WTT- HGV refrigerated (all diesel) Articulated (>3.5 - 33t) 50% Laden,tonne.km,kg CO2e,0.03167,01/01/2025,31/12/2025,UK DESNZ activity-based conversion factors 2025
2025,28_908_3127_14_1,Activity,Scope 3,WTT- delivery vehs & freight,WTT- HGV refrigerated (all diesel),Articulated (>3.5 - 33t),100% Laden,WTT- delivery vehs & freight WTT- HGV refrigerated (all diesel) Articulated (>3.5 - 33t) 100% Laden,tonne.km,kg CO2e,0.019,01/01/2025,31/12/2025,UK DESNZ activity-based conversion factors 2025
2025,28_908_3128_14_1,Activity,Scope 3,WTT- delivery vehs & freight,WTT- HGV refrigerated (all diesel),Articulated (>3.5 - 33t),Average laden,WTT- delivery vehs & freight WTT- HGV refrigerated (all diesel) Articulated (>3.5 - 33t) Average laden,tonne.km,kg CO2e,0.03167,01/01/2025,31/12/2025,UK DESNZ activity-based conversion factors 2025
2025,28_908_3125_4_1,Activity,Scope 3,WTT- delivery vehs & freight,WTT- HGV refrigerated (all diesel),Articulated (>3.5 - 33t),0% Laden,WTT- delivery vehs & freight WTT- HGV refrigerated (all diesel) Articulated (>3.5 - 33t) 0% Laden,km,kg CO2e,0.17199,01/01/2025,31/12/2025,UK DESNZ activity-based conversion factors 2025
2025,28_908_3126_4_1,Activity,Scope 3,WTT- delivery vehs & freight,WTT- HGV refrigerated (all diesel),Articulated (>3.5 - 33t),50% Laden,WTT- delivery vehs & freight WTT- HGV refrigerated (all diesel) Articulated (>3.5 - 33t) 50% Laden,km,kg CO2e,0.21499,01/01/2025,31/12/2025,UK DESNZ activity-based conversion factors 2025
2025,28_908_3127_4_1,Activity,Scope 3,WTT- delivery vehs & freight,WTT- HGV refrigerated (all diesel),Articulated (>3.5 - 33t),100% Laden,WTT- delivery vehs & freight WTT- HGV refrigerated (all diesel) Articulated (>3.5 - 33t) 100% Laden,km,kg CO2e,0.25799,01/01/2025,31/12/2025,UK DESNZ activity-based conversion factors 2025
2025,28_908_3128_4_1,Activity,Scope 3,WTT- delivery vehs & freight,WTT- HGV refrigerated (all diesel),Articulated (>3.5 - 33t),Average laden,WTT- delivery vehs & freight WTT- HGV refrigerated (all diesel) Articulated (>3.5 - 33t) Average laden,km,kg CO2e,0.21499,01/01/2025,31/12/2025,UK DESNZ activity-based conversion factors 2025
2025,28_908_3125_9_1,Activity,Scope 3,WTT- delivery vehs & freight,WTT- HGV refrigerated (all diesel),Articulated (>3.5 - 33t),0% Laden,WTT- delivery vehs & freight WTT- HGV refrigerated (all diesel) Articulated (>3.5 - 33t) 0% Laden,miles,kg CO2e,0.27679,01/01/2025,31/12/2025,UK DESNZ activity-based conversion factors 2025
2025,28_908_3126_9_1,Activity,Scope 3,WTT- delivery vehs & freight,WTT- HGV refrigerated (all diesel),Articulated (>3.5 - 33t),50% Laden,WTT- delivery vehs & freight WTT- HGV refrigerated (all diesel) Articulated (>3.5 - 33t) 50% Laden,miles,kg CO2e,0.34599,01/01/2025,31/12/2025,UK DESNZ activity-based conversion factors 2025
2025,28_908_3127_9_1,Activity,Scope 3,WTT- delivery vehs & freight,WTT- HGV refrigerated (all diesel),Articulated (>3.5 - 33t),100% Laden,WTT- delivery vehs & freight WTT- HGV refrigerated (all diesel) Articulated (>3.5 - 33t) 100% Laden,miles,kg CO2e,0.41519,01/01/2025,31/12/2025,UK DESNZ activity-based conversion factors 2025
2025,28_908_3128_9_1,Activity,Scope 3,WTT- delivery vehs & freight,WTT- HGV refrigerated (all diesel),Articulated (>3.5 - 33t),Average laden,WTT- delivery vehs & freight WTT- HGV refrigerated (all diesel) Articulated (>3.5 - 33t) Average laden,miles,kg CO2e,0.34599,01/01/2025,31/12/2025,UK DESNZ activity-based conversion factors 2025
2025,28_908_3130_14_1,Activity,Scope 3,WTT- delivery vehs & freight,WTT- HGV refrigerated (all diesel),Articulated (>33t),50% Laden,WTT- delivery vehs & freight WTT- HGV refrigerated (all diesel) Articulated (>33t) 50% Laden,tonne.km,kg CO2e,0.02602,01/01/2025,31/12/2025,UK DESNZ activity-based conversion factors 2025
2025,28_908_3131_14_1,Activity,Scope 3,WTT- delivery vehs & freight,WTT- HGV refrigerated (all diesel),Articulated (>33t),100% Laden,WTT- delivery vehs & freight WTT- HGV refrigerated (all diesel) Articulated (>33t) 100% Laden,tonne.km,kg CO2e,0.01626,01/01/2025,31/12/2025,UK DESNZ activity-based conversion factors 2025
2025,28_908_3132_14_1,Activity,Scope 3,WTT- delivery vehs & freight,WTT- HGV refrigerated (all diesel),Articulated (>33t),Average laden,WTT- delivery vehs & freight WTT- HGV refrigerated (all diesel) Articulated (>33t) Average laden,tonne.km,kg CO2e,0.02086,01/01/2025,31/12/2025,UK DESNZ activity-based conversion factors 2025
2025,28_908_3129_4_1,Activity,Scope 3,WTT- delivery vehs & freight,WTT- HGV refrigerated (all diesel),Articulated (>33t),0% Laden,WTT- delivery vehs & freight WTT- HGV refrigerated (all diesel) Articulated (>33t) 0% Laden,km,kg CO2e,0.17602,01/01/2025,31/12/2025,UK DESNZ activity-based conversion factors 2025
2025,28_908_3130_4_1,Activity,Scope 3,WTT- delivery vehs & freight,WTT- HGV refrigerated (all diesel),Articulated (>33t),50% Laden,WTT- delivery vehs & freight WTT- HGV refrigerated (all diesel) Articulated (>33t) 50% Laden,km,kg CO2e,0.23469,01/01/2025,31/12/2025,UK DESNZ activity-based conversion factors 2025
2025,28_908_3131_4_1,Activity,Scope 3,WTT- delivery vehs & freight,WTT- HGV refrigerated (all diesel),Articulated (>33t),100% Laden,WTT- delivery vehs & freight WTT- HGV refrigerated (all diesel) Articulated (>33t) 100% Laden,km,kg CO2e,0.29336,01/01/2025,31/12/2025,UK DESNZ activity-based conversion factors 2025
2025,28_908_3132_4_1,Activity,Scope 3,WTT- delivery vehs & freight,WTT- HGV refrigerated (all diesel),Articulated (>33t),Average laden,WTT- delivery vehs & freight WTT- HGV refrigerated (all diesel) Articulated (>33t) Average laden,km,kg CO2e,0.25581,01/01/2025,31/12/2025,UK DESNZ activity-based conversion factors 2025
2025,28_908_3129_9_1,Activity,Scope 3,WTT- delivery vehs & freight,WTT- HGV refrigerated (all diesel),Articulated (>33t),0% Laden,WTT- delivery vehs & freight WTT- HGV refrigerated (all diesel) Articulated (>33t) 0% Laden,miles,kg CO2e,0.28327,01/01/2025,31/12/2025,UK DESNZ activity-based conversion factors 2025
2025,28_908_3130_9_1,Activity,Scope 3,WTT- delivery vehs & freight,WTT- HGV refrigerated (all diesel),Articulated (>33t),50% Laden,WTT- delivery vehs & freight WTT- HGV refrigerated (all diesel) Articulated (>33t) 50% Laden,miles,kg CO2e,0.37769,01/01/2025,31/12/2025,UK DESNZ activity-based conversion factors 2025
2025,28_908_3131_9_1,Activity,Scope 3,WTT- delivery vehs & freight,WTT- HGV refrigerated (all diesel),Articulated (>33t),100% Laden,WTT- delivery vehs & freight WTT- HGV refrigerated (all diesel) Articulated (>33t) 100% Laden,miles,kg CO2e,0.47212,01/01/2025,31/12/2025,UK DESNZ activity-based conversion factors 2025
2025,28_908_3132_9_1,Activity,Scope 3,WTT- delivery vehs & freight,WTT- HGV refrigerated (all diesel),Articulated (>33t),Average laden,WTT- delivery vehs & freight WTT- HGV refrigerated (all diesel) Articulated (>33t) Average laden,miles,kg CO2e,0.41169,01/01/2025,31/12/2025,UK DESNZ activity-based conversion factors 2025
2025,28_908_3134_14_1,Activity,Scope 3,WTT- delivery vehs & freight,WTT- HGV refrigerated (all diesel),All artics,50% Laden,WTT- delivery vehs & freight WTT- HGV refrigerated (all diesel) All artics 50% Laden,tonne.km,kg CO2e,0.02617,01/01/2025,31/12/2025,UK DESNZ activity-based conversion factors 2025
2025,28_908_3135_14_1,Activity,Scope 3,WTT- delivery vehs & freight,WTT- HGV refrigerated (all diesel),All artics,100% Laden,WTT- delivery vehs & freight WTT- HGV refrigerated (all diesel) All artics 100% Laden,tonne.km,kg CO2e,0.01634,01/01/2025,31/12/2025,UK DESNZ activity-based conversion factors 2025
2025,28_908_3136_14_1,Activity,Scope 3,WTT- delivery vehs & freight,WTT- HGV refrigerated (all diesel),All artics,Average laden,WTT- delivery vehs & freight WTT- HGV refrigerated (all diesel) All artics Average laden,tonne.km,kg CO2e,0.02114,01/01/2025,31/12/2025,UK DESNZ activity-based conversion factors 2025
2025,28_908_3133_4_1,Activity,Scope 3,WTT- delivery vehs & freight,WTT- HGV refrigerated (all diesel),All artics,0% Laden,WTT- delivery vehs & freight WTT- HGV refrigerated (all diesel) All artics 0% Laden,km,kg CO2e,0.17583,01/01/2025,31/12/2025,UK DESNZ activity-based conversion factors 2025
2025,28_908_3134_4_1,Activity,Scope 3,WTT- delivery vehs & freight,WTT- HGV refrigerated (all diesel),All artics,50% Laden,WTT- delivery vehs & freight WTT- HGV refrigerated (all diesel) All artics 50% Laden,km,kg CO2e,0.23379,01/01/2025,31/12/2025,UK DESNZ activity-based conversion factors 2025
2025,28_908_3135_4_1,Activity,Scope 3,WTT- delivery vehs & freight,WTT- HGV refrigerated (all diesel),All artics,100% Laden,WTT- delivery vehs & freight WTT- HGV refrigerated (all diesel) All artics 100% Laden,km,kg CO2e,0.29175,01/01/2025,31/12/2025,UK DESNZ activity-based conversion factors 2025
2025,28_908_3136_4_1,Activity,Scope 3,WTT- delivery vehs & freight,WTT- HGV refrigerated (all diesel),All artics,Average laden,WTT- delivery vehs & freight WTT- HGV refrigerated (all diesel) All artics Average laden,km,kg CO2e,0.25395,01/01/2025,31/12/2025,UK DESNZ activity-based conversion factors 2025
2025,28_908_3133_9_1,Activity,Scope 3,WTT- delivery vehs & freight,WTT- HGV refrigerated (all diesel),All artics,0% Laden,WTT- delivery vehs & freight WTT- HGV refrigerated (all diesel) All artics 0% Laden,miles,kg CO2e,0.28297,01/01/2025,31/12/2025,UK DESNZ activity-based conversion factors 2025
2025,28_908_3134_9_1,Activity,Scope 3,WTT- delivery vehs & freight,WTT- HGV refrigerated (all diesel),All artics,50% Laden,WTT- delivery vehs & freight WTT- HGV refrigerated (all diesel) All artics 50% Laden,miles,kg CO2e,0.37625,01/01/2025,31/12/2025,UK DESNZ activity-based conversion factors 2025
2025,28_908_3135_9_1,Activity,Scope 3,WTT- delivery vehs & freight,WTT- HGV refrigerated (all diesel),All artics,100% Laden,WTT- delivery vehs & freight WTT- HGV refrigerated (all diesel) All artics 100% Laden,miles,kg CO2e,0.46952,01/01/2025,31/12/2025,UK DESNZ activity-based conversion factors 2025
2025,28_908_3136_9_1,Activity,Scope 3,WTT- delivery vehs & freight,WTT- HGV refrigerated (all diesel),All artics,Average laden,WTT- delivery vehs & freight WTT- HGV refrigerated (all diesel) All artics Average laden,miles,kg CO2e,0.40869,01/01/2025,31/12/2025,UK DESNZ activity-based conversion factors 2025
2025,28_908_3138_14_1,Activity,Scope 3,WTT- delivery vehs & freight,WTT- HGV refrigerated (all diesel),All HGVs,50% Laden,WTT- delivery vehs & freight WTT- HGV refrigerated (all diesel) All HGVs 50% Laden,tonne.km,kg CO2e,0.03387,01/01/2025,31/12/2025,UK DESNZ activity-based conversion factors 2025
2025,28_908_3139_14_1,Activity,Scope 3,WTT- delivery vehs & freight,WTT- HGV refrigerated (all diesel),All HGVs,100% Laden,WTT- delivery vehs & freight WTT- HGV refrigerated (all diesel) All HGVs 100% Laden,tonne.km,kg CO2e,0.02062,01/01/2025,31/12/2025,UK DESNZ activity-based conversion factors 2025
2025,28_908_3140_14_1,Activity,Scope 3,WTT- delivery vehs & freight,WTT- HGV refrigerated (all diesel),All HGVs,Average laden,WTT- delivery vehs & freight WTT- HGV refrigerated (all diesel) All HGVs Average laden,tonne.km,kg CO2e,0.02769,01/01/2025,31/12/2025,UK DESNZ activity-based conversion factors 2025
2025,28_908_3137_4_1,Activity,Scope 3,WTT- delivery vehs & freight,WTT- HGV refrigerated (all diesel),All HGVs,0% Laden,WTT- delivery vehs & freight WTT- HGV refrigerated (all diesel) All HGVs 0% Laden,km,kg CO2e,0.1822,01/01/2025,31/12/2025,UK DESNZ activity-based conversion factors 2025
2025,28_908_3138_4_1,Activity,Scope 3,WTT- delivery vehs & freight,WTT- HGV refrigerated (all diesel),All HGVs,50% Laden,WTT- delivery vehs & freight WTT- HGV refrigerated (all diesel) All HGVs 50% Laden,km,kg CO2e,0.23157,01/01/2025,31/12/2025,UK DESNZ activity-based conversion factors 2025
2025,28_908_3139_4_1,Activity,Scope 3,WTT- delivery vehs & freight,WTT- HGV refrigerated (all diesel),All HGVs,100% Laden,WTT- delivery vehs & freight WTT- HGV refrigerated (all diesel) All HGVs 100% Laden,km,kg CO2e,0.28095,01/01/2025,31/12/2025,UK DESNZ activity-based conversion factors 2025
2025,28_908_3140_4_1,Activity,Scope 3,WTT- delivery vehs & freight,WTT- HGV refrigerated (all diesel),All HGVs,Average laden,WTT- delivery vehs & freight WTT- HGV refrigerated (all diesel) All HGVs Average laden,km,kg CO2e,0.24824,01/01/2025,31/12/2025,UK DESNZ activity-based conversion factors 2025
2025,28_908_3137_9_1,Activity,Scope 3,WTT- delivery vehs & freight,WTT- HGV refrigerated (all diesel),All HGVs,0% Laden,WTT- delivery vehs & freight WTT- HGV refrigerated (all diesel) All HGVs 0% Laden,miles,kg CO2e,0.29322,01/01/2025,31/12/2025,UK DESNZ activity-based conversion factors 2025
2025,28_908_3138_9_1,Activity,Scope 3,WTT- delivery vehs & freight,WTT- HGV refrigerated (all diesel),All HGVs,50% Laden,WTT- delivery vehs & freight WTT- HGV refrigerated (all diesel) All HGVs 50% Laden,miles,kg CO2e,0.37268,01/01/2025,31/12/2025,UK DESNZ activity-based conversion factors 2025
2025,28_908_3139_9_1,Activity,Scope 3,WTT- delivery vehs & freight,WTT- HGV refrigerated (all diesel),All HGVs,100% Laden,WTT- delivery vehs & freight WTT- HGV refrigerated (all diesel) All HGVs 100% Laden,miles,kg CO2e,0.45215,01/01/2025,31/12/2025,UK DESNZ activity-based conversion factors 2025
2025,28_908_3140_9_1,Activity,Scope 3,WTT- delivery vehs & freight,WTT- HGV refrigerated (all diesel),All HGVs,Average laden,WTT- delivery vehs & freight WTT- HGV refrigerated (all diesel) All HGVs Average laden,miles,kg CO2e,0.3995,01/01/2025,31/12/2025,UK DESNZ activity-based conversion factors 2025
2025,28_913_3152_14_1,Activity,Scope 3,WTT- delivery vehs & freight,WTT- freight flights,"Domestic, to/from UK",With RF,"WTT- delivery vehs & freight WTT- freight flights Domestic, to/from UK With RF",tonne.km,kg CO2e,0.57429,01/01/2025,31/12/2025,UK DESNZ activity-based conversion factors 2025
2025,28_913_3153_14_1,Activity,Scope 3,WTT- delivery vehs & freight,WTT- freight flights,"Domestic, to/from UK",Without RF,"WTT- delivery vehs & freight WTT- freight flights Domestic, to/from UK Without RF",tonne.km,kg CO2e,0.57429,01/01/2025,31/12/2025,UK DESNZ activity-based conversion factors 2025
2025,28_913_3154_14_1,Activity,Scope 3,WTT- delivery vehs & freight,WTT- freight flights,"Short-haul, to/from UK",With RF,"WTT- delivery vehs & freight WTT- freight flights Short-haul, to/from UK With RF",tonne.km,kg CO2e,0.20515,01/01/2025,31/12/2025,UK DESNZ activity-based conversion factors 2025
2025,28_913_3155_14_1,Activity,Scope 3,WTT- delivery vehs & freight,WTT- freight flights,"Short-haul, to/from UK",Without RF,"WTT- delivery vehs & freight WTT- freight flights Short-haul, to/from UK Without RF",tonne.km,kg CO2e,0.20515,01/01/2025,31/12/2025,UK DESNZ activity-based conversion factors 2025
2025,28_913_3156_14_1,Activity,Scope 3,WTT- delivery vehs & freight,WTT- freight flights,"Long-haul, to/from UK",With RF,"WTT- delivery vehs & freight WTT- freight flights Long-haul, to/from UK With RF",tonne.km,kg CO2e,0.13516,01/01/2025,31/12/2025,UK DESNZ activity-based conversion factors 2025
2025,28_913_3157_14_1,Activity,Scope 3,WTT- delivery vehs & freight,WTT- freight flights,"Long-haul, to/from UK",Without RF,"WTT- delivery vehs & freight WTT- freight flights Long-haul, to/from UK Without RF",tonne.km,kg CO2e,0.13516,01/01/2025,31/12/2025,UK DESNZ activity-based conversion factors 2025
2025,28_913_3158_14_1,Activity,Scope 3,WTT- delivery vehs & freight,WTT- freight flights,"International, to/from non-UK",With RF,"WTT- delivery vehs & freight WTT- freight flights International, to/from non-UK With RF",tonne.km,kg CO2e,0.13516,01/01/2025,31/12/2025,UK DESNZ activity-based conversion factors 2025
2025,28_913_3159_14_1,Activity,Scope 3,WTT- delivery vehs & freight,WTT- freight flights,"International, to/from non-UK",,"WTT- delivery vehs & freight WTT- freight flights International, to/from non-UK ",tonne.km,kg CO2e,0.13516,01/01/2025,31/12/2025,UK DESNZ activity-based conversion factors 2025
2025,28_911_3151_14_1,Activity,Scope 3,WTT- delivery vehs & freight,WTT- rail,Freight train,,WTT- delivery vehs & freight WTT- rail Freight train ,tonne.km,kg CO2e,0.00691,01/01/2025,31/12/2025,UK DESNZ activity-based conversion factors 2025
2025,28_915_3191_14_1,Activity,Scope 3,WTT- delivery vehs & freight,WTT- sea tanker,Crude tanker,"200,000+ dwt","WTT- delivery vehs & freight WTT- sea tanker Crude tanker 200,000+ dwt",tonne.km,kg CO2e,0.00067,01/01/2025,31/12/2025,UK DESNZ activity-based conversion factors 2025
2025,28_915_3192_14_1,Activity,Scope 3,WTT- delivery vehs & freight,WTT- sea tanker,Crude tanker,"120,000–199,999 dwt","WTT- delivery vehs & freight WTT- sea tanker Crude tanker 120,000–199,999 dwt",tonne.km,kg CO2e,0.00101,01/01/2025,31/12/2025,UK DESNZ activity-based conversion factors 2025
2025,28_915_3193_14_1,Activity,Scope 3,WTT- delivery vehs & freight,WTT- sea tanker,Crude tanker,"80,000–119,999 dwt","WTT- delivery vehs & freight WTT- sea tanker Crude tanker 80,000–119,999 dwt",tonne.km,kg CO2e,0.00135,01/01/2025,31/12/2025,UK DESNZ activity-based conversion factors 2025
2025,28_915_3194_14_1,Activity,Scope 3,WTT- delivery vehs & freight,WTT- sea tanker,Crude tanker,"60,000–79,999 dwt","WTT- delivery vehs & freight WTT- sea tanker Crude tanker 60,000–79,999 dwt",tonne.km,kg CO2e,0.00172,01/01/2025,31/12/2025,UK DESNZ activity-based conversion factors 2025
2025,28_915_3195_14_1,Activity,Scope 3,WTT- delivery vehs & freight,WTT- sea tanker,Crude tanker,"10,000–59,999 dwt","WTT- delivery vehs & freight WTT- sea tanker Crude tanker 10,000–59,999 dwt",tonne.km,kg CO2e,0.00209,01/01/2025,31/12/2025,UK DESNZ activity-based conversion factors 2025
2025,28_915_3196_14_1,Activity,Scope 3,WTT- delivery vehs & freight,WTT- sea tanker,Crude tanker,0–9999 dwt,WTT- delivery vehs & freight WTT- sea tanker Crude tanker 0–9999 dwt,tonne.km,kg CO2e,0.00764,01/01/2025,31/12/2025,UK DESNZ activity-based conversion factors 2025
2025,28_915_3197_14_1,Activity,Scope 3,WTT- delivery vehs & freight,WTT- sea tanker,Crude tanker,Average,WTT- delivery vehs & freight WTT- sea tanker Crude tanker Average,tonne.km,kg CO2e,0.00104,01/01/2025,31/12/2025,UK DESNZ activity-based conversion factors 2025
2025,28_915_3198_14_1,Activity,Scope 3,WTT- delivery vehs & freight,WTT- sea tanker,Products tanker ,"60,000+ dwt","WTT- delivery vehs & freight WTT- sea tanker Products tanker  60,000+ dwt",tonne.km,kg CO2e,0.00131,01/01/2025,31/12/2025,UK DESNZ activity-based conversion factors 2025
2025,28_915_3199_14_1,Activity,Scope 3,WTT- delivery vehs & freight,WTT- sea tanker,Products tanker ,"20,000–59,999 dwt","WTT- delivery vehs & freight WTT- sea tanker Products tanker  20,000–59,999 dwt",tonne.km,kg CO2e,0.00236,01/01/2025,31/12/2025,UK DESNZ activity-based conversion factors 2025
2025,28_915_3200_14_1,Activity,Scope 3,WTT- delivery vehs & freight,WTT- sea tanker,Products tanker ,"10,000–19,999 dwt","WTT- delivery vehs & freight WTT- sea tanker Products tanker  10,000–19,999 dwt",tonne.km,kg CO2e,0.00429,01/01/2025,31/12/2025,UK DESNZ activity-based conversion factors 2025
2025,28_915_3201_14_1,Activity,Scope 3,WTT- delivery vehs & freight,WTT- sea tanker,Products tanker ,5000–9999 dwt,WTT- delivery vehs & freight WTT- sea tanker Products tanker  5000–9999 dwt,tonne.km,kg CO2e,0.0067,01/01/2025,31/12/2025,UK DESNZ activity-based conversion factors 2025
2025,28_915_3202_14_1,Activity,Scope 3,WTT- delivery vehs & freight,WTT- sea tanker,Products tanker ,0–4999 dwt,WTT- delivery vehs & freight WTT- sea tanker Products tanker  0–4999 dwt,tonne.km,kg CO2e,0.01033,01/01/2025,31/12/2025,UK DESNZ activity-based conversion factors 2025
2025,28_915_3203_14_1,Activity,Scope 3,WTT- delivery vehs & freight,WTT- sea tanker,Products tanker ,Average,WTT- delivery vehs & freight WTT- sea tanker Products tanker  Average,tonne.km,kg CO2e,0.00205,01/01/2025,31/12/2025,UK DESNZ activity-based conversion factors 2025
2025,28_915_3204_14_1,Activity,Scope 3,WTT- delivery vehs & freight,WTT- sea tanker,Chemical tanker ,"20,000+ dwt","WTT- delivery vehs & freight WTT- sea tanker Chemical tanker  20,000+ dwt",tonne.km,kg CO2e,0.00193,01/01/2025,31/12/2025,UK DESNZ activity-based conversion factors 2025
2025,28_915_3205_14_1,Activity,Scope 3,WTT- delivery vehs & freight,WTT- sea tanker,Chemical tanker ,"10,000–19,999 dwt","WTT- delivery vehs & freight WTT- sea tanker Chemical tanker  10,000–19,999 dwt",tonne.km,kg CO2e,0.00248,01/01/2025,31/12/2025,UK DESNZ activity-based conversion factors 2025
2025,28_915_3206_14_1,Activity,Scope 3,WTT- delivery vehs & freight,WTT- sea tanker,Chemical tanker ,5000–9999 dwt,WTT- delivery vehs & freight WTT- sea tanker Chemical tanker  5000–9999 dwt,tonne.km,kg CO2e,0.00347,01/01/2025,31/12/2025,UK DESNZ activity-based conversion factors 2025
2025,28_915_3207_14_1,Activity,Scope 3,WTT- delivery vehs & freight,WTT- sea tanker,Chemical tanker ,0–4999 dwt,WTT- delivery vehs & freight WTT- sea tanker Chemical tanker  0–4999 dwt,tonne.km,kg CO2e,0.0051,01/01/2025,31/12/2025,UK DESNZ activity-based conversion factors 2025
2025,28_915_3208_14_1,Activity,Scope 3,WTT- delivery vehs & freight,WTT- sea tanker,Chemical tanker ,Average,WTT- delivery vehs & freight WTT- sea tanker Chemical tanker  Average,tonne.km,kg CO2e,0.00234,01/01/2025,31/12/2025,UK DESNZ activity-based conversion factors 2025
2025,28_915_3209_14_1,Activity,Scope 3,WTT- delivery vehs & freight,WTT- sea tanker,LNG tanker,"200,000+ m3","WTT- delivery vehs & freight WTT- sea tanker LNG tanker 200,000+ m3",tonne.km,kg CO2e,0.00214,01/01/2025,31/12/2025,UK DESNZ activity-based conversion factors 2025
2025,28_915_3210_14_1,Activity,Scope 3,WTT- delivery vehs & freight,WTT- sea tanker,LNG tanker,"0–199,999 m3","WTT- delivery vehs & freight WTT- sea tanker LNG tanker 0–199,999 m3",tonne.km,kg CO2e,0.00333,01/01/2025,31/12/2025,UK DESNZ activity-based conversion factors 2025
2025,28_915_3211_14_1,Activity,Scope 3,WTT- delivery vehs & freight,WTT- sea tanker,LNG tanker,Average,WTT- delivery vehs & freight WTT- sea tanker LNG tanker Average,tonne.km,kg CO2e,0.00262,01/01/2025,31/12/2025,UK DESNZ activity-based conversion factors 2025
2025,28_915_3212_14_1,Activity,Scope 3,WTT- delivery vehs & freight,WTT- sea tanker,LPG tanker,"50,000+ m3","WTT- delivery vehs & freight WTT- sea tanker LPG tanker 50,000+ m3",tonne.km,kg CO2e,0.00207,01/01/2025,31/12/2025,UK DESNZ activity-based conversion factors 2025
2025,28_915_3213_14_1,Activity,Scope 3,WTT- delivery vehs & freight,WTT- sea tanker,LPG tanker,"0–49,999 m3","WTT- delivery vehs & freight WTT- sea tanker LPG tanker 0–49,999 m3",tonne.km,kg CO2e,0.00999,01/01/2025,31/12/2025,UK DESNZ activity-based conversion factors 2025
2025,28_915_3214_14_1,Activity,Scope 3,WTT- delivery vehs & freight,WTT- sea tanker,LPG tanker,Average,WTT- delivery vehs & freight WTT- sea tanker LPG tanker Average,tonne.km,kg CO2e,0.00235,01/01/2025,31/12/2025,UK DESNZ activity-based conversion factors 2025
2025,28_916_3215_14_1,Activity,Scope 3,WTT- delivery vehs & freight,WTT- cargo ship,Bulk carrier,"200,000+ dwt","WTT- delivery vehs & freight WTT- cargo ship Bulk carrier 200,000+ dwt",tonne.km,kg CO2e,0.00057,01/01/2025,31/12/2025,UK DESNZ activity-based conversion factors 2025
2025,28_916_3216_14_1,Activity,Scope 3,WTT- delivery vehs & freight,WTT- cargo ship,Bulk carrier,"100,000–199,999 dwt","WTT- delivery vehs & freight WTT- cargo ship Bulk carrier 100,000–199,999 dwt",tonne.km,kg CO2e,0.00069,01/01/2025,31/12/2025,UK DESNZ activity-based conversion factors 2025
2025,28_916_3217_14_1,Activity,Scope 3,WTT- delivery vehs & freight,WTT- cargo ship,Bulk carrier,"60,000–99,999 dwt","WTT- delivery vehs & freight WTT- cargo ship Bulk carrier 60,000–99,999 dwt",tonne.km,kg CO2e,0.00094,01/01/2025,31/12/2025,UK DESNZ activity-based conversion factors 2025
2025,28_916_3218_14_1,Activity,Scope 3,WTT- delivery vehs & freight,WTT- cargo ship,Bulk carrier,"35,000–59,999 dwt","WTT- delivery vehs & freight WTT- cargo ship Bulk carrier 35,000–59,999 dwt",tonne.km,kg CO2e,0.00131,01/01/2025,31/12/2025,UK DESNZ activity-based conversion factors 2025
2025,28_916_3219_14_1,Activity,Scope 3,WTT- delivery vehs & freight,WTT- cargo ship,Bulk carrier,"10,000–34,999 dwt","WTT- delivery vehs & freight WTT- cargo ship Bulk carrier 10,000–34,999 dwt",tonne.km,kg CO2e,0.00181,01/01/2025,31/12/2025,UK DESNZ activity-based conversion factors 2025
2025,28_916_3220_14_1,Activity,Scope 3,WTT- delivery vehs & freight,WTT- cargo ship,Bulk carrier,0–9999 dwt,WTT- delivery vehs & freight WTT- cargo ship Bulk carrier 0–9999 dwt,tonne.km,kg CO2e,0.0067,01/01/2025,31/12/2025,UK DESNZ activity-based conversion factors 2025
2025,28_916_3221_14_1,Activity,Scope 3,WTT- delivery vehs & freight,WTT- cargo ship,Bulk carrier,Average,WTT- delivery vehs & freight WTT- cargo ship Bulk carrier Average,tonne.km,kg CO2e,0.0008,01/01/2025,31/12/2025,UK DESNZ activity-based conversion factors 2025
2025,28_916_3222_14_1,Activity,Scope 3,WTT- delivery vehs & freight,WTT- cargo ship,General cargo,"10,000+ dwt","WTT- delivery vehs & freight WTT- cargo ship General cargo 10,000+ dwt",tonne.km,kg CO2e,0.00273,01/01/2025,31/12/2025,UK DESNZ activity-based conversion factors 2025
2025,28_916_3223_14_1,Activity,Scope 3,WTT- delivery vehs & freight,WTT- cargo ship,General cargo,5000–9999 dwt,WTT- delivery vehs & freight WTT- cargo ship General cargo 5000–9999 dwt,tonne.km,kg CO2e,0.00363,01/01/2025,31/12/2025,UK DESNZ activity-based conversion factors 2025
2025,28_916_3224_14_1,Activity,Scope 3,WTT- delivery vehs & freight,WTT- cargo ship,General cargo,0–4999 dwt,WTT- delivery vehs & freight WTT- cargo ship General cargo 0–4999 dwt,tonne.km,kg CO2e,0.00319,01/01/2025,31/12/2025,UK DESNZ activity-based conversion factors 2025
2025,28_916_3225_14_1,Activity,Scope 3,WTT- delivery vehs & freight,WTT- cargo ship,General cargo,"10,000+ dwt 100+ TEU","WTT- delivery vehs & freight WTT- cargo ship General cargo 10,000+ dwt 100+ TEU",tonne.km,kg CO2e,0.00253,01/01/2025,31/12/2025,UK DESNZ activity-based conversion factors 2025
2025,28_916_3226_14_1,Activity,Scope 3,WTT- delivery vehs & freight,WTT- cargo ship,General cargo,5000–9999 dwt 100+ TEU,WTT- delivery vehs & freight WTT- cargo ship General cargo 5000–9999 dwt 100+ TEU,tonne.km,kg CO2e,0.00402,01/01/2025,31/12/2025,UK DESNZ activity-based conversion factors 2025
2025,28_916_3227_14_1,Activity,Scope 3,WTT- delivery vehs & freight,WTT- cargo ship,General cargo,0–4999 dwt 100+ TEU,WTT- delivery vehs & freight WTT- cargo ship General cargo 0–4999 dwt 100+ TEU,tonne.km,kg CO2e,0.00455,01/01/2025,31/12/2025,UK DESNZ activity-based conversion factors 2025
2025,28_916_3228_14_1,Activity,Scope 3,WTT- delivery vehs & freight,WTT- cargo ship,General cargo,Average,WTT- delivery vehs & freight WTT- cargo ship General cargo Average,tonne.km,kg CO2e,0.003,01/01/2025,31/12/2025,UK DESNZ activity-based conversion factors 2025
2025,28_916_3229_14_1,Activity,Scope 3,WTT- delivery vehs & freight,WTT- cargo ship,Container ship,8000+ TEU,WTT- delivery vehs & freight WTT- cargo ship Container ship 8000+ TEU,tonne.km,kg CO2e,0.00287,01/01/2025,31/12/2025,UK DESNZ activity-based conversion factors 2025
2025,28_916_3230_14_1,Activity,Scope 3,WTT- delivery vehs & freight,WTT- cargo ship,Container ship,5000–7999 TEU,WTT- delivery vehs & freight WTT- cargo ship Container ship 5000–7999 TEU,tonne.km,kg CO2e,0.00381,01/01/2025,31/12/2025,UK DESNZ activity-based conversion factors 2025
2025,28_916_3231_14_1,Activity,Scope 3,WTT- delivery vehs & freight,WTT- cargo ship,Container ship,3000–4999 TEU,WTT- delivery vehs & freight WTT- cargo ship Container ship 3000–4999 TEU,tonne.km,kg CO2e,0.00381,01/01/2025,31/12/2025,UK DESNZ activity-based conversion factors 2025
2025,28_916_3232_14_1,Activity,Scope 3,WTT- delivery vehs & freight,WTT- cargo ship,Container ship,2000–2999 TEU,WTT- delivery vehs & freight WTT- cargo ship Container ship 2000–2999 TEU,tonne.km,kg CO2e,0.00459,01/01/2025,31/12/2025,UK DESNZ activity-based conversion factors 2025
2025,28_916_3233_14_1,Activity,Scope 3,WTT- delivery vehs & freight,WTT- cargo ship,Container ship,1000–1999 TEU,WTT- delivery vehs & freight WTT- cargo ship Container ship 1000–1999 TEU,tonne.km,kg CO2e,0.00737,01/01/2025,31/12/2025,UK DESNZ activity-based conversion factors 2025
2025,28_916_3234_14_1,Activity,Scope 3,WTT- delivery vehs & freight,WTT- cargo ship,Container ship,0–999 TEU,WTT- delivery vehs & freight WTT- cargo ship Container ship 0–999 TEU,tonne.km,kg CO2e,0.00833,01/01/2025,31/12/2025,UK DESNZ activity-based conversion factors 2025
2025,28_916_3235_14_1,Activity,Scope 3,WTT- delivery vehs & freight,WTT- cargo ship,Container ship,Average,WTT- delivery vehs & freight WTT- cargo ship Container ship Average,tonne.km,kg CO2e,0.00365,01/01/2025,31/12/2025,UK DESNZ activity-based conversion factors 2025
2025,28_916_3236_14_1,Activity,Scope 3,WTT- delivery vehs & freight,WTT- cargo ship,Vehicle transport,4000+ CEU,WTT- delivery vehs & freight WTT- cargo ship Vehicle transport 4000+ CEU,tonne.km,kg CO2e,0.00735,01/01/2025,31/12/2025,UK DESNZ activity-based conversion factors 2025
2025,28_916_3237_14_1,Activity,Scope 3,WTT- delivery vehs & freight,WTT- cargo ship,Vehicle transport,0–3999 CEU,WTT- delivery vehs & freight WTT- cargo ship Vehicle transport 0–3999 CEU,tonne.km,kg CO2e,0.01322,01/01/2025,31/12/2025,UK DESNZ activity-based conversion factors 2025
2025,28_916_3238_14_1,Activity,Scope 3,WTT- delivery vehs & freight,WTT- cargo ship,Vehicle transport,Average,WTT- delivery vehs & freight WTT- cargo ship Vehicle transport Average,tonne.km,kg CO2e,0.00873,01/01/2025,31/12/2025,UK DESNZ activity-based conversion factors 2025
2025,28_916_3239_14_1,Activity,Scope 3,WTT- delivery vehs & freight,WTT- cargo ship,RoRo-Ferry,2000+ LM,WTT- delivery vehs & freight WTT- cargo ship RoRo-Ferry 2000+ LM,tonne.km,kg CO2e,0.01136,01/01/2025,31/12/2025,UK DESNZ activity-based conversion factors 2025
2025,28_916_3240_14_1,Activity,Scope 3,WTT- delivery vehs & freight,WTT- cargo ship,RoRo-Ferry,0–1999 LM,WTT- delivery vehs & freight WTT- cargo ship RoRo-Ferry 0–1999 LM,tonne.km,kg CO2e,0.01384,01/01/2025,31/12/2025,UK DESNZ activity-based conversion factors 2025
2025,28_916_3241_14_1,Activity,Scope 3,WTT- delivery vehs & freight,WTT- cargo ship,RoRo-Ferry,Average,WTT- delivery vehs & freight WTT- cargo ship RoRo-Ferry Average,tonne.km,kg CO2e,0.0117,01/01/2025,31/12/2025,UK DESNZ activity-based conversion factors 2025
2025,28_916_3242_14_1,Activity,Scope 3,WTT- delivery vehs & freight,WTT- cargo ship,Large RoPax ferry,Average,WTT- delivery vehs & freight WTT- cargo ship Large RoPax ferry Average,tonne.km,kg CO2e,0.08528,01/01/2025,31/12/2025,UK DESNZ activity-based conversion factors 2025
2025,28_916_3243_14_1,Activity,Scope 3,WTT- delivery vehs & freight,WTT- cargo ship,Refrigerated cargo, All dwt,WTT- delivery vehs & freight WTT- cargo ship Refrigerated cargo  All dwt,tonne.km,kg CO2e,0.00296,01/01/2025,31/12/2025,UK DESNZ activity-based conversion factors 2025
2025,29_600_4000_13_1,Activity,Scope 3,Hotel stay,Hotel stay,UK,,Hotel stay Hotel stay UK ,Room per night,kg CO2e,10.4,01/01/2025,31/12/2025,UK DESNZ activity-based conversion factors 2025
2025,29_600_4001_13_1,Activity,Scope 3,Hotel stay,Hotel stay,UK (London),,Hotel stay Hotel stay UK (London) ,Room per night,kg CO2e,11.5,01/01/2025,31/12/2025,UK DESNZ activity-based conversion factors 2025
2025,29_600_4003_13_1,Activity,Scope 3,Hotel stay,Hotel stay,Australia,,Hotel stay Hotel stay Australia ,Room per night,kg CO2e,35,01/01/2025,31/12/2025,UK DESNZ activity-based conversion factors 2025
2025,29_600_4005_13_1,Activity,Scope 3,Hotel stay,Hotel stay,Belgium,,Hotel stay Hotel stay Belgium ,Room per night,kg CO2e,12.2,01/01/2025,31/12/2025,UK DESNZ activity-based conversion factors 2025
2025,29_600_4006_13_1,Activity,Scope 3,Hotel stay,Hotel stay,Brazil,,Hotel stay Hotel stay Brazil ,Room per night,kg CO2e,8.7,01/01/2025,31/12/2025,UK DESNZ activity-based conversion factors 2025
2025,29_600_4007_13_1,Activity,Scope 3,Hotel stay,Hotel stay,Canada,,Hotel stay Hotel stay Canada ,Room per night,kg CO2e,7.4,01/01/2025,31/12/2025,UK DESNZ activity-based conversion factors 2025
2025,29_600_4008_13_1,Activity,Scope 3,Hotel stay,Hotel stay,Chile,,Hotel stay Hotel stay Chile ,Room per night,kg CO2e,27.6,01/01/2025,31/12/2025,UK DESNZ activity-based conversion factors 2025
2025,29_600_4009_13_1,Activity,Scope 3,Hotel stay,Hotel stay,China,,Hotel stay Hotel stay China ,Room per night,kg CO2e,53.5,01/01/2025,31/12/2025,UK DESNZ activity-based conversion factors 2025
2025,29_600_4010_13_1,Activity,Scope 3,Hotel stay,Hotel stay,Colombia,,Hotel stay Hotel stay Colombia ,Room per night,kg CO2e,14.7,01/01/2025,31/12/2025,UK DESNZ activity-based conversion factors 2025
2025,29_600_4011_13_1,Activity,Scope 3,Hotel stay,Hotel stay,Costa Rica,,Hotel stay Hotel stay Costa Rica ,Room per night,kg CO2e,4.7,01/01/2025,31/12/2025,UK DESNZ activity-based conversion factors 2025
2025,29_600_4013_13_1,Activity,Scope 3,Hotel stay,Hotel stay,Egypt,,Hotel stay Hotel stay Egypt ,Room per night,kg CO2e,44.2,01/01/2025,31/12/2025,UK DESNZ activity-based conversion factors 2025
2025,29_600_4016_13_1,Activity,Scope 3,Hotel stay,Hotel stay,France,,Hotel stay Hotel stay France ,Room per night,kg CO2e,6.7,01/01/2025,31/12/2025,UK DESNZ activity-based conversion factors 2025
2025,29_600_4017_13_1,Activity,Scope 3,Hotel stay,Hotel stay,Germany,,Hotel stay Hotel stay Germany ,Room per night,kg CO2e,13.2,01/01/2025,31/12/2025,UK DESNZ activity-based conversion factors 2025
2025,29_600_4019_13_1,Activity,Scope 3,Hotel stay,Hotel stay,"Hong Kong, China",,"Hotel stay Hotel stay Hong Kong, China ",Room per night,kg CO2e,51.5,01/01/2025,31/12/2025,UK DESNZ activity-based conversion factors 2025
2025,29_600_4020_13_1,Activity,Scope 3,Hotel stay,Hotel stay,India,,Hotel stay Hotel stay India ,Room per night,kg CO2e,58.9,01/01/2025,31/12/2025,UK DESNZ activity-based conversion factors 2025
2025,29_600_4021_13_1,Activity,Scope 3,Hotel stay,Hotel stay,Indonesia,,Hotel stay Hotel stay Indonesia ,Room per night,kg CO2e,62.7,01/01/2025,31/12/2025,UK DESNZ activity-based conversion factors 2025
2025,29_600_4024_13_1,Activity,Scope 3,Hotel stay,Hotel stay,Italy,,Hotel stay Hotel stay Italy ,Room per night,kg CO2e,14.3,01/01/2025,31/12/2025,UK DESNZ activity-based conversion factors 2025
2025,29_600_4025_13_1,Activity,Scope 3,Hotel stay,Hotel stay,Japan,,Hotel stay Hotel stay Japan ,Room per night,kg CO2e,39,01/01/2025,31/12/2025,UK DESNZ activity-based conversion factors 2025
2025,29_600_4026_13_1,Activity,Scope 3,Hotel stay,Hotel stay,Jordan,,Hotel stay Hotel stay Jordan ,Room per night,kg CO2e,68.9,01/01/2025,31/12/2025,UK DESNZ activity-based conversion factors 2025
2025,29_600_4028_13_1,Activity,Scope 3,Hotel stay,Hotel stay,Korea,,Hotel stay Hotel stay Korea ,Room per night,kg CO2e,55.8,01/01/2025,31/12/2025,UK DESNZ activity-based conversion factors 2025
2025,29_600_4030_13_1,Activity,Scope 3,Hotel stay,Hotel stay,Malaysia,,Hotel stay Hotel stay Malaysia ,Room per night,kg CO2e,61.5,01/01/2025,31/12/2025,UK DESNZ activity-based conversion factors 2025
2025,29_600_4031_13_1,Activity,Scope 3,Hotel stay,Hotel stay,Maldives,,Hotel stay Hotel stay Maldives ,Room per night,kg CO2e,152.2,01/01/2025,31/12/2025,UK DESNZ activity-based conversion factors 2025
2025,29_600_4032_13_1,Activity,Scope 3,Hotel stay,Hotel stay,Mexico,,Hotel stay Hotel stay Mexico ,Room per night,kg CO2e,19.3,01/01/2025,31/12/2025,UK DESNZ activity-based conversion factors 2025
2025,29_600_4033_13_1,Activity,Scope 3,Hotel stay,Hotel stay,Netherlands,,Hotel stay Hotel stay Netherlands ,Room per night,kg CO2e,14.8,01/01/2025,31/12/2025,UK DESNZ activity-based conversion factors 2025
2025,29_600_4035_13_1,Activity,Scope 3,Hotel stay,Hotel stay,Oman,,Hotel stay Hotel stay Oman ,Room per night,kg CO2e,90.3,01/01/2025,31/12/2025,UK DESNZ activity-based conversion factors 2025
2025,29_600_4038_13_1,Activity,Scope 3,Hotel stay,Hotel stay,Philippines,,Hotel stay Hotel stay Philippines ,Room per night,kg CO2e,54.3,01/01/2025,31/12/2025,UK DESNZ activity-based conversion factors 2025
2025,29_600_4040_13_1,Activity,Scope 3,Hotel stay,Hotel stay,Portugal,,Hotel stay Hotel stay Portugal ,Room per night,kg CO2e,19,01/01/2025,31/12/2025,UK DESNZ activity-based conversion factors 2025
2025,29_600_4041_13_1,Activity,Scope 3,Hotel stay,Hotel stay,Qatar,,Hotel stay Hotel stay Qatar ,Room per night,kg CO2e,86.2,01/01/2025,31/12/2025,UK DESNZ activity-based conversion factors 2025
2025,29_600_4043_13_1,Activity,Scope 3,Hotel stay,Hotel stay,Russian Federation,,Hotel stay Hotel stay Russian Federation ,Room per night,kg CO2e,24.2,01/01/2025,31/12/2025,UK DESNZ activity-based conversion factors 2025
2025,29_600_4044_13_1,Activity,Scope 3,Hotel stay,Hotel stay,Saudi Arabia,,Hotel stay Hotel stay Saudi Arabia ,Room per night,kg CO2e,106.4,01/01/2025,31/12/2025,UK DESNZ activity-based conversion factors 2025
2025,29_600_4045_13_1,Activity,Scope 3,Hotel stay,Hotel stay,Singapore,,Hotel stay Hotel stay Singapore ,Room per night,kg CO2e,24.5,01/01/2025,31/12/2025,UK DESNZ activity-based conversion factors 2025
2025,29_600_4046_13_1,Activity,Scope 3,Hotel stay,Hotel stay,South Africa,,Hotel stay Hotel stay South Africa ,Room per night,kg CO2e,51.4,01/01/2025,31/12/2025,UK DESNZ activity-based conversion factors 2025
2025,29_600_4047_13_1,Activity,Scope 3,Hotel stay,Hotel stay,Spain,,Hotel stay Hotel stay Spain ,Room per night,kg CO2e,7,01/01/2025,31/12/2025,UK DESNZ activity-based conversion factors 2025
2025,29_600_4048_13_1,Activity,Scope 3,Hotel stay,Hotel stay,Switzerland,,Hotel stay Hotel stay Switzerland ,Room per night,kg CO2e,6.6,01/01/2025,31/12/2025,UK DESNZ activity-based conversion factors 2025
2025,29_600_4050_13_1,Activity,Scope 3,Hotel stay,Hotel stay,Thailand,,Hotel stay Hotel stay Thailand ,Room per night,kg CO2e,43.4,01/01/2025,31/12/2025,UK DESNZ activity-based conversion factors 2025
2025,29_600_4051_13_1,Activity,Scope 3,Hotel stay,Hotel stay,Turkey,,Hotel stay Hotel stay Turkey ,Room per night,kg CO2e,32.1,01/01/2025,31/12/2025,UK DESNZ activity-based conversion factors 2025
2025,29_600_4052_13_1,Activity,Scope 3,Hotel stay,Hotel stay,United Arab Emirates,,Hotel stay Hotel stay United Arab Emirates ,Room per night,kg CO2e,63.8,01/01/2025,31/12/2025,UK DESNZ activity-based conversion factors 2025
2025,29_600_4053_13_1,Activity,Scope 3,Hotel stay,Hotel stay,United States,,Hotel stay Hotel stay United States ,Room per night,kg CO2e,16.1,01/01/2025,31/12/2025,UK DESNZ activity-based conversion factors 2025
2025,29_600_4054_13_1,Activity,Scope 3,Hotel stay,Hotel stay,Vietnam,,Hotel stay Hotel stay Vietnam ,Room per night,kg CO2e,38.5,01/01/2025,31/12/2025,UK DESNZ activity-based conversion factors 2025
2025,30_400_4000_5_1,Activity,Scope 3,Managed assets- electricity,Electricity generated,Electricity: UK,kWh,Managed assets- electricity Electricity generated Electricity: UK kWh,kWh,kg CO2e,0.177,01/01/2025,31/12/2025,UK DESNZ activity-based conversion factors 2025
2025,31_307_3000_4_1,Activity,Scope 3,Managed assets- vehicles,Managed cars (by market segment),Mini,Diesel,Managed assets- vehicles Managed cars (by market segment) Mini Diesel,km,kg CO2e,0.10996,01/01/2025,31/12/2025,UK DESNZ activity-based conversion factors 2025
2025,31_307_3001_4_1,Activity,Scope 3,Managed assets- vehicles,Managed cars (by market segment),Mini,Petrol,Managed assets- vehicles Managed cars (by market segment) Mini Petrol,km,kg CO2e,0.13063,01/01/2025,31/12/2025,UK DESNZ activity-based conversion factors 2025
2025,31_307_3002_4_1,Activity,Scope 3,Managed assets- vehicles,Managed cars (by market segment),Mini,Unknown,Managed assets- vehicles Managed cars (by market segment) Mini Unknown,km,kg CO2e,0.13051,01/01/2025,31/12/2025,UK DESNZ activity-based conversion factors 2025
2025,31_307_3004_4_1,Activity,Scope 3,Managed assets- vehicles,Managed cars (by market segment),Mini,Battery Electric Vehicle,Managed assets- vehicles Managed cars (by market segment) Mini Battery Electric Vehicle,km,kg CO2e,0.03319,01/01/2025,31/12/2025,UK DESNZ activity-based conversion factors 2025
2025,31_307_3000_9_1,Activity,Scope 3,Managed assets- vehicles,Managed cars (by market segment),Mini,Diesel,Managed assets- vehicles Managed cars (by market segment) Mini Diesel,miles,kg CO2e,0.17696,01/01/2025,31/12/2025,UK DESNZ activity-based conversion factors 2025
2025,31_307_3001_9_1,Activity,Scope 3,Managed assets- vehicles,Managed cars (by market segment),Mini,Petrol,Managed assets- vehicles Managed cars (by market segment) Mini Petrol,miles,kg CO2e,0.21022,01/01/2025,31/12/2025,UK DESNZ activity-based conversion factors 2025
2025,31_307_3002_9_1,Activity,Scope 3,Managed assets- vehicles,Managed cars (by market segment),Mini,Unknown,Managed assets- vehicles Managed cars (by market segment) Mini Unknown,miles,kg CO2e,0.21002,01/01/2025,31/12/2025,UK DESNZ activity-based conversion factors 2025
2025,31_307_3004_9_1,Activity,Scope 3,Managed assets- vehicles,Managed cars (by market segment),Mini,Battery Electric Vehicle,Managed assets- vehicles Managed cars (by market segment) Mini Battery Electric Vehicle,miles,kg CO2e,0.05343,01/01/2025,31/12/2025,UK DESNZ activity-based conversion factors 2025
2025,31_307_3005_4_1,Activity,Scope 3,Managed assets- vehicles,Managed cars (by market segment),Supermini,Diesel,Managed assets- vehicles Managed cars (by market segment) Supermini Diesel,km,kg CO2e,0.13452,01/01/2025,31/12/2025,UK DESNZ activity-based conversion factors 2025
2025,31_307_3006_4_1,Activity,Scope 3,Managed assets- vehicles,Managed cars (by market segment),Supermini,Petrol,Managed assets- vehicles Managed cars (by market segment) Supermini Petrol,km,kg CO2e,0.14276,01/01/2025,31/12/2025,UK DESNZ activity-based conversion factors 2025
2025,31_307_3007_4_1,Activity,Scope 3,Managed assets- vehicles,Managed cars (by market segment),Supermini,Unknown,Managed assets- vehicles Managed cars (by market segment) Supermini Unknown,km,kg CO2e,0.14194,01/01/2025,31/12/2025,UK DESNZ activity-based conversion factors 2025
2025,31_307_3008_4_1,Activity,Scope 3,Managed assets- vehicles,Managed cars (by market segment),Supermini,Plug-in Hybrid Electric Vehicle,Managed assets- vehicles Managed cars (by market segment) Supermini Plug-in Hybrid Electric Vehicle,km,kg CO2e,0.05669,01/01/2025,31/12/2025,UK DESNZ activity-based conversion factors 2025
2025,31_307_3009_4_1,Activity,Scope 3,Managed assets- vehicles,Managed cars (by market segment),Supermini,Battery Electric Vehicle,Managed assets- vehicles Managed cars (by market segment) Supermini Battery Electric Vehicle,km,kg CO2e,0.03777,01/01/2025,31/12/2025,UK DESNZ activity-based conversion factors 2025
2025,31_307_3005_9_1,Activity,Scope 3,Managed assets- vehicles,Managed cars (by market segment),Supermini,Diesel,Managed assets- vehicles Managed cars (by market segment) Supermini Diesel,miles,kg CO2e,0.21649,01/01/2025,31/12/2025,UK DESNZ activity-based conversion factors 2025
2025,31_307_3006_9_1,Activity,Scope 3,Managed assets- vehicles,Managed cars (by market segment),Supermini,Petrol,Managed assets- vehicles Managed cars (by market segment) Supermini Petrol,miles,kg CO2e,0.22974,01/01/2025,31/12/2025,UK DESNZ activity-based conversion factors 2025
2025,31_307_3007_9_1,Activity,Scope 3,Managed assets- vehicles,Managed cars (by market segment),Supermini,Unknown,Managed assets- vehicles Managed cars (by market segment) Supermini Unknown,miles,kg CO2e,0.22843,01/01/2025,31/12/2025,UK DESNZ activity-based conversion factors 2025
2025,31_307_3008_9_1,Activity,Scope 3,Managed assets- vehicles,Managed cars (by market segment),Supermini,Plug-in Hybrid Electric Vehicle,Managed assets- vehicles Managed cars (by market segment) Supermini Plug-in Hybrid Electric Vehicle,miles,kg CO2e,0.09123,01/01/2025,31/12/2025,UK DESNZ activity-based conversion factors 2025
2025,31_307_3009_9_1,Activity,Scope 3,Managed assets- vehicles,Managed cars (by market segment),Supermini,Battery Electric Vehicle,Managed assets- vehicles Managed cars (by market segment) Supermini Battery Electric Vehicle,miles,kg CO2e,0.06078,01/01/2025,31/12/2025,UK DESNZ activity-based conversion factors 2025
2025,31_307_3010_4_1,Activity,Scope 3,Managed assets- vehicles,Managed cars (by market segment),Lower medium,Diesel,Managed assets- vehicles Managed cars (by market segment) Lower medium Diesel,km,kg CO2e,0.14517,01/01/2025,31/12/2025,UK DESNZ activity-based conversion factors 2025
2025,31_307_3011_4_1,Activity,Scope 3,Managed assets- vehicles,Managed cars (by market segment),Lower medium,Petrol,Managed assets- vehicles Managed cars (by market segment) Lower medium Petrol,km,kg CO2e,0.16123,01/01/2025,31/12/2025,UK DESNZ activity-based conversion factors 2025
2025,31_307_3012_4_1,Activity,Scope 3,Managed assets- vehicles,Managed cars (by market segment),Lower medium,Unknown,Managed assets- vehicles Managed cars (by market segment) Lower medium Unknown,km,kg CO2e,0.15473,01/01/2025,31/12/2025,UK DESNZ activity-based conversion factors 2025
2025,31_307_3013_4_1,Activity,Scope 3,Managed assets- vehicles,Managed cars (by market segment),Lower medium,Plug-in Hybrid Electric Vehicle,Managed assets- vehicles Managed cars (by market segment) Lower medium Plug-in Hybrid Electric Vehicle,km,kg CO2e,0.08477,01/01/2025,31/12/2025,UK DESNZ activity-based conversion factors 2025
2025,31_307_3014_4_1,Activity,Scope 3,Managed assets- vehicles,Managed cars (by market segment),Lower medium,Battery Electric Vehicle,Managed assets- vehicles Managed cars (by market segment) Lower medium Battery Electric Vehicle,km,kg CO2e,0.03849,01/01/2025,31/12/2025,UK DESNZ activity-based conversion factors 2025
2025,31_307_3010_9_1,Activity,Scope 3,Managed assets- vehicles,Managed cars (by market segment),Lower medium,Diesel,Managed assets- vehicles Managed cars (by market segment) Lower medium Diesel,miles,kg CO2e,0.23363,01/01/2025,31/12/2025,UK DESNZ activity-based conversion factors 2025
2025,31_307_3011_9_1,Activity,Scope 3,Managed assets- vehicles,Managed cars (by market segment),Lower medium,Petrol,Managed assets- vehicles Managed cars (by market segment) Lower medium Petrol,miles,kg CO2e,0.25948,01/01/2025,31/12/2025,UK DESNZ activity-based conversion factors 2025
2025,31_307_3012_9_1,Activity,Scope 3,Managed assets- vehicles,Managed cars (by market segment),Lower medium,Unknown,Managed assets- vehicles Managed cars (by market segment) Lower medium Unknown,miles,kg CO2e,0.249,01/01/2025,31/12/2025,UK DESNZ activity-based conversion factors 2025
2025,31_307_3013_9_1,Activity,Scope 3,Managed assets- vehicles,Managed cars (by market segment),Lower medium,Plug-in Hybrid Electric Vehicle,Managed assets- vehicles Managed cars (by market segment) Lower medium Plug-in Hybrid Electric Vehicle,miles,kg CO2e,0.13643,01/01/2025,31/12/2025,UK DESNZ activity-based conversion factors 2025
2025,31_307_3014_9_1,Activity,Scope 3,Managed assets- vehicles,Managed cars (by market segment),Lower medium,Battery Electric Vehicle,Managed assets- vehicles Managed cars (by market segment) Lower medium Battery Electric Vehicle,miles,kg CO2e,0.06192,01/01/2025,31/12/2025,UK DESNZ activity-based conversion factors 2025
2025,31_307_3015_4_1,Activity,Scope 3,Managed assets- vehicles,Managed cars (by market segment),Upper medium,Diesel,Managed assets- vehicles Managed cars (by market segment) Upper medium Diesel,km,kg CO2e,0.16194,01/01/2025,31/12/2025,UK DESNZ activity-based conversion factors 2025
2025,31_307_3016_4_1,Activity,Scope 3,Managed assets- vehicles,Managed cars (by market segment),Upper medium,Petrol,Managed assets- vehicles Managed cars (by market segment) Upper medium Petrol,km,kg CO2e,0.18535,01/01/2025,31/12/2025,UK DESNZ activity-based conversion factors 2025
2025,31_307_3017_4_1,Activity,Scope 3,Managed assets- vehicles,Managed cars (by market segment),Upper medium,Unknown,Managed assets- vehicles Managed cars (by market segment) Upper medium Unknown,km,kg CO2e,0.16752,01/01/2025,31/12/2025,UK DESNZ activity-based conversion factors 2025
2025,31_307_3018_4_1,Activity,Scope 3,Managed assets- vehicles,Managed cars (by market segment),Upper medium,Plug-in Hybrid Electric Vehicle,Managed assets- vehicles Managed cars (by market segment) Upper medium Plug-in Hybrid Electric Vehicle,km,kg CO2e,0.09172,01/01/2025,31/12/2025,UK DESNZ activity-based conversion factors 2025
2025,31_307_3019_4_1,Activity,Scope 3,Managed assets- vehicles,Managed cars (by market segment),Upper medium,Battery Electric Vehicle,Managed assets- vehicles Managed cars (by market segment) Upper medium Battery Electric Vehicle,km,kg CO2e,0.04178,01/01/2025,31/12/2025,UK DESNZ activity-based conversion factors 2025
2025,31_307_3015_9_1,Activity,Scope 3,Managed assets- vehicles,Managed cars (by market segment),Upper medium,Diesel,Managed assets- vehicles Managed cars (by market segment) Upper medium Diesel,miles,kg CO2e,0.26063,01/01/2025,31/12/2025,UK DESNZ activity-based conversion factors 2025
2025,31_307_3016_9_1,Activity,Scope 3,Managed assets- vehicles,Managed cars (by market segment),Upper medium,Petrol,Managed assets- vehicles Managed cars (by market segment) Upper medium Petrol,miles,kg CO2e,0.29828,01/01/2025,31/12/2025,UK DESNZ activity-based conversion factors 2025
2025,31_307_3017_9_1,Activity,Scope 3,Managed assets- vehicles,Managed cars (by market segment),Upper medium,Unknown,Managed assets- vehicles Managed cars (by market segment) Upper medium Unknown,miles,kg CO2e,0.26959,01/01/2025,31/12/2025,UK DESNZ activity-based conversion factors 2025
2025,31_307_3018_9_1,Activity,Scope 3,Managed assets- vehicles,Managed cars (by market segment),Upper medium,Plug-in Hybrid Electric Vehicle,Managed assets- vehicles Managed cars (by market segment) Upper medium Plug-in Hybrid Electric Vehicle,miles,kg CO2e,0.14761,01/01/2025,31/12/2025,UK DESNZ activity-based conversion factors 2025
2025,31_307_3019_9_1,Activity,Scope 3,Managed assets- vehicles,Managed cars (by market segment),Upper medium,Battery Electric Vehicle,Managed assets- vehicles Managed cars (by market segment) Upper medium Battery Electric Vehicle,miles,kg CO2e,0.06722,01/01/2025,31/12/2025,UK DESNZ activity-based conversion factors 2025
2025,31_307_3020_4_1,Activity,Scope 3,Managed assets- vehicles,Managed cars (by market segment),Executive,Diesel,Managed assets- vehicles Managed cars (by market segment) Executive Diesel,km,kg CO2e,0.17088,01/01/2025,31/12/2025,UK DESNZ activity-based conversion factors 2025
2025,31_307_3021_4_1,Activity,Scope 3,Managed assets- vehicles,Managed cars (by market segment),Executive,Petrol,Managed assets- vehicles Managed cars (by market segment) Executive Petrol,km,kg CO2e,0.20073,01/01/2025,31/12/2025,UK DESNZ activity-based conversion factors 2025
2025,31_307_3022_4_1,Activity,Scope 3,Managed assets- vehicles,Managed cars (by market segment),Executive,Unknown,Managed assets- vehicles Managed cars (by market segment) Executive Unknown,km,kg CO2e,0.17846,01/01/2025,31/12/2025,UK DESNZ activity-based conversion factors 2025
2025,31_307_3023_4_1,Activity,Scope 3,Managed assets- vehicles,Managed cars (by market segment),Executive,Plug-in Hybrid Electric Vehicle,Managed assets- vehicles Managed cars (by market segment) Executive Plug-in Hybrid Electric Vehicle,km,kg CO2e,0.09133,01/01/2025,31/12/2025,UK DESNZ activity-based conversion factors 2025
2025,31_307_3024_4_1,Activity,Scope 3,Managed assets- vehicles,Managed cars (by market segment),Executive,Battery Electric Vehicle,Managed assets- vehicles Managed cars (by market segment) Executive Battery Electric Vehicle,km,kg CO2e,0.03702,01/01/2025,31/12/2025,UK DESNZ activity-based conversion factors 2025
2025,31_307_3020_9_1,Activity,Scope 3,Managed assets- vehicles,Managed cars (by market segment),Executive,Diesel,Managed assets- vehicles Managed cars (by market segment) Executive Diesel,miles,kg CO2e,0.27501,01/01/2025,31/12/2025,UK DESNZ activity-based conversion factors 2025
2025,31_307_3021_9_1,Activity,Scope 3,Managed assets- vehicles,Managed cars (by market segment),Executive,Petrol,Managed assets- vehicles Managed cars (by market segment) Executive Petrol,miles,kg CO2e,0.32304,01/01/2025,31/12/2025,UK DESNZ activity-based conversion factors 2025
2025,31_307_3022_9_1,Activity,Scope 3,Managed assets- vehicles,Managed cars (by market segment),Executive,Unknown,Managed assets- vehicles Managed cars (by market segment) Executive Unknown,miles,kg CO2e,0.2872,01/01/2025,31/12/2025,UK DESNZ activity-based conversion factors 2025
2025,31_307_3023_9_1,Activity,Scope 3,Managed assets- vehicles,Managed cars (by market segment),Executive,Plug-in Hybrid Electric Vehicle,Managed assets- vehicles Managed cars (by market segment) Executive Plug-in Hybrid Electric Vehicle,miles,kg CO2e,0.14698,01/01/2025,31/12/2025,UK DESNZ activity-based conversion factors 2025
2025,31_307_3024_9_1,Activity,Scope 3,Managed assets- vehicles,Managed cars (by market segment),Executive,Battery Electric Vehicle,Managed assets- vehicles Managed cars (by market segment) Executive Battery Electric Vehicle,miles,kg CO2e,0.05957,01/01/2025,31/12/2025,UK DESNZ activity-based conversion factors 2025
2025,31_307_3025_4_1,Activity,Scope 3,Managed assets- vehicles,Managed cars (by market segment),Luxury,Diesel,Managed assets- vehicles Managed cars (by market segment) Luxury Diesel,km,kg CO2e,0.20632,01/01/2025,31/12/2025,UK DESNZ activity-based conversion factors 2025
2025,31_307_3026_4_1,Activity,Scope 3,Managed assets- vehicles,Managed cars (by market segment),Luxury,Petrol,Managed assets- vehicles Managed cars (by market segment) Luxury Petrol,km,kg CO2e,0.30752,01/01/2025,31/12/2025,UK DESNZ activity-based conversion factors 2025
2025,31_307_3027_4_1,Activity,Scope 3,Managed assets- vehicles,Managed cars (by market segment),Luxury,Unknown,Managed assets- vehicles Managed cars (by market segment) Luxury Unknown,km,kg CO2e,0.25196,01/01/2025,31/12/2025,UK DESNZ activity-based conversion factors 2025
2025,31_307_3028_4_1,Activity,Scope 3,Managed assets- vehicles,Managed cars (by market segment),Luxury,Plug-in Hybrid Electric Vehicle,Managed assets- vehicles Managed cars (by market segment) Luxury Plug-in Hybrid Electric Vehicle,km,kg CO2e,0.1251,01/01/2025,31/12/2025,UK DESNZ activity-based conversion factors 2025
2025,31_307_3029_4_1,Activity,Scope 3,Managed assets- vehicles,Managed cars (by market segment),Luxury,Battery Electric Vehicle,Managed assets- vehicles Managed cars (by market segment) Luxury Battery Electric Vehicle,km,kg CO2e,0.04902,01/01/2025,31/12/2025,UK DESNZ activity-based conversion factors 2025
2025,31_307_3025_9_1,Activity,Scope 3,Managed assets- vehicles,Managed cars (by market segment),Luxury,Diesel,Managed assets- vehicles Managed cars (by market segment) Luxury Diesel,miles,kg CO2e,0.33205,01/01/2025,31/12/2025,UK DESNZ activity-based conversion factors 2025
2025,31_307_3026_9_1,Activity,Scope 3,Managed assets- vehicles,Managed cars (by market segment),Luxury,Petrol,Managed assets- vehicles Managed cars (by market segment) Luxury Petrol,miles,kg CO2e,0.4949,01/01/2025,31/12/2025,UK DESNZ activity-based conversion factors 2025
2025,31_307_3027_9_1,Activity,Scope 3,Managed assets- vehicles,Managed cars (by market segment),Luxury,Unknown,Managed assets- vehicles Managed cars (by market segment) Luxury Unknown,miles,kg CO2e,0.4055,01/01/2025,31/12/2025,UK DESNZ activity-based conversion factors 2025
2025,31_307_3028_9_1,Activity,Scope 3,Managed assets- vehicles,Managed cars (by market segment),Luxury,Plug-in Hybrid Electric Vehicle,Managed assets- vehicles Managed cars (by market segment) Luxury Plug-in Hybrid Electric Vehicle,miles,kg CO2e,0.20132,01/01/2025,31/12/2025,UK DESNZ activity-based conversion factors 2025
2025,31_307_3029_9_1,Activity,Scope 3,Managed assets- vehicles,Managed cars (by market segment),Luxury,Battery Electric Vehicle,Managed assets- vehicles Managed cars (by market segment) Luxury Battery Electric Vehicle,miles,kg CO2e,0.07888,01/01/2025,31/12/2025,UK DESNZ activity-based conversion factors 2025
2025,31_307_3030_4_1,Activity,Scope 3,Managed assets- vehicles,Managed cars (by market segment),Sports,Diesel,Managed assets- vehicles Managed cars (by market segment) Sports Diesel,km,kg CO2e,0.17323,01/01/2025,31/12/2025,UK DESNZ activity-based conversion factors 2025
2025,31_307_3031_4_1,Activity,Scope 3,Managed assets- vehicles,Managed cars (by market segment),Sports,Petrol,Managed assets- vehicles Managed cars (by market segment) Sports Petrol,km,kg CO2e,0.23396,01/01/2025,31/12/2025,UK DESNZ activity-based conversion factors 2025
2025,31_307_3032_4_1,Activity,Scope 3,Managed assets- vehicles,Managed cars (by market segment),Sports,Unknown,Managed assets- vehicles Managed cars (by market segment) Sports Unknown,km,kg CO2e,0.224,01/01/2025,31/12/2025,UK DESNZ activity-based conversion factors 2025
2025,31_307_3033_4_1,Activity,Scope 3,Managed assets- vehicles,Managed cars (by market segment),Sports,Plug-in Hybrid Electric Vehicle,Managed assets- vehicles Managed cars (by market segment) Sports Plug-in Hybrid Electric Vehicle,km,kg CO2e,0.14904,01/01/2025,31/12/2025,UK DESNZ activity-based conversion factors 2025
2025,31_307_3034_4_1,Activity,Scope 3,Managed assets- vehicles,Managed cars (by market segment),Sports,Battery Electric Vehicle,Managed assets- vehicles Managed cars (by market segment) Sports Battery Electric Vehicle,km,kg CO2e,0.0626,01/01/2025,31/12/2025,UK DESNZ activity-based conversion factors 2025
2025,31_307_3030_9_1,Activity,Scope 3,Managed assets- vehicles,Managed cars (by market segment),Sports,Diesel,Managed assets- vehicles Managed cars (by market segment) Sports Diesel,miles,kg CO2e,0.27879,01/01/2025,31/12/2025,UK DESNZ activity-based conversion factors 2025
2025,31_307_3031_9_1,Activity,Scope 3,Managed assets- vehicles,Managed cars (by market segment),Sports,Petrol,Managed assets- vehicles Managed cars (by market segment) Sports Petrol,miles,kg CO2e,0.37652,01/01/2025,31/12/2025,UK DESNZ activity-based conversion factors 2025
2025,31_307_3032_9_1,Activity,Scope 3,Managed assets- vehicles,Managed cars (by market segment),Sports,Unknown,Managed assets- vehicles Managed cars (by market segment) Sports Unknown,miles,kg CO2e,0.36048,01/01/2025,31/12/2025,UK DESNZ activity-based conversion factors 2025
2025,31_307_3033_9_1,Activity,Scope 3,Managed assets- vehicles,Managed cars (by market segment),Sports,Plug-in Hybrid Electric Vehicle,Managed assets- vehicles Managed cars (by market segment) Sports Plug-in Hybrid Electric Vehicle,miles,kg CO2e,0.23984,01/01/2025,31/12/2025,UK DESNZ activity-based conversion factors 2025
2025,31_307_3034_9_1,Activity,Scope 3,Managed assets- vehicles,Managed cars (by market segment),Sports,Battery Electric Vehicle,Managed assets- vehicles Managed cars (by market segment) Sports Battery Electric Vehicle,miles,kg CO2e,0.10075,01/01/2025,31/12/2025,UK DESNZ activity-based conversion factors 2025
2025,31_307_3035_4_1,Activity,Scope 3,Managed assets- vehicles,Managed cars (by market segment),Dual purpose 4X4,Diesel,Managed assets- vehicles Managed cars (by market segment) Dual purpose 4X4 Diesel,km,kg CO2e,0.19973,01/01/2025,31/12/2025,UK DESNZ activity-based conversion factors 2025
2025,31_307_3036_4_1,Activity,Scope 3,Managed assets- vehicles,Managed cars (by market segment),Dual purpose 4X4,Petrol,Managed assets- vehicles Managed cars (by market segment) Dual purpose 4X4 Petrol,km,kg CO2e,0.19219,01/01/2025,31/12/2025,UK DESNZ activity-based conversion factors 2025
2025,31_307_3037_4_1,Activity,Scope 3,Managed assets- vehicles,Managed cars (by market segment),Dual purpose 4X4,Unknown,Managed assets- vehicles Managed cars (by market segment) Dual purpose 4X4 Unknown,km,kg CO2e,0.1969,01/01/2025,31/12/2025,UK DESNZ activity-based conversion factors 2025
2025,31_307_3038_4_1,Activity,Scope 3,Managed assets- vehicles,Managed cars (by market segment),Dual purpose 4X4,Plug-in Hybrid Electric Vehicle,Managed assets- vehicles Managed cars (by market segment) Dual purpose 4X4 Plug-in Hybrid Electric Vehicle,km,kg CO2e,0.11663,01/01/2025,31/12/2025,UK DESNZ activity-based conversion factors 2025
2025,31_307_3039_4_1,Activity,Scope 3,Managed assets- vehicles,Managed cars (by market segment),Dual purpose 4X4,Battery Electric Vehicle,Managed assets- vehicles Managed cars (by market segment) Dual purpose 4X4 Battery Electric Vehicle,km,kg CO2e,0.04228,01/01/2025,31/12/2025,UK DESNZ activity-based conversion factors 2025
2025,31_307_3035_9_1,Activity,Scope 3,Managed assets- vehicles,Managed cars (by market segment),Dual purpose 4X4,Diesel,Managed assets- vehicles Managed cars (by market segment) Dual purpose 4X4 Diesel,miles,kg CO2e,0.32145,01/01/2025,31/12/2025,UK DESNZ activity-based conversion factors 2025
2025,31_307_3036_9_1,Activity,Scope 3,Managed assets- vehicles,Managed cars (by market segment),Dual purpose 4X4,Petrol,Managed assets- vehicles Managed cars (by market segment) Dual purpose 4X4 Petrol,miles,kg CO2e,0.3093,01/01/2025,31/12/2025,UK DESNZ activity-based conversion factors 2025
2025,31_307_3037_9_1,Activity,Scope 3,Managed assets- vehicles,Managed cars (by market segment),Dual purpose 4X4,Unknown,Managed assets- vehicles Managed cars (by market segment) Dual purpose 4X4 Unknown,miles,kg CO2e,0.31687,01/01/2025,31/12/2025,UK DESNZ activity-based conversion factors 2025
2025,31_307_3038_9_1,Activity,Scope 3,Managed assets- vehicles,Managed cars (by market segment),Dual purpose 4X4,Plug-in Hybrid Electric Vehicle,Managed assets- vehicles Managed cars (by market segment) Dual purpose 4X4 Plug-in Hybrid Electric Vehicle,miles,kg CO2e,0.18769,01/01/2025,31/12/2025,UK DESNZ activity-based conversion factors 2025
2025,31_307_3039_9_1,Activity,Scope 3,Managed assets- vehicles,Managed cars (by market segment),Dual purpose 4X4,Battery Electric Vehicle,Managed assets- vehicles Managed cars (by market segment) Dual purpose 4X4 Battery Electric Vehicle,miles,kg CO2e,0.06804,01/01/2025,31/12/2025,UK DESNZ activity-based conversion factors 2025
2025,31_307_3040_4_1,Activity,Scope 3,Managed assets- vehicles,Managed cars (by market segment),MPV,Diesel,Managed assets- vehicles Managed cars (by market segment) MPV Diesel,km,kg CO2e,0.18072,01/01/2025,31/12/2025,UK DESNZ activity-based conversion factors 2025
2025,31_307_3041_4_1,Activity,Scope 3,Managed assets- vehicles,Managed cars (by market segment),MPV,Petrol,Managed assets- vehicles Managed cars (by market segment) MPV Petrol,km,kg CO2e,0.17903,01/01/2025,31/12/2025,UK DESNZ activity-based conversion factors 2025
2025,31_307_3042_4_1,Activity,Scope 3,Managed assets- vehicles,Managed cars (by market segment),MPV,Unknown,Managed assets- vehicles Managed cars (by market segment) MPV Unknown,km,kg CO2e,0.1803,01/01/2025,31/12/2025,UK DESNZ activity-based conversion factors 2025
2025,31_307_3043_4_1,Activity,Scope 3,Managed assets- vehicles,Managed cars (by market segment),MPV,Plug-in Hybrid Electric Vehicle,Managed assets- vehicles Managed cars (by market segment) MPV Plug-in Hybrid Electric Vehicle,km,kg CO2e,0.10193,01/01/2025,31/12/2025,UK DESNZ activity-based conversion factors 2025
2025,31_307_3044_4_1,Activity,Scope 3,Managed assets- vehicles,Managed cars (by market segment),MPV,Battery Electric Vehicle,Managed assets- vehicles Managed cars (by market segment) MPV Battery Electric Vehicle,km,kg CO2e,0.05202,01/01/2025,31/12/2025,UK DESNZ activity-based conversion factors 2025
2025,31_307_3040_9_1,Activity,Scope 3,Managed assets- vehicles,Managed cars (by market segment),MPV,Diesel,Managed assets- vehicles Managed cars (by market segment) MPV Diesel,miles,kg CO2e,0.29085,01/01/2025,31/12/2025,UK DESNZ activity-based conversion factors 2025
2025,31_307_3041_9_1,Activity,Scope 3,Managed assets- vehicles,Managed cars (by market segment),MPV,Petrol,Managed assets- vehicles Managed cars (by market segment) MPV Petrol,miles,kg CO2e,0.28812,01/01/2025,31/12/2025,UK DESNZ activity-based conversion factors 2025
2025,31_307_3042_9_1,Activity,Scope 3,Managed assets- vehicles,Managed cars (by market segment),MPV,Unknown,Managed assets- vehicles Managed cars (by market segment) MPV Unknown,miles,kg CO2e,0.29016,01/01/2025,31/12/2025,UK DESNZ activity-based conversion factors 2025
2025,31_307_3043_9_1,Activity,Scope 3,Managed assets- vehicles,Managed cars (by market segment),MPV,Plug-in Hybrid Electric Vehicle,Managed assets- vehicles Managed cars (by market segment) MPV Plug-in Hybrid Electric Vehicle,miles,kg CO2e,0.16406,01/01/2025,31/12/2025,UK DESNZ activity-based conversion factors 2025
2025,31_307_3044_9_1,Activity,Scope 3,Managed assets- vehicles,Managed cars (by market segment),MPV,Battery Electric Vehicle,Managed assets- vehicles Managed cars (by market segment) MPV Battery Electric Vehicle,miles,kg CO2e,0.08373,01/01/2025,31/12/2025,UK DESNZ activity-based conversion factors 2025
2025,31_308_3045_4_1,Activity,Scope 3,Managed assets- vehicles,Managed cars (by size),Small car,Diesel,Managed assets- vehicles Managed cars (by size) Small car Diesel,km,kg CO2e,0.1434,01/01/2025,31/12/2025,UK DESNZ activity-based conversion factors 2025
2025,31_308_3046_4_1,Activity,Scope 3,Managed assets- vehicles,Managed cars (by size),Small car,Petrol,Managed assets- vehicles Managed cars (by size) Small car Petrol,km,kg CO2e,0.14308,01/01/2025,31/12/2025,UK DESNZ activity-based conversion factors 2025
2025,31_308_3047_4_1,Activity,Scope 3,Managed assets- vehicles,Managed cars (by size),Small car,Hybrid,Managed assets- vehicles Managed cars (by size) Small car Hybrid,km,kg CO2e,0.11413,01/01/2025,31/12/2025,UK DESNZ activity-based conversion factors 2025
2025,31_308_3050_4_1,Activity,Scope 3,Managed assets- vehicles,Managed cars (by size),Small car,Unknown,Managed assets- vehicles Managed cars (by size) Small car Unknown,km,kg CO2e,0.14322,01/01/2025,31/12/2025,UK DESNZ activity-based conversion factors 2025
2025,31_308_3051_4_1,Activity,Scope 3,Managed assets- vehicles,Managed cars (by size),Small car,Plug-in Hybrid Electric Vehicle,Managed assets- vehicles Managed cars (by size) Small car Plug-in Hybrid Electric Vehicle,km,kg CO2e,0.05669,01/01/2025,31/12/2025,UK DESNZ activity-based conversion factors 2025
2025,31_308_3052_4_1,Activity,Scope 3,Managed assets- vehicles,Managed cars (by size),Small car,Battery Electric Vehicle,Managed assets- vehicles Managed cars (by size) Small car Battery Electric Vehicle,km,kg CO2e,0.03688,01/01/2025,31/12/2025,UK DESNZ activity-based conversion factors 2025
2025,31_308_3045_9_1,Activity,Scope 3,Managed assets- vehicles,Managed cars (by size),Small car,Diesel,Managed assets- vehicles Managed cars (by size) Small car Diesel,miles,kg CO2e,0.23078,01/01/2025,31/12/2025,UK DESNZ activity-based conversion factors 2025
2025,31_308_3046_9_1,Activity,Scope 3,Managed assets- vehicles,Managed cars (by size),Small car,Petrol,Managed assets- vehicles Managed cars (by size) Small car Petrol,miles,kg CO2e,0.23027,01/01/2025,31/12/2025,UK DESNZ activity-based conversion factors 2025
2025,31_308_3047_9_1,Activity,Scope 3,Managed assets- vehicles,Managed cars (by size),Small car,Hybrid,Managed assets- vehicles Managed cars (by size) Small car Hybrid,miles,kg CO2e,0.18368,01/01/2025,31/12/2025,UK DESNZ activity-based conversion factors 2025
2025,31_308_3050_9_1,Activity,Scope 3,Managed assets- vehicles,Managed cars (by size),Small car,Unknown,Managed assets- vehicles Managed cars (by size) Small car Unknown,miles,kg CO2e,0.23049,01/01/2025,31/12/2025,UK DESNZ activity-based conversion factors 2025
2025,31_308_3051_9_1,Activity,Scope 3,Managed assets- vehicles,Managed cars (by size),Small car,Plug-in Hybrid Electric Vehicle,Managed assets- vehicles Managed cars (by size) Small car Plug-in Hybrid Electric Vehicle,miles,kg CO2e,0.09123,01/01/2025,31/12/2025,UK DESNZ activity-based conversion factors 2025
2025,31_308_3052_9_1,Activity,Scope 3,Managed assets- vehicles,Managed cars (by size),Small car,Battery Electric Vehicle,Managed assets- vehicles Managed cars (by size) Small car Battery Electric Vehicle,miles,kg CO2e,0.05936,01/01/2025,31/12/2025,UK DESNZ activity-based conversion factors 2025
2025,31_308_3053_4_1,Activity,Scope 3,Managed assets- vehicles,Managed cars (by size),Medium car,Diesel,Managed assets- vehicles Managed cars (by size) Medium car Diesel,km,kg CO2e,0.17174,01/01/2025,31/12/2025,UK DESNZ activity-based conversion factors 2025
2025,31_308_3054_4_1,Activity,Scope 3,Managed assets- vehicles,Managed cars (by size),Medium car,Petrol,Managed assets- vehicles Managed cars (by size) Medium car Petrol,km,kg CO2e,0.17474,01/01/2025,31/12/2025,UK DESNZ activity-based conversion factors 2025
2025,31_308_3055_4_1,Activity,Scope 3,Managed assets- vehicles,Managed cars (by size),Medium car,Hybrid,Managed assets- vehicles Managed cars (by size) Medium car Hybrid,km,kg CO2e,0.11724,01/01/2025,31/12/2025,UK DESNZ activity-based conversion factors 2025
2025,31_308_3056_4_1,Activity,Scope 3,Managed assets- vehicles,Managed cars (by size),Medium car,CNG,Managed assets- vehicles Managed cars (by size) Medium car CNG,km,kg CO2e,0.15504,01/01/2025,31/12/2025,UK DESNZ activity-based conversion factors 2025
2025,31_308_3057_4_1,Activity,Scope 3,Managed assets- vehicles,Managed cars (by size),Medium car,LPG,Managed assets- vehicles Managed cars (by size) Medium car LPG,km,kg CO2e,0.17427,01/01/2025,31/12/2025,UK DESNZ activity-based conversion factors 2025
2025,31_308_3058_4_1,Activity,Scope 3,Managed assets- vehicles,Managed cars (by size),Medium car,Unknown,Managed assets- vehicles Managed cars (by size) Medium car Unknown,km,kg CO2e,0.17322,01/01/2025,31/12/2025,UK DESNZ activity-based conversion factors 2025
2025,31_308_3059_4_1,Activity,Scope 3,Managed assets- vehicles,Managed cars (by size),Medium car,Plug-in Hybrid Electric Vehicle,Managed assets- vehicles Managed cars (by size) Medium car Plug-in Hybrid Electric Vehicle,km,kg CO2e,0.0882,01/01/2025,31/12/2025,UK DESNZ activity-based conversion factors 2025
2025,31_308_3060_4_1,Activity,Scope 3,Managed assets- vehicles,Managed cars (by size),Medium car,Battery Electric Vehicle,Managed assets- vehicles Managed cars (by size) Medium car Battery Electric Vehicle,km,kg CO2e,0.03882,01/01/2025,31/12/2025,UK DESNZ activity-based conversion factors 2025
2025,31_308_3053_9_1,Activity,Scope 3,Managed assets- vehicles,Managed cars (by size),Medium car,Diesel,Managed assets- vehicles Managed cars (by size) Medium car Diesel,miles,kg CO2e,0.27639,01/01/2025,31/12/2025,UK DESNZ activity-based conversion factors 2025
2025,31_308_3054_9_1,Activity,Scope 3,Managed assets- vehicles,Managed cars (by size),Medium car,Petrol,Managed assets- vehicles Managed cars (by size) Medium car Petrol,miles,kg CO2e,0.28121,01/01/2025,31/12/2025,UK DESNZ activity-based conversion factors 2025
2025,31_308_3055_9_1,Activity,Scope 3,Managed assets- vehicles,Managed cars (by size),Medium car,Hybrid,Managed assets- vehicles Managed cars (by size) Medium car Hybrid,miles,kg CO2e,0.18869,01/01/2025,31/12/2025,UK DESNZ activity-based conversion factors 2025
2025,31_308_3056_9_1,Activity,Scope 3,Managed assets- vehicles,Managed cars (by size),Medium car,CNG,Managed assets- vehicles Managed cars (by size) Medium car CNG,miles,kg CO2e,0.24952,01/01/2025,31/12/2025,UK DESNZ activity-based conversion factors 2025
2025,31_308_3057_9_1,Activity,Scope 3,Managed assets- vehicles,Managed cars (by size),Medium car,LPG,Managed assets- vehicles Managed cars (by size) Medium car LPG,miles,kg CO2e,0.28046,01/01/2025,31/12/2025,UK DESNZ activity-based conversion factors 2025
2025,31_308_3058_9_1,Activity,Scope 3,Managed assets- vehicles,Managed cars (by size),Medium car,Unknown,Managed assets- vehicles Managed cars (by size) Medium car Unknown,miles,kg CO2e,0.27877,01/01/2025,31/12/2025,UK DESNZ activity-based conversion factors 2025
2025,31_308_3059_9_1,Activity,Scope 3,Managed assets- vehicles,Managed cars (by size),Medium car,Plug-in Hybrid Electric Vehicle,Managed assets- vehicles Managed cars (by size) Medium car Plug-in Hybrid Electric Vehicle,miles,kg CO2e,0.14193,01/01/2025,31/12/2025,UK DESNZ activity-based conversion factors 2025
2025,31_308_3060_9_1,Activity,Scope 3,Managed assets- vehicles,Managed cars (by size),Medium car,Battery Electric Vehicle,Managed assets- vehicles Managed cars (by size) Medium car Battery Electric Vehicle,miles,kg CO2e,0.06246,01/01/2025,31/12/2025,UK DESNZ activity-based conversion factors 2025
2025,31_308_3061_4_1,Activity,Scope 3,Managed assets- vehicles,Managed cars (by size),Large car,Diesel,Managed assets- vehicles Managed cars (by size) Large car Diesel,km,kg CO2e,0.21007,01/01/2025,31/12/2025,UK DESNZ activity-based conversion factors 2025
2025,31_308_3062_4_1,Activity,Scope 3,Managed assets- vehicles,Managed cars (by size),Large car,Petrol,Managed assets- vehicles Managed cars (by size) Large car Petrol,km,kg CO2e,0.26828,01/01/2025,31/12/2025,UK DESNZ activity-based conversion factors 2025
2025,31_308_3063_4_1,Activity,Scope 3,Managed assets- vehicles,Managed cars (by size),Large car,Hybrid,Managed assets- vehicles Managed cars (by size) Large car Hybrid,km,kg CO2e,0.1565,01/01/2025,31/12/2025,UK DESNZ activity-based conversion factors 2025
2025,31_308_3064_4_1,Activity,Scope 3,Managed assets- vehicles,Managed cars (by size),Large car,CNG,Managed assets- vehicles Managed cars (by size) Large car CNG,km,kg CO2e,0.23722,01/01/2025,31/12/2025,UK DESNZ activity-based conversion factors 2025
2025,31_308_3065_4_1,Activity,Scope 3,Managed assets- vehicles,Managed cars (by size),Large car,LPG,Managed assets- vehicles Managed cars (by size) Large car LPG,km,kg CO2e,0.26771,01/01/2025,31/12/2025,UK DESNZ activity-based conversion factors 2025
2025,31_308_3066_4_1,Activity,Scope 3,Managed assets- vehicles,Managed cars (by size),Large car,Unknown,Managed assets- vehicles Managed cars (by size) Large car Unknown,km,kg CO2e,0.22678,01/01/2025,31/12/2025,UK DESNZ activity-based conversion factors 2025
2025,31_308_3067_4_1,Activity,Scope 3,Managed assets- vehicles,Managed cars (by size),Large car,Plug-in Hybrid Electric Vehicle,Managed assets- vehicles Managed cars (by size) Large car Plug-in Hybrid Electric Vehicle,km,kg CO2e,0.1143,01/01/2025,31/12/2025,UK DESNZ activity-based conversion factors 2025
2025,31_308_3068_4_1,Activity,Scope 3,Managed assets- vehicles,Managed cars (by size),Large car,Battery Electric Vehicle,Managed assets- vehicles Managed cars (by size) Large car Battery Electric Vehicle,km,kg CO2e,0.04205,01/01/2025,31/12/2025,UK DESNZ activity-based conversion factors 2025
2025,31_308_3061_9_1,Activity,Scope 3,Managed assets- vehicles,Managed cars (by size),Large car,Diesel,Managed assets- vehicles Managed cars (by size) Large car Diesel,miles,kg CO2e,0.33808,01/01/2025,31/12/2025,UK DESNZ activity-based conversion factors 2025
2025,31_308_3062_9_1,Activity,Scope 3,Managed assets- vehicles,Managed cars (by size),Large car,Petrol,Managed assets- vehicles Managed cars (by size) Large car Petrol,miles,kg CO2e,0.43175,01/01/2025,31/12/2025,UK DESNZ activity-based conversion factors 2025
2025,31_308_3063_9_1,Activity,Scope 3,Managed assets- vehicles,Managed cars (by size),Large car,Hybrid,Managed assets- vehicles Managed cars (by size) Large car Hybrid,miles,kg CO2e,0.25184,01/01/2025,31/12/2025,UK DESNZ activity-based conversion factors 2025
2025,31_308_3064_9_1,Activity,Scope 3,Managed assets- vehicles,Managed cars (by size),Large car,CNG,Managed assets- vehicles Managed cars (by size) Large car CNG,miles,kg CO2e,0.38177,01/01/2025,31/12/2025,UK DESNZ activity-based conversion factors 2025
2025,31_308_3065_9_1,Activity,Scope 3,Managed assets- vehicles,Managed cars (by size),Large car,LPG,Managed assets- vehicles Managed cars (by size) Large car LPG,miles,kg CO2e,0.43082,01/01/2025,31/12/2025,UK DESNZ activity-based conversion factors 2025
2025,31_308_3066_9_1,Activity,Scope 3,Managed assets- vehicles,Managed cars (by size),Large car,Unknown,Managed assets- vehicles Managed cars (by size) Large car Unknown,miles,kg CO2e,0.36495,01/01/2025,31/12/2025,UK DESNZ activity-based conversion factors 2025
2025,31_308_3067_9_1,Activity,Scope 3,Managed assets- vehicles,Managed cars (by size),Large car,Plug-in Hybrid Electric Vehicle,Managed assets- vehicles Managed cars (by size) Large car Plug-in Hybrid Electric Vehicle,miles,kg CO2e,0.18396,01/01/2025,31/12/2025,UK DESNZ activity-based conversion factors 2025
2025,31_308_3068_9_1,Activity,Scope 3,Managed assets- vehicles,Managed cars (by size),Large car,Battery Electric Vehicle,Managed assets- vehicles Managed cars (by size) Large car Battery Electric Vehicle,miles,kg CO2e,0.06767,01/01/2025,31/12/2025,UK DESNZ activity-based conversion factors 2025
2025,31_308_3069_4_1,Activity,Scope 3,Managed assets- vehicles,Managed cars (by size),Average car,Diesel,Managed assets- vehicles Managed cars (by size) Average car Diesel,km,kg CO2e,0.17304,01/01/2025,31/12/2025,UK DESNZ activity-based conversion factors 2025
2025,31_308_3070_4_1,Activity,Scope 3,Managed assets- vehicles,Managed cars (by size),Average car,Petrol,Managed assets- vehicles Managed cars (by size) Average car Petrol,km,kg CO2e,0.16272,01/01/2025,31/12/2025,UK DESNZ activity-based conversion factors 2025
2025,31_308_3071_4_1,Activity,Scope 3,Managed assets- vehicles,Managed cars (by size),Average car,Hybrid,Managed assets- vehicles Managed cars (by size) Average car Hybrid,km,kg CO2e,0.12825,01/01/2025,31/12/2025,UK DESNZ activity-based conversion factors 2025
2025,31_308_3072_4_1,Activity,Scope 3,Managed assets- vehicles,Managed cars (by size),Average car,CNG,Managed assets- vehicles Managed cars (by size) Average car CNG,km,kg CO2e,0.17414,01/01/2025,31/12/2025,UK DESNZ activity-based conversion factors 2025
2025,31_308_3073_4_1,Activity,Scope 3,Managed assets- vehicles,Managed cars (by size),Average car,LPG,Managed assets- vehicles Managed cars (by size) Average car LPG,km,kg CO2e,0.19599,01/01/2025,31/12/2025,UK DESNZ activity-based conversion factors 2025
2025,31_308_3074_4_1,Activity,Scope 3,Managed assets- vehicles,Managed cars (by size),Average car,Unknown,Managed assets- vehicles Managed cars (by size) Average car Unknown,km,kg CO2e,0.16725,01/01/2025,31/12/2025,UK DESNZ activity-based conversion factors 2025
2025,31_308_3075_4_1,Activity,Scope 3,Managed assets- vehicles,Managed cars (by size),Average car,Plug-in Hybrid Electric Vehicle,Managed assets- vehicles Managed cars (by size) Average car Plug-in Hybrid Electric Vehicle,km,kg CO2e,0.10461,01/01/2025,31/12/2025,UK DESNZ activity-based conversion factors 2025
2025,31_308_3076_4_1,Activity,Scope 3,Managed assets- vehicles,Managed cars (by size),Average car,Battery Electric Vehicle,Managed assets- vehicles Managed cars (by size) Average car Battery Electric Vehicle,km,kg CO2e,0.04047,01/01/2025,31/12/2025,UK DESNZ activity-based conversion factors 2025
2025,31_308_3069_9_1,Activity,Scope 3,Managed assets- vehicles,Managed cars (by size),Average car,Diesel,Managed assets- vehicles Managed cars (by size) Average car Diesel,miles,kg CO2e,0.27849,01/01/2025,31/12/2025,UK DESNZ activity-based conversion factors 2025
2025,31_308_3070_9_1,Activity,Scope 3,Managed assets- vehicles,Managed cars (by size),Average car,Petrol,Managed assets- vehicles Managed cars (by size) Average car Petrol,miles,kg CO2e,0.26187,01/01/2025,31/12/2025,UK DESNZ activity-based conversion factors 2025
2025,31_308_3071_9_1,Activity,Scope 3,Managed assets- vehicles,Managed cars (by size),Average car,Hybrid,Managed assets- vehicles Managed cars (by size) Average car Hybrid,miles,kg CO2e,0.20639,01/01/2025,31/12/2025,UK DESNZ activity-based conversion factors 2025
2025,31_308_3072_9_1,Activity,Scope 3,Managed assets- vehicles,Managed cars (by size),Average car,CNG,Managed assets- vehicles Managed cars (by size) Average car CNG,miles,kg CO2e,0.28025,01/01/2025,31/12/2025,UK DESNZ activity-based conversion factors 2025
2025,31_308_3073_9_1,Activity,Scope 3,Managed assets- vehicles,Managed cars (by size),Average car,LPG,Managed assets- vehicles Managed cars (by size) Average car LPG,miles,kg CO2e,0.31541,01/01/2025,31/12/2025,UK DESNZ activity-based conversion factors 2025
2025,31_308_3074_9_1,Activity,Scope 3,Managed assets- vehicles,Managed cars (by size),Average car,Unknown,Managed assets- vehicles Managed cars (by size) Average car Unknown,miles,kg CO2e,0.26915,01/01/2025,31/12/2025,UK DESNZ activity-based conversion factors 2025
2025,31_308_3075_9_1,Activity,Scope 3,Managed assets- vehicles,Managed cars (by size),Average car,Plug-in Hybrid Electric Vehicle,Managed assets- vehicles Managed cars (by size) Average car Plug-in Hybrid Electric Vehicle,miles,kg CO2e,0.16834,01/01/2025,31/12/2025,UK DESNZ activity-based conversion factors 2025
2025,31_308_3076_9_1,Activity,Scope 3,Managed assets- vehicles,Managed cars (by size),Average car,Battery Electric Vehicle,Managed assets- vehicles Managed cars (by size) Average car Battery Electric Vehicle,miles,kg CO2e,0.06512,01/01/2025,31/12/2025,UK DESNZ activity-based conversion factors 2025
2025,31_310_3081_4_1,Activity,Scope 3,Managed assets- vehicles,Managed vans,Class I (up to 1.305 tonnes),Diesel,Managed assets- vehicles Managed vans Class I (up to 1.305 tonnes) Diesel,km,kg CO2e,0.15738,01/01/2025,31/12/2025,UK DESNZ activity-based conversion factors 2025
2025,31_310_3082_4_1,Activity,Scope 3,Managed assets- vehicles,Managed vans,Class I (up to 1.305 tonnes),Petrol,Managed assets- vehicles Managed vans Class I (up to 1.305 tonnes) Petrol,km,kg CO2e,0.20188,01/01/2025,31/12/2025,UK DESNZ activity-based conversion factors 2025
2025,31_310_3087_4_1,Activity,Scope 3,Managed assets- vehicles,Managed vans,Class I (up to 1.305 tonnes),Battery Electric Vehicle,Managed assets- vehicles Managed vans Class I (up to 1.305 tonnes) Battery Electric Vehicle,km,kg CO2e,0.03798,01/01/2025,31/12/2025,UK DESNZ activity-based conversion factors 2025
2025,31_310_3088_4_1,Activity,Scope 3,Managed assets- vehicles,Managed vans,Class II (1.305 to 1.74 tonnes),Diesel,Managed assets- vehicles Managed vans Class II (1.305 to 1.74 tonnes) Diesel,km,kg CO2e,0.1926,01/01/2025,31/12/2025,UK DESNZ activity-based conversion factors 2025
2025,31_310_3089_4_1,Activity,Scope 3,Managed assets- vehicles,Managed vans,Class II (1.305 to 1.74 tonnes),Petrol,Managed assets- vehicles Managed vans Class II (1.305 to 1.74 tonnes) Petrol,km,kg CO2e,0.20874,01/01/2025,31/12/2025,UK DESNZ activity-based conversion factors 2025
2025,31_310_3094_4_1,Activity,Scope 3,Managed assets- vehicles,Managed vans,Class II (1.305 to 1.74 tonnes),Battery Electric Vehicle,Managed assets- vehicles Managed vans Class II (1.305 to 1.74 tonnes) Battery Electric Vehicle,km,kg CO2e,0.05777,01/01/2025,31/12/2025,UK DESNZ activity-based conversion factors 2025
2025,31_310_3095_4_1,Activity,Scope 3,Managed assets- vehicles,Managed vans,Class III (1.74 to 3.5 tonnes),Diesel,Managed assets- vehicles Managed vans Class III (1.74 to 3.5 tonnes) Diesel,km,kg CO2e,0.27878,01/01/2025,31/12/2025,UK DESNZ activity-based conversion factors 2025
2025,31_310_3096_4_1,Activity,Scope 3,Managed assets- vehicles,Managed vans,Class III (1.74 to 3.5 tonnes),Petrol,Managed assets- vehicles Managed vans Class III (1.74 to 3.5 tonnes) Petrol,km,kg CO2e,0.33845,01/01/2025,31/12/2025,UK DESNZ activity-based conversion factors 2025
2025,31_310_3100_4_1,Activity,Scope 3,Managed assets- vehicles,Managed vans,Class III (1.74 to 3.5 tonnes),Plug-in Hybrid Electric Vehicle,Managed assets- vehicles Managed vans Class III (1.74 to 3.5 tonnes) Plug-in Hybrid Electric Vehicle,km,kg CO2e,0.14592,01/01/2025,31/12/2025,UK DESNZ activity-based conversion factors 2025
2025,31_310_3101_4_1,Activity,Scope 3,Managed assets- vehicles,Managed vans,Class III (1.74 to 3.5 tonnes),Battery Electric Vehicle,Managed assets- vehicles Managed vans Class III (1.74 to 3.5 tonnes) Battery Electric Vehicle,km,kg CO2e,0.07609,01/01/2025,31/12/2025,UK DESNZ activity-based conversion factors 2025
2025,31_310_3102_4_1,Activity,Scope 3,Managed assets- vehicles,Managed vans,Average (up to 3.5 tonnes),Diesel,Managed assets- vehicles Managed vans Average (up to 3.5 tonnes) Diesel,km,kg CO2e,0.25561,01/01/2025,31/12/2025,UK DESNZ activity-based conversion factors 2025
2025,31_310_3103_4_1,Activity,Scope 3,Managed assets- vehicles,Managed vans,Average (up to 3.5 tonnes),Petrol,Managed assets- vehicles Managed vans Average (up to 3.5 tonnes) Petrol,km,kg CO2e,0.21335,01/01/2025,31/12/2025,UK DESNZ activity-based conversion factors 2025
2025,31_310_3104_4_1,Activity,Scope 3,Managed assets- vehicles,Managed vans,Average (up to 3.5 tonnes),CNG,Managed assets- vehicles Managed vans Average (up to 3.5 tonnes) CNG,km,kg CO2e,0.25113,01/01/2025,31/12/2025,UK DESNZ activity-based conversion factors 2025
2025,31_310_3105_4_1,Activity,Scope 3,Managed assets- vehicles,Managed vans,Average (up to 3.5 tonnes),LPG,Managed assets- vehicles Managed vans Average (up to 3.5 tonnes) LPG,km,kg CO2e,0.2761,01/01/2025,31/12/2025,UK DESNZ activity-based conversion factors 2025
2025,31_310_3106_4_1,Activity,Scope 3,Managed assets- vehicles,Managed vans,Average (up to 3.5 tonnes),Unknown,Managed assets- vehicles Managed vans Average (up to 3.5 tonnes) Unknown,km,kg CO2e,0.2543,01/01/2025,31/12/2025,UK DESNZ activity-based conversion factors 2025
2025,31_310_3107_4_1,Activity,Scope 3,Managed assets- vehicles,Managed vans,Average (up to 3.5 tonnes),Plug-in Hybrid Electric Vehicle,Managed assets- vehicles Managed vans Average (up to 3.5 tonnes) Plug-in Hybrid Electric Vehicle,km,kg CO2e,0.14592,01/01/2025,31/12/2025,UK DESNZ activity-based conversion factors 2025
2025,31_310_3108_4_1,Activity,Scope 3,Managed assets- vehicles,Managed vans,Average (up to 3.5 tonnes),Battery Electric Vehicle,Managed assets- vehicles Managed vans Average (up to 3.5 tonnes) Battery Electric Vehicle,km,kg CO2e,0.06976,01/01/2025,31/12/2025,UK DESNZ activity-based conversion factors 2025
2025,31_311_3109_4_1,Activity,Scope 3,Managed assets- vehicles,Managed HGV (all diesel),Rigid (>3.5 - 7.5 tonnes),0% Laden,Managed assets- vehicles Managed HGV (all diesel) Rigid (>3.5 - 7.5 tonnes) 0% Laden,km,kg CO2e,0.46138,01/01/2025,31/12/2025,UK DESNZ activity-based conversion factors 2025
2025,31_311_3110_4_1,Activity,Scope 3,Managed assets- vehicles,Managed HGV (all diesel),Rigid (>3.5 - 7.5 tonnes),50% Laden,Managed assets- vehicles Managed HGV (all diesel) Rigid (>3.5 - 7.5 tonnes) 50% Laden,km,kg CO2e,0.50103,01/01/2025,31/12/2025,UK DESNZ activity-based conversion factors 2025
2025,31_311_3111_4_1,Activity,Scope 3,Managed assets- vehicles,Managed HGV (all diesel),Rigid (>3.5 - 7.5 tonnes),100% Laden,Managed assets- vehicles Managed HGV (all diesel) Rigid (>3.5 - 7.5 tonnes) 100% Laden,km,kg CO2e,0.54068,01/01/2025,31/12/2025,UK DESNZ activity-based conversion factors 2025
2025,31_311_3112_4_1,Activity,Scope 3,Managed assets- vehicles,Managed HGV (all diesel),Rigid (>3.5 - 7.5 tonnes),Average laden,Managed assets- vehicles Managed HGV (all diesel) Rigid (>3.5 - 7.5 tonnes) Average laden,km,kg CO2e,0.49548,01/01/2025,31/12/2025,UK DESNZ activity-based conversion factors 2025
2025,31_311_3113_4_1,Activity,Scope 3,Managed assets- vehicles,Managed HGV (all diesel),Rigid (>7.5 tonnes-17 tonnes),0% Laden,Managed assets- vehicles Managed HGV (all diesel) Rigid (>7.5 tonnes-17 tonnes) 0% Laden,km,kg CO2e,0.55061,01/01/2025,31/12/2025,UK DESNZ activity-based conversion factors 2025
2025,31_311_3114_4_1,Activity,Scope 3,Managed assets- vehicles,Managed HGV (all diesel),Rigid (>7.5 tonnes-17 tonnes),50% Laden,Managed assets- vehicles Managed HGV (all diesel) Rigid (>7.5 tonnes-17 tonnes) 50% Laden,km,kg CO2e,0.62832,01/01/2025,31/12/2025,UK DESNZ activity-based conversion factors 2025
2025,31_311_3115_4_1,Activity,Scope 3,Managed assets- vehicles,Managed HGV (all diesel),Rigid (>7.5 tonnes-17 tonnes),100% Laden,Managed assets- vehicles Managed HGV (all diesel) Rigid (>7.5 tonnes-17 tonnes) 100% Laden,km,kg CO2e,0.70603,01/01/2025,31/12/2025,UK DESNZ activity-based conversion factors 2025
2025,31_311_3116_4_1,Activity,Scope 3,Managed assets- vehicles,Managed HGV (all diesel),Rigid (>7.5 tonnes-17 tonnes),Average laden,Managed assets- vehicles Managed HGV (all diesel) Rigid (>7.5 tonnes-17 tonnes) Average laden,km,kg CO2e,0.60501,01/01/2025,31/12/2025,UK DESNZ activity-based conversion factors 2025
2025,31_311_3117_4_1,Activity,Scope 3,Managed assets- vehicles,Managed HGV (all diesel),Rigid (>17 tonnes),0% Laden,Managed assets- vehicles Managed HGV (all diesel) Rigid (>17 tonnes) 0% Laden,km,kg CO2e,0.774,01/01/2025,31/12/2025,UK DESNZ activity-based conversion factors 2025
2025,31_311_3118_4_1,Activity,Scope 3,Managed assets- vehicles,Managed HGV (all diesel),Rigid (>17 tonnes),50% Laden,Managed assets- vehicles Managed HGV (all diesel) Rigid (>17 tonnes) 50% Laden,km,kg CO2e,0.94152,01/01/2025,31/12/2025,UK DESNZ activity-based conversion factors 2025
2025,31_311_3119_4_1,Activity,Scope 3,Managed assets- vehicles,Managed HGV (all diesel),Rigid (>17 tonnes),100% Laden,Managed assets- vehicles Managed HGV (all diesel) Rigid (>17 tonnes) 100% Laden,km,kg CO2e,1.10905,01/01/2025,31/12/2025,UK DESNZ activity-based conversion factors 2025
2025,31_311_3120_4_1,Activity,Scope 3,Managed assets- vehicles,Managed HGV (all diesel),Rigid (>17 tonnes),Average laden,Managed assets- vehicles Managed HGV (all diesel) Rigid (>17 tonnes) Average laden,km,kg CO2e,0.99156,01/01/2025,31/12/2025,UK DESNZ activity-based conversion factors 2025
2025,31_311_3121_4_1,Activity,Scope 3,Managed assets- vehicles,Managed HGV (all diesel),All rigids,0% Laden,Managed assets- vehicles Managed HGV (all diesel) All rigids 0% Laden,km,kg CO2e,0.67912,01/01/2025,31/12/2025,UK DESNZ activity-based conversion factors 2025
2025,31_311_3122_4_1,Activity,Scope 3,Managed assets- vehicles,Managed HGV (all diesel),All rigids,50% Laden,Managed assets- vehicles Managed HGV (all diesel) All rigids 50% Laden,km,kg CO2e,0.80803,01/01/2025,31/12/2025,UK DESNZ activity-based conversion factors 2025
2025,31_311_3123_4_1,Activity,Scope 3,Managed assets- vehicles,Managed HGV (all diesel),All rigids,100% Laden,Managed assets- vehicles Managed HGV (all diesel) All rigids 100% Laden,km,kg CO2e,0.93695,01/01/2025,31/12/2025,UK DESNZ activity-based conversion factors 2025
2025,31_311_3124_4_1,Activity,Scope 3,Managed assets- vehicles,Managed HGV (all diesel),All rigids,Average laden,Managed assets- vehicles Managed HGV (all diesel) All rigids Average laden,km,kg CO2e,0.83751,01/01/2025,31/12/2025,UK DESNZ activity-based conversion factors 2025
2025,31_311_3125_4_1,Activity,Scope 3,Managed assets- vehicles,Managed HGV (all diesel),Articulated (>3.5 - 33t),0% Laden,Managed assets- vehicles Managed HGV (all diesel) Articulated (>3.5 - 33t) 0% Laden,km,kg CO2e,0.62775,01/01/2025,31/12/2025,UK DESNZ activity-based conversion factors 2025
2025,31_311_3126_4_1,Activity,Scope 3,Managed assets- vehicles,Managed HGV (all diesel),Articulated (>3.5 - 33t),50% Laden,Managed assets- vehicles Managed HGV (all diesel) Articulated (>3.5 - 33t) 50% Laden,km,kg CO2e,0.78163,01/01/2025,31/12/2025,UK DESNZ activity-based conversion factors 2025
2025,31_311_3127_4_1,Activity,Scope 3,Managed assets- vehicles,Managed HGV (all diesel),Articulated (>3.5 - 33t),100% Laden,Managed assets- vehicles Managed HGV (all diesel) Articulated (>3.5 - 33t) 100% Laden,km,kg CO2e,0.93552,01/01/2025,31/12/2025,UK DESNZ activity-based conversion factors 2025
2025,31_311_3128_4_1,Activity,Scope 3,Managed assets- vehicles,Managed HGV (all diesel),Articulated (>3.5 - 33t),Average laden,Managed assets- vehicles Managed HGV (all diesel) Articulated (>3.5 - 33t) Average laden,km,kg CO2e,0.78471,01/01/2025,31/12/2025,UK DESNZ activity-based conversion factors 2025
2025,31_311_3129_4_1,Activity,Scope 3,Managed assets- vehicles,Managed HGV (all diesel),Articulated (>33t),0% Laden,Managed assets- vehicles Managed HGV (all diesel) Articulated (>33t) 0% Laden,km,kg CO2e,0.64734,01/01/2025,31/12/2025,UK DESNZ activity-based conversion factors 2025
2025,31_311_3130_4_1,Activity,Scope 3,Managed assets- vehicles,Managed HGV (all diesel),Articulated (>33t),50% Laden,Managed assets- vehicles Managed HGV (all diesel) Articulated (>33t) 50% Laden,km,kg CO2e,0.85827,01/01/2025,31/12/2025,UK DESNZ activity-based conversion factors 2025
2025,31_311_3131_4_1,Activity,Scope 3,Managed assets- vehicles,Managed HGV (all diesel),Articulated (>33t),100% Laden,Managed assets- vehicles Managed HGV (all diesel) Articulated (>33t) 100% Laden,km,kg CO2e,1.06921,01/01/2025,31/12/2025,UK DESNZ activity-based conversion factors 2025
2025,31_311_3132_4_1,Activity,Scope 3,Managed assets- vehicles,Managed HGV (all diesel),Articulated (>33t),Average laden,Managed assets- vehicles Managed HGV (all diesel) Articulated (>33t) Average laden,km,kg CO2e,0.93421,01/01/2025,31/12/2025,UK DESNZ activity-based conversion factors 2025
2025,31_311_3133_4_1,Activity,Scope 3,Managed assets- vehicles,Managed HGV (all diesel),All artics,0% Laden,Managed assets- vehicles Managed HGV (all diesel) All artics 0% Laden,km,kg CO2e,0.64659,01/01/2025,31/12/2025,UK DESNZ activity-based conversion factors 2025
2025,31_311_3134_4_1,Activity,Scope 3,Managed assets- vehicles,Managed HGV (all diesel),All artics,50% Laden,Managed assets- vehicles Managed HGV (all diesel) All artics 50% Laden,km,kg CO2e,0.85536,01/01/2025,31/12/2025,UK DESNZ activity-based conversion factors 2025
2025,31_311_3135_4_1,Activity,Scope 3,Managed assets- vehicles,Managed HGV (all diesel),All artics,100% Laden,Managed assets- vehicles Managed HGV (all diesel) All artics 100% Laden,km,kg CO2e,1.06414,01/01/2025,31/12/2025,UK DESNZ activity-based conversion factors 2025
2025,31_311_3136_4_1,Activity,Scope 3,Managed assets- vehicles,Managed HGV (all diesel),All artics,Average laden,Managed assets- vehicles Managed HGV (all diesel) All artics Average laden,km,kg CO2e,0.92854,01/01/2025,31/12/2025,UK DESNZ activity-based conversion factors 2025
2025,31_311_3137_4_1,Activity,Scope 3,Managed assets- vehicles,Managed HGV (all diesel),All HGVs,0% Laden,Managed assets- vehicles Managed HGV (all diesel) All HGVs 0% Laden,km,kg CO2e,0.65975,01/01/2025,31/12/2025,UK DESNZ activity-based conversion factors 2025
2025,31_311_3138_4_1,Activity,Scope 3,Managed assets- vehicles,Managed HGV (all diesel),All HGVs,50% Laden,Managed assets- vehicles Managed HGV (all diesel) All HGVs 50% Laden,km,kg CO2e,0.83589,01/01/2025,31/12/2025,UK DESNZ activity-based conversion factors 2025
2025,31_311_3139_4_1,Activity,Scope 3,Managed assets- vehicles,Managed HGV (all diesel),All HGVs,100% Laden,Managed assets- vehicles Managed HGV (all diesel) All HGVs 100% Laden,km,kg CO2e,1.01203,01/01/2025,31/12/2025,UK DESNZ activity-based conversion factors 2025
2025,31_311_3140_4_1,Activity,Scope 3,Managed assets- vehicles,Managed HGV (all diesel),All HGVs,Average laden,Managed assets- vehicles Managed HGV (all diesel) All HGVs Average laden,km,kg CO2e,0.89121,01/01/2025,31/12/2025,UK DESNZ activity-based conversion factors 2025
2025,31_312_3109_4_1,Activity,Scope 3,Managed assets- vehicles,Managed HGV refrigerated (all diesel),Rigid (>3.5 - 7.5 tonnes),0% Laden,Managed assets- vehicles Managed HGV refrigerated (all diesel) Rigid (>3.5 - 7.5 tonnes) 0% Laden,km,kg CO2e,0.54937,01/01/2025,31/12/2025,UK DESNZ activity-based conversion factors 2025
2025,31_312_3110_4_1,Activity,Scope 3,Managed assets- vehicles,Managed HGV refrigerated (all diesel),Rigid (>3.5 - 7.5 tonnes),50% Laden,Managed assets- vehicles Managed HGV refrigerated (all diesel) Rigid (>3.5 - 7.5 tonnes) 50% Laden,km,kg CO2e,0.59667,01/01/2025,31/12/2025,UK DESNZ activity-based conversion factors 2025
2025,31_312_3111_4_1,Activity,Scope 3,Managed assets- vehicles,Managed HGV refrigerated (all diesel),Rigid (>3.5 - 7.5 tonnes),100% Laden,Managed assets- vehicles Managed HGV refrigerated (all diesel) Rigid (>3.5 - 7.5 tonnes) 100% Laden,km,kg CO2e,0.64397,01/01/2025,31/12/2025,UK DESNZ activity-based conversion factors 2025
2025,31_312_3112_4_1,Activity,Scope 3,Managed assets- vehicles,Managed HGV refrigerated (all diesel),Rigid (>3.5 - 7.5 tonnes),Average laden,Managed assets- vehicles Managed HGV refrigerated (all diesel) Rigid (>3.5 - 7.5 tonnes) Average laden,km,kg CO2e,0.59005,01/01/2025,31/12/2025,UK DESNZ activity-based conversion factors 2025
2025,31_312_3113_4_1,Activity,Scope 3,Managed assets- vehicles,Managed HGV refrigerated (all diesel),Rigid (>7.5 tonnes-17 tonnes),0% Laden,Managed assets- vehicles Managed HGV refrigerated (all diesel) Rigid (>7.5 tonnes-17 tonnes) 0% Laden,km,kg CO2e,0.65559,01/01/2025,31/12/2025,UK DESNZ activity-based conversion factors 2025
2025,31_312_3114_4_1,Activity,Scope 3,Managed assets- vehicles,Managed HGV refrigerated (all diesel),Rigid (>7.5 tonnes-17 tonnes),50% Laden,Managed assets- vehicles Managed HGV refrigerated (all diesel) Rigid (>7.5 tonnes-17 tonnes) 50% Laden,km,kg CO2e,0.7483,01/01/2025,31/12/2025,UK DESNZ activity-based conversion factors 2025
2025,31_312_3115_4_1,Activity,Scope 3,Managed assets- vehicles,Managed HGV refrigerated (all diesel),Rigid (>7.5 tonnes-17 tonnes),100% Laden,Managed assets- vehicles Managed HGV refrigerated (all diesel) Rigid (>7.5 tonnes-17 tonnes) 100% Laden,km,kg CO2e,0.84101,01/01/2025,31/12/2025,UK DESNZ activity-based conversion factors 2025
2025,31_312_3116_4_1,Activity,Scope 3,Managed assets- vehicles,Managed HGV refrigerated (all diesel),Rigid (>7.5 tonnes-17 tonnes),Average laden,Managed assets- vehicles Managed HGV refrigerated (all diesel) Rigid (>7.5 tonnes-17 tonnes) Average laden,km,kg CO2e,0.72049,01/01/2025,31/12/2025,UK DESNZ activity-based conversion factors 2025
2025,31_312_3117_4_1,Activity,Scope 3,Managed assets- vehicles,Managed HGV refrigerated (all diesel),Rigid (>17 tonnes),0% Laden,Managed assets- vehicles Managed HGV refrigerated (all diesel) Rigid (>17 tonnes) 0% Laden,km,kg CO2e,0.92128,01/01/2025,31/12/2025,UK DESNZ activity-based conversion factors 2025
2025,31_312_3118_4_1,Activity,Scope 3,Managed assets- vehicles,Managed HGV refrigerated (all diesel),Rigid (>17 tonnes),50% Laden,Managed assets- vehicles Managed HGV refrigerated (all diesel) Rigid (>17 tonnes) 50% Laden,km,kg CO2e,1.12114,01/01/2025,31/12/2025,UK DESNZ activity-based conversion factors 2025
2025,31_312_3119_4_1,Activity,Scope 3,Managed assets- vehicles,Managed HGV refrigerated (all diesel),Rigid (>17 tonnes),100% Laden,Managed assets- vehicles Managed HGV refrigerated (all diesel) Rigid (>17 tonnes) 100% Laden,km,kg CO2e,1.321,01/01/2025,31/12/2025,UK DESNZ activity-based conversion factors 2025
2025,31_312_3120_4_1,Activity,Scope 3,Managed assets- vehicles,Managed HGV refrigerated (all diesel),Rigid (>17 tonnes),Average laden,Managed assets- vehicles Managed HGV refrigerated (all diesel) Rigid (>17 tonnes) Average laden,km,kg CO2e,1.18083,01/01/2025,31/12/2025,UK DESNZ activity-based conversion factors 2025
2025,31_312_3121_4_1,Activity,Scope 3,Managed assets- vehicles,Managed HGV refrigerated (all diesel),All rigids,0% Laden,Managed assets- vehicles Managed HGV refrigerated (all diesel) All rigids 0% Laden,km,kg CO2e,0.80843,01/01/2025,31/12/2025,UK DESNZ activity-based conversion factors 2025
2025,31_312_3122_4_1,Activity,Scope 3,Managed assets- vehicles,Managed HGV refrigerated (all diesel),All rigids,50% Laden,Managed assets- vehicles Managed HGV refrigerated (all diesel) All rigids 50% Laden,km,kg CO2e,0.96223,01/01/2025,31/12/2025,UK DESNZ activity-based conversion factors 2025
2025,31_312_3123_4_1,Activity,Scope 3,Managed assets- vehicles,Managed HGV refrigerated (all diesel),All rigids,100% Laden,Managed assets- vehicles Managed HGV refrigerated (all diesel) All rigids 100% Laden,km,kg CO2e,1.11603,01/01/2025,31/12/2025,UK DESNZ activity-based conversion factors 2025
2025,31_312_3124_4_1,Activity,Scope 3,Managed assets- vehicles,Managed HGV refrigerated (all diesel),All rigids,Average laden,Managed assets- vehicles Managed HGV refrigerated (all diesel) All rigids Average laden,km,kg CO2e,0.99739,01/01/2025,31/12/2025,UK DESNZ activity-based conversion factors 2025
2025,31_312_3125_4_1,Activity,Scope 3,Managed assets- vehicles,Managed HGV refrigerated (all diesel),Articulated (>3.5 - 33t),0% Laden,Managed assets- vehicles Managed HGV refrigerated (all diesel) Articulated (>3.5 - 33t) 0% Laden,km,kg CO2e,0.72566,01/01/2025,31/12/2025,UK DESNZ activity-based conversion factors 2025
2025,31_312_3126_4_1,Activity,Scope 3,Managed assets- vehicles,Managed HGV refrigerated (all diesel),Articulated (>3.5 - 33t),50% Laden,Managed assets- vehicles Managed HGV refrigerated (all diesel) Articulated (>3.5 - 33t) 50% Laden,km,kg CO2e,0.90403,01/01/2025,31/12/2025,UK DESNZ activity-based conversion factors 2025
2025,31_312_3127_4_1,Activity,Scope 3,Managed assets- vehicles,Managed HGV refrigerated (all diesel),Articulated (>3.5 - 33t),100% Laden,Managed assets- vehicles Managed HGV refrigerated (all diesel) Articulated (>3.5 - 33t) 100% Laden,km,kg CO2e,1.08239,01/01/2025,31/12/2025,UK DESNZ activity-based conversion factors 2025
2025,31_312_3128_4_1,Activity,Scope 3,Managed assets- vehicles,Managed HGV refrigerated (all diesel),Articulated (>3.5 - 33t),Average laden,Managed assets- vehicles Managed HGV refrigerated (all diesel) Articulated (>3.5 - 33t) Average laden,km,kg CO2e,0.90759,01/01/2025,31/12/2025,UK DESNZ activity-based conversion factors 2025
2025,31_312_3129_4_1,Activity,Scope 3,Managed assets- vehicles,Managed HGV refrigerated (all diesel),Articulated (>33t),0% Laden,Managed assets- vehicles Managed HGV refrigerated (all diesel) Articulated (>33t) 0% Laden,km,kg CO2e,0.748,01/01/2025,31/12/2025,UK DESNZ activity-based conversion factors 2025
2025,31_312_3130_4_1,Activity,Scope 3,Managed assets- vehicles,Managed HGV refrigerated (all diesel),Articulated (>33t),50% Laden,Managed assets- vehicles Managed HGV refrigerated (all diesel) Articulated (>33t) 50% Laden,km,kg CO2e,0.99249,01/01/2025,31/12/2025,UK DESNZ activity-based conversion factors 2025
2025,31_312_3131_4_1,Activity,Scope 3,Managed assets- vehicles,Managed HGV refrigerated (all diesel),Articulated (>33t),100% Laden,Managed assets- vehicles Managed HGV refrigerated (all diesel) Articulated (>33t) 100% Laden,km,kg CO2e,1.23699,01/01/2025,31/12/2025,UK DESNZ activity-based conversion factors 2025
2025,31_312_3132_4_1,Activity,Scope 3,Managed assets- vehicles,Managed HGV refrigerated (all diesel),Articulated (>33t),Average laden,Managed assets- vehicles Managed HGV refrigerated (all diesel) Articulated (>33t) Average laden,km,kg CO2e,1.08051,01/01/2025,31/12/2025,UK DESNZ activity-based conversion factors 2025
2025,31_312_3133_4_1,Activity,Scope 3,Managed assets- vehicles,Managed HGV refrigerated (all diesel),All artics,0% Laden,Managed assets- vehicles Managed HGV refrigerated (all diesel) All artics 0% Laden,km,kg CO2e,0.74715,01/01/2025,31/12/2025,UK DESNZ activity-based conversion factors 2025
2025,31_312_3134_4_1,Activity,Scope 3,Managed assets- vehicles,Managed HGV refrigerated (all diesel),All artics,50% Laden,Managed assets- vehicles Managed HGV refrigerated (all diesel) All artics 50% Laden,km,kg CO2e,0.98913,01/01/2025,31/12/2025,UK DESNZ activity-based conversion factors 2025
2025,31_312_3135_4_1,Activity,Scope 3,Managed assets- vehicles,Managed HGV refrigerated (all diesel),All artics,100% Laden,Managed assets- vehicles Managed HGV refrigerated (all diesel) All artics 100% Laden,km,kg CO2e,1.23112,01/01/2025,31/12/2025,UK DESNZ activity-based conversion factors 2025
2025,31_312_3136_4_1,Activity,Scope 3,Managed assets- vehicles,Managed HGV refrigerated (all diesel),All artics,Average laden,Managed assets- vehicles Managed HGV refrigerated (all diesel) All artics Average laden,km,kg CO2e,1.07395,01/01/2025,31/12/2025,UK DESNZ activity-based conversion factors 2025
2025,31_312_3137_4_1,Activity,Scope 3,Managed assets- vehicles,Managed HGV refrigerated (all diesel),All HGVs,0% Laden,Managed assets- vehicles Managed HGV refrigerated (all diesel) All HGVs 0% Laden,km,kg CO2e,0.77175,01/01/2025,31/12/2025,UK DESNZ activity-based conversion factors 2025
2025,31_312_3138_4_1,Activity,Scope 3,Managed assets- vehicles,Managed HGV refrigerated (all diesel),All HGVs,50% Laden,Managed assets- vehicles Managed HGV refrigerated (all diesel) All HGVs 50% Laden,km,kg CO2e,0.97835,01/01/2025,31/12/2025,UK DESNZ activity-based conversion factors 2025
2025,31_312_3139_4_1,Activity,Scope 3,Managed assets- vehicles,Managed HGV refrigerated (all diesel),All HGVs,100% Laden,Managed assets- vehicles Managed HGV refrigerated (all diesel) All HGVs 100% Laden,km,kg CO2e,1.18495,01/01/2025,31/12/2025,UK DESNZ activity-based conversion factors 2025
2025,31_312_3140_4_1,Activity,Scope 3,Managed assets- vehicles,Managed HGV refrigerated (all diesel),All HGVs,Average laden,Managed assets- vehicles Managed HGV refrigerated (all diesel) All HGVs Average laden,km,kg CO2e,1.04323,01/01/2025,31/12/2025,UK DESNZ activity-based conversion factors 2025
2025,31_309_3077_4_1,Activity,Scope 3,Managed assets- vehicles,Managed motorbikes,Small,,Managed assets- vehicles Managed motorbikes Small ,km,kg CO2e,0.08319,01/01/2025,31/12/2025,UK DESNZ activity-based conversion factors 2025
2025,31_309_3077_9_1,Activity,Scope 3,Managed assets- vehicles,Managed motorbikes,Small,,Managed assets- vehicles Managed motorbikes Small ,miles,kg CO2e,0.13389,01/01/2025,31/12/2025,UK DESNZ activity-based conversion factors 2025
2025,31_309_3078_4_1,Activity,Scope 3,Managed assets- vehicles,Managed motorbikes,Medium,,Managed assets- vehicles Managed motorbikes Medium ,km,kg CO2e,0.10108,01/01/2025,31/12/2025,UK DESNZ activity-based conversion factors 2025
2025,31_309_3078_9_1,Activity,Scope 3,Managed assets- vehicles,Managed motorbikes,Medium,,Managed assets- vehicles Managed motorbikes Medium ,miles,kg CO2e,0.16266,01/01/2025,31/12/2025,UK DESNZ activity-based conversion factors 2025
2025,31_309_3079_4_1,Activity,Scope 3,Managed assets- vehicles,Managed motorbikes,Large,,Managed assets- vehicles Managed motorbikes Large ,km,kg CO2e,0.13252,01/01/2025,31/12/2025,UK DESNZ activity-based conversion factors 2025
2025,31_309_3079_9_1,Activity,Scope 3,Managed assets- vehicles,Managed motorbikes,Large,,Managed assets- vehicles Managed motorbikes Large ,miles,kg CO2e,0.21326,01/01/2025,31/12/2025,UK DESNZ activity-based conversion factors 2025
2025,31_309_3080_4_1,Activity,Scope 3,Managed assets- vehicles,Managed motorbikes,Average,,Managed assets- vehicles Managed motorbikes Average ,km,kg CO2e,0.11367,01/01/2025,31/12/2025,UK DESNZ activity-based conversion factors 2025
2025,31_309_3080_9_1,Activity,Scope 3,Managed assets- vehicles,Managed motorbikes,Average,,Managed assets- vehicles Managed motorbikes Average ,miles,kg CO2e,0.18294,01/01/2025,31/12/2025,UK DESNZ activity-based conversion factors 2025
2025,32_601_9999_12_1,Activity,Scope 3,Homeworking,Office Equipment,,,Homeworking Office Equipment  ,per FTE Working Hour,kg CO2e,0.03144,01/01/2025,31/12/2025,UK DESNZ activity-based conversion factors 2025
2025,32_602_9999_12_1,Activity,Scope 3,Homeworking,Heating,,,Homeworking Heating  ,per FTE Working Hour,kg CO2e,0.30234,01/01/2025,31/12/2025,UK DESNZ activity-based conversion factors 2025
2025,32_603_9999_12_1,Activity,Scope 3,Homeworking,Homeworking (office equipment + heating),,,Homeworking Homeworking (office equipment + heating)  ,per FTE Working Hour,kg CO2e,0.33378,01/01/2025,31/12/2025,UK DESNZ activity-based conversion factors 2025
